O^z,error,N,total_data
-0.32416085002100065,0.013438495038715012,1.0,16.0
