O^z,error,N,total_data
-0.24762181568974154,0.011289629102247891,1.0,24.0
