O^z,error,N,total_data
-0.20883326135670627,0.00901811948457913,1.0,32.0
