ZL,error,N
0.14827732518288184,0.01196922974102946,1000.0
