O^z,error,N,total_data
-0.035792937905863874,0.00025638029845592865,3000.0,96000.0
