Dimerization,ZL,error
0.0,0.04475660094636054,0.004261768277033656
0.8,0.3587709422476662,0.008815096442033635
0.9,0.5505551863978032,0.006821609221459191
