O^z,error,N,total_data
1.012483336776515e-08,2.880919033040458e-08,1000.0,32000.0
