O^z,error,N,total_data
-0.27285686328873315,0.0005914785111025621,1000.0,16000.0
