O^z,error,N,total_data
-0.20647963132709898,0.0003957877691873932,1000.0,24000.0
