O^z,error,N,total_data
-0.41602389511084537,0.002927029643760287,1000.0,1000.0
