ZL,error,N
-0.03884184383418914,0.004037265314162841,1000.0
