ZL,error,N
-0.0866232936924465,0.004214089155603056,1000.0
