ZL,error,N
-0.11525688770017015,0.004206517708686471,1000.0
