ZL,error,N
0.04358068317870038,0.0034569113021650113,1000.0
