ZL,error,N
-0.014569979992484943,0.003277797138652665,1000.0
