ZL,error,N
-0.06995972401611705,0.0035938724278805176,1000.0
