ZL,error,N
-0.057144988026679236,0.003370801488773639,1000.0
