ZL,error,N
-0.06213216813181787,0.003869968258247069,1000.0
