ZL,error,N
0.7911421598585955,0.006857777410779915,250.0
