ZL,error,N
0.7163491899025849,0.0052022783393230534,250.0
