ZL,error,N
0.836084813992686,0.004139518458456176,1000.0
