ZL,error,N
0.5181804276870934,0.007854381339072715,250.0
