O^z,error,N,total_data
-0.014916116003981104,0.00048494378787496763,500.0,16000.0
