ZL,error,N
-0.006250364933743239,0.0037077433688029147,1000.0
