ZL,error,N
0.031527296887777154,0.004469804008199087,1000.0
