ZL,error,N
0.0658874637702895,0.00514342900985606,1000.0
