ZL,error,N
-0.02281980548787036,0.0026446170624186633,1000.0
