O^z,error,N,total_data
-0.4192961217601171,0.002908073899991262,1000.0,1000.0
