O^z,error,N,total_data
-0.2181853551174984,0.0004329952506103395,1000.0,24000.0
