ZL,error,N
-0.013558601970124902,0.0033499065696804796,1000.0
