ZL,error,N
0.10530148188762783,0.004108050424565904,1000.0
