ZL,error,N
-0.10491838499208578,0.0012220201224443482,1000.0
