ZL,error,N
-0.00417383147147836,0.004279732367936511,1000.0
