O^z,error,N,total_data
-4.702942189990323e-13,3.3700642275964306e-13,1000.0,32000.0
