ZL,error,N
0.24692945978685346,0.003381575568855028,1000.0
