ZL,error,N
0.24933836108868995,0.005282371816050854,500.0
