ZL,error,N
0.23881957052323194,0.0028274438399968392,1000.0
