ZL,error,N
0.22712587012237054,0.001966692776688266,1000.0
