O^z,error,N,total_data
-0.28986473967699244,0.004060816157768798,1000.0,1000.0
