O^z,error,N,total_data
-0.1554793963875808,0.0008392532307348853,1000.0,16000.0
