O^z,error,N,total_data
-0.06790272497502137,0.0004370458039583033,1000.0,32000.0
