O^z,error,N,total_data
-0.09924959056368199,0.000579611564061123,1000.0,24000.0
