ZL,error,N
0.45113228663921434,0.009123166061123615,1000.0
