O^z,error,N,total_data
0.08669846314475282,0.0016378577188813873,100.0,3200.0
