O^z,error,N,total_data
0.18467497466443422,0.0033653745122909063,1000.0,1000.0
