O^z,error,N,total_data
0.13149097577557925,0.0008010389455740887,1000.0,16000.0
