O^z,error,N,total_data
0.10374343070661596,0.0006261327177434432,1000.0,24000.0
