O^z,error,N,total_data
0.08289717748832115,0.000512100975717782,1000.0,32000.0
