O^z,error,N,total_data
2.212972246188609e-06,1.5212141996084232e-06,499.0,31936.0
