O^z,error,N,total_data
0.002296524469145347,0.00041734892333778443,1000.0,1000.0
