O^z,error,N,total_data
1.2665195789480212e-06,7.483980720307523e-07,998.0,31936.0
