O^z,error,N,total_data
-8.861317290390409e-06,9.859492930625395e-06,1000.0,24000.0
