O^z,error,N,total_data
0.00013579842280166942,2.2384307210186e-05,1000.0,16000.0
