O^z,error,N,total_data
4.4692519149763833e-08,3.1562232256852097e-08,498.0,23904.0
