O^z,error,N,total_data
-0.3144930510225274,0.00041717302312075,1000.0,24000.0
