O^z,error,N,total_data
-0.3540228372692535,0.0004630155895441472,1000.0,16000.0
