O^z,error,N,total_data
-0.46468781053947567,0.0017656051872154508,1000.0,1000.0
