ZL,error,N
-0.3165904463073311,0.010234227258481441,1000.0
