ZL,error,N
-0.3273525757191281,0.008616135864952941,1000.0
