ZL,error,N
-0.32846391276174086,0.009646763495127345,1000.0
