ZL,error,N
-0.32194120411307825,0.006841818096251349,1000.0
