ZL,error,N
0.08256553098603743,0.005495265714692389,993.0
