ZL,error,N
0.032334004908588905,0.003960056100294334,999.0
