ZL,error,N
0.0005692647669681169,0.002496672725032069,999.0
