ZL,error,N
0.06085626563624152,0.0047812834419798745,997.0
