O^z,error,N,total_data
-0.22028521599205922,0.0035680063371291253,1.0,32.0
