O^z,error,N,total_data
-0.31976510287386,0.012069029681076888,1.0,16.0
