O^z,error,N,total_data
-0.250176740547836,0.00800814758996453,1.0,24.0
