O^z,error,N,total_data
-0.377036463365763,0.0037955485522311334,1000.0,1000.0
