O^z,error,N,total_data
-0.15671378467414565,0.00043164081024433295,1000.0,32000.0
