O^z,error,N,total_data
-0.24603175853263026,0.0007741018428652887,1000.0,16000.0
