O^z,error,N,total_data
-0.18959689156266377,0.0005461200280654154,1000.0,24000.0
