ZL,error,N
0.4060909065558587,0.010708044178140528,499.0
