O^z,error,N,total_data
0.00031402234289109866,1.5141064864721304e-05,1000.0,32000.0
