O^z,error,N,total_data
-0.02201275671980594,0.0003896378584318796,1000.0,32000.0
