O^z,error,N,total_data
0.09512533635991892,0.000613301795803585,1000.0,24000.0
