O^z,error,N,total_data
0.12359441985312875,0.000803411552369658,1000.0,16000.0
