O^z,error,N,total_data
0.08151758819238021,0.0016604715069280668,100.0,3200.0
