O^z,error,N,total_data
0.1794565274678407,0.0033425915724279304,1000.0,1000.0
