O^z,error,N,total_data
0.07774306395915535,0.0004978503085844216,1000.0,32000.0
