O^z,error,N,total_data
-0.06578119849204789,0.0009319375917334451,1000.0,16000.0
