O^z,error,N,total_data
-0.01918156042221203,0.0003769442514331048,1000.0,32000.0
