O^z,error,N,total_data
-0.034310387142429274,0.0005402260256569353,1000.0,24000.0
