O^z,error,N,total_data
-0.16396699073942542,0.005745974929443812,1000.0,1000.0
