ZL,error,N
-0.32205674632281606,0.03404965859551265,100.0
