ZL,error,N
-0.2949434365782291,0.00940297871155724,1000.0
