ZL,error,N
-0.27049422831347686,0.011038289838327525,1000.0
