ZL,error,N
-0.3065951831308113,0.007126093036729412,1000.0
