ZL,error,N
-0.2885746569819549,0.010422229278966789,1000.0
