O^z,error,N,total_data
-0.01599865203396877,0.0005152902822274886,500.0,16000.0
