O^z,error,N,total_data
0.07228024910781478,0.0006907042557077003,1000.0,16000.0
