O^z,error,N,total_data
0.13169346977393576,0.0032810127927537275,1000.0,1000.0
