O^z,error,N,total_data
0.030431841670544704,0.0003450544187629124,1000.0,32000.0
