O^z,error,N,total_data
0.04556680189069037,0.00047063704555375954,1000.0,24000.0
