ZL,error,N
-0.3149892144005291,0.006855581973871993,1000.0
