ZL,error,N
-0.2986017870618948,0.010097431679292354,1000.0
