ZL,error,N
-0.3159985374284674,0.008691660698862258,1000.0
