ZL,error,N
-0.3084970004367611,0.009686975836824013,1000.0
