O^z,error,N,total_data
-0.1131115673642344,0.0006682524631854222,1000.0,16000.0
