O^z,error,N,total_data
-0.030948032720746393,0.00026172111449517243,1000.0,32000.0
