O^z,error,N,total_data
-0.16447226709807364,0.0008611070219210366,1000.0,12000.0
