O^z,error,N,total_data
-0.02302257374875112,0.00020338362562259143,1000.0,36000.0
