O^z,error,N,total_data
-0.057679092169705466,0.00040897250928733937,1000.0,24000.0
