O^z,error,N,total_data
-0.014186487844161155,0.00014563600032619034,1000.0,44000.0
