O^z,error,N,total_data
-0.2553154704763805,0.00327888034420731,1000.0,1000.0
