O^z,error,N,total_data
-0.0414026553520788,0.00031187525007294437,1000.0,28000.0
