O^z,error,N,total_data
-0.010595235177512307,0.0001155990171890968,1000.0,48000.0
