O^z,error,N,total_data
-0.2553154704763818,0.0032788803442073754,1000.0,1000.0
