O^z,error,N,total_data
-0.016785864009793063,0.00016630833983219428,1000.0,40000.0
