O^z,error,N,total_data
-0.08053627102192012,0.000520793592374796,1000.0,20000.0
