O^z,error,N,total_data
-0.057627005878699684,0.00040959952462944657,1000.0,24000.0
