O^z,error,N,total_data
-0.11310538288744663,0.000668131958421342,1000.0,16000.0
