O^z,error,N,total_data
-0.031396335341879945,0.0003898848949924994,500.0,16000.0
