O^z,error,N,total_data
0.0026212084745066942,8.508593214026712e-05,1000.0,32000.0
