O^z,error,N,total_data
0.07670357380756297,0.000671247296522707,1000.0,16000.0
