O^z,error,N,total_data
0.1436943780650022,0.003027321484953366,1000.0,1000.0
