O^z,error,N,total_data
0.04632074467842009,0.00046350022615001656,1000.0,24000.0
