O^z,error,N,total_data
0.032292988152266396,0.00034621864468263076,1000.0,32000.0
