O^z,error,N,total_data
-0.1738609757374558,0.0004274467771235702,1000.0,44000.0
