O^z,error,N,total_data
-0.389816761513632,0.0028054186426950656,1000.0,1000.0
