O^z,error,N,total_data
-0.24355760255663017,0.0006270345089273269,1000.0,20000.0
