O^z,error,N,total_data
-0.12316089657960289,0.0005820257399863163,200.0,25600.0
