O^z,error,N,total_data
-0.1471671904832526,0.000508641219212867,500.0,32000.0
