O^z,error,N,total_data
-0.16840686064822527,0.00041354879453122376,1000.0,48000.0
