O^z,error,N,total_data
-0.16857586855081952,0.0004269449358649414,938.0,45024.0
