O^z,error,N,total_data
-0.3132174511934191,0.0008025150762470522,1000.0,12000.0
