O^z,error,N,total_data
-0.18908716763355748,0.00046933124705932105,1000.0,36000.0
