O^z,error,N,total_data
-0.1502356904572858,0.0003619584516835623,1000.0,64000.0
