O^z,error,N,total_data
-0.270671999521575,0.0007063939838106112,1000.0,16000.0
