O^z,error,N,total_data
-0.20890739786736376,0.0005310808033685566,1000.0,28000.0
