O^z,error,N,total_data
-0.19603915885749276,0.0005066665296845472,1000.0,32000.0
