O^z,error,N,total_data
-0.17773092319205044,0.00044959679378362897,1000.0,40000.0
