O^z,error,N,total_data
-0.22448390725149983,0.0005735015377990917,1000.0,24000.0
