O^z,error,N,total_data
0.0054845437142573795,0.00013606706523981105,1000.0,32000.0
