ZL,error,N
-0.019325929529438998,0.0026049520604067163,1000.0
