O^z,error,N,total_data
-0.07247602802318041,0.0008936516010614704,1000.0,16000.0
