O^z,error,N,total_data
-0.02211586611265118,0.0001329789694997359,7000.0,224000.0
