O^z,error,N,total_data
-0.03702905269424577,0.0005210673960223299,1000.0,24000.0
