O^z,error,N,total_data
-0.17912808460108298,0.005569780369940078,1000.0,1000.0
