ZL,error,N
0.0064209181914767904,0.0028809819574526787,546.0
