ZL,error,N
0.02229093111777244,0.003411686407488366,862.0
