ZL,error,N
0.012737335828128983,0.0028836083121906854,949.0
