ZL,error,N
0.003963383266854085,0.00217810951699644,980.0
