ZL,error,N
0.023006534232079143,0.004180696482780412,704.0
