O^z,error,N,total_data
-0.015223346374518982,0.004680284862812534,1.0,24.0
