O^z,error,N,total_data
0.0014166221428316516,0.0010303861670051583,1.0,32.0
