O^z,error,N,total_data
-0.08527307679201873,0.0071547302850023175,1.0,16.0
