ZL,error,N
-0.05667901435168585,0.005227636640047484,1000.0
