ZL,error,N
-0.07918232815400086,0.002324278287242596,1000.0
