ZL,error,N
-0.12233122047931123,0.0028815424241030144,1000.0
