ZL,error,N
-0.10288682640697933,0.004074379532169751,1000.0
