O^z,error,N,total_data
-0.025209981941697237,0.0008269877869306645,989.0,15824.0
