O^z,error,N,total_data
-0.010276092551602884,0.0004873708563702155,972.0,23328.0
