O^z,error,N,total_data
-0.004502154265271267,0.00034651986068869376,943.0,30176.0
