O^z,error,N,total_data
-0.08750413601735339,0.005301716329472184,996.0,996.0
