O^z,error,N,total_data
-0.4503272184197011,0.0020730388914824414,1000.0,1000.0
