O^z,error,N,total_data
-0.29084004455602264,0.00041830398856463447,1000.0,24000.0
