O^z,error,N,total_data
-0.330639597286072,0.0005321688653835525,1000.0,16000.0
