O^z,error,N,total_data
-0.010931296605577666,0.0005177488004993518,499.0,15968.0
