ZL,error,N
0.6399162308563786,0.0065767608348313,1000.0
