ZL,error,N
0.7787825170971372,0.01260328910681048,499.0
