ZL,error,N
0.7083821311243083,0.0073337458895465085,1000.0
