ZL,error,N
0.4608643563534008,0.006756480519990684,1000.0
