ZL,error,N
0.7917384960757495,0.014025927473798777,499.0
