ZL,error,N
0.7714470540410406,0.005976631591046342,1000.0
