O^z,error,N,total_data
0.15348132299490838,0.0008142436385293936,1000.0,16000.0
