O^z,error,N,total_data
0.20379875585824997,0.0032634709180061933,1000.0,1000.0
