O^z,error,N,total_data
0.11016497035768513,0.0005632650846958802,1000.0,32000.0
