O^z,error,N,total_data
0.12819539490103468,0.000669184175482522,1000.0,24000.0
