ZL,error,N
0.6134957022273153,0.009240136343194372,1000.0
