Jdis,O^z,error,N
2.0,2.923394299136058e-06,3.062399480264757e-07,10.0
