O^z,error,N,total_data
-0.07196843733920165,0.00495209127541164,995.0,995.0
