O^z,error,N,total_data
-0.018529019447583152,0.0006855149088374868,993.0,15888.0
