O^z,error,N,total_data
-0.003443296090992605,0.00027364781404253685,936.0,29952.0
