O^z,error,N,total_data
-0.007377080336221679,0.00043841428038009927,968.0,23232.0
