O^z,error,N,total_data
-0.02780145031605301,0.0001506613130971609,7000.0,224000.0
