O^z,error,N,total_data
-0.1953123021430327,0.005809661532790387,1000.0,1000.0
