O^z,error,N,total_data
-0.2123664649318805,0.0009170841036318484,1000.0,16000.0
