O^z,error,N,total_data
-0.12427530843209937,0.0004891761086951925,1000.0,32000.0
