O^z,error,N,total_data
-0.3438938927341195,0.00448535405565126,1000.0,1000.0
