O^z,error,N,total_data
-0.15549121760363777,0.0006380121420486438,1000.0,24000.0
