O^z,error,N,total_data
-0.20385170380311204,0.0004839067334205475,1000.0,24000.0
