O^z,error,N,total_data
-0.26299971490540314,0.0006840452101507029,1000.0,16000.0
