O^z,error,N,total_data
-0.39325956284905206,0.0033664515695360645,1000.0,1000.0
