ZL,error,N
0.5368199604593621,3.1364145068274945e-06,996.0
