O^z,error,N,total_data
-0.006315385382471262,0.00043975480425708914,499.0,15968.0
