O^z,error,N,total_data
-0.014841826017051358,0.00040402241884530667,997.0,23928.0
