O^z,error,N,total_data
-0.10596698603461827,0.005478144311320967,1000.0,1000.0
