O^z,error,N,total_data
-0.0071227664103248305,0.00030283728296292927,998.0,31936.0
