O^z,error,N,total_data
-0.031879073927662684,0.00080636682519641,1000.0,16000.0
