Dimerization,O^z
0.1,0.2137227090373761
0.2,0.07908304696227358
0.3,0.011571366740094775
0.4,0.00014672499627862485
0.5,2.2534884251056017e-06
0.6,-2.469961264054654e-07
0.7,-2.646735494133575e-10
0.8,2.7906611850341577e-12
0.9,6.726456897705152e-16
1.0,8.766076953560098e-17
