O^z,error,N,total_data
-0.00523002749412623,0.00034234967976848985,499.0,15968.0
