O^z,error,N,total_data
0.3266034506320311,0.004745407142827091,1.0,32.0
