O^z,error,N,total_data
0.32660345063198115,0.004745407142828041,1.0,32.0
