O^z,error,N,total_data
0.3472279124120058,0.005535562423778745,1.0,16.0
