O^z,error,N,total_data
0.33528658896486396,0.004679659878477038,1.0,24.0
