O^z,error,N,total_data
0.3472279124120368,0.0055355624237794785,1.0,16.0
