O^z,error,N,total_data
-0.16017763832117457,0.0008967265940279867,1000.0,16000.0
