O^z,error,N,total_data
-0.29366316114817687,0.0044106612756050646,1000.0,1000.0
