O^z,error,N,total_data
-0.10521443533565451,0.0006226415293474403,1000.0,24000.0
