O^z,error,N,total_data
-0.07458993357756179,0.0004715158621628261,1000.0,32000.0
