ZL,error,N
0.006289043079586519,0.0035711969127078954,500.0
