O^z,error,N,total_data
-0.06053438470997071,0.0006475672092859776,1000.0,24000.0
