O^z,error,N,total_data
-0.10694647895253875,0.0010404410173092044,1000.0,16000.0
