O^z,error,N,total_data
-0.03882707622562771,0.0001722543572562025,6999.0,223968.0
