O^z,error,N,total_data
-0.21913094247214668,0.005716707013087083,1000.0,1000.0
