O^z,error,N,total_data
0.11747815544446091,0.0007954907306514905,1000.0,16000.0
