O^z,error,N,total_data
0.17611546190122995,0.003354138333135594,1000.0,1000.0
