O^z,error,N,total_data
0.08906347689415783,0.0006082870083093625,1000.0,24000.0
