O^z,error,N,total_data
0.07210641160483441,0.0004974921475146401,1000.0,32000.0
