Dimerization,ZL,error,N
0.0,0.006824590410127646,0.003292373199357806,500.0
0.1,0.0091506295043643,0.003270895504556246,500.0
0.2,0.008036996151753472,0.003368030434984364,500.0
0.3,0.007505260150075535,0.0035565539901928423,500.0
0.4,0.010771262310095044,0.004436539727761493,500.0
0.5,0.02702803401100408,0.005438692455673856,500.0
