O^z,error,N,total_data
-0.08710388083010741,0.005427375040435006,994.0,994.0
