O^z,error,N,total_data
-0.004746423322368369,0.0003568677651990565,930.0,29760.0
