O^z,error,N,total_data
-0.008879934265957524,0.000480739674141049,973.0,23352.0
