O^z,error,N,total_data
-0.023829188141792933,0.0007720380752808241,990.0,15840.0
