ZL,error,N
-0.2718209882347935,0.009629817003502803,1000.0
