ZL,error,N
-0.24350961143869507,0.0102705928291253,1000.0
