ZL,error,N
-0.2782248092921878,0.008917123683018682,1000.0
