ZL,error,N
-0.29561405721944084,0.0070226346904842946,1000.0
