ZL,error,N
0.20406196647613403,0.0200600798255512,250.0
