ZL,error,N
0.30942759738988734,0.019876419552440506,250.0
