ZL,error,N
0.40460017213847227,0.009750347034871402,1000.0
