ZL,error,N
0.01421341686886192,0.018565564721883213,250.0
