ZL,error,N
0.0523561823224858,0.006863594426596429,499.0
