ZL,error,N
-0.01918164528452342,0.00269494093384111,1000.0
