ZL,error,N
-0.014420841210138763,0.00333621360171646,1000.0
