ZL,error,N
0.03243607069251672,0.004612561678543484,1000.0
