ZL,error,N
0.012592170348864642,0.003970998514347448,1000.0
