O^z,error,N,total_data
-0.22168324994195554,0.0005018807029704074,1000.0,24000.0
