O^z,error,N,total_data
-0.2758707417978476,0.0006816444650862021,1000.0,16000.0
