O^z,error,N,total_data
-0.40817513939536937,0.0030808511362496894,1000.0,1000.0
