O^z,error,N,total_data
-0.0259838211743531,0.00037763582593286835,1000.0,32000.0
