O^z,error,N,total_data
0.15069131888471535,0.0008144473400797117,1000.0,16000.0
