O^z,error,N,total_data
0.10727345784852967,0.0005544561467241078,1000.0,32000.0
