O^z,error,N,total_data
0.20163372442638827,0.00327340560513328,1000.0,1000.0
