O^z,error,N,total_data
-8.918730009243192e-10,1.4481930611422979e-09,945.0,15120.0
