O^z,error,N,total_data
-0.19354395599867344,0.0005388449961116929,1000.0,24000.0
