O^z,error,N,total_data
-0.3853200123112997,0.003627597640697384,1000.0,1000.0
