O^z,error,N,total_data
-0.1599895320381838,0.00042708804112203747,1000.0,32000.0
