O^z,error,N,total_data
-0.2501178510289953,0.0007623152086813124,1000.0,16000.0
