ZL,error,N
-0.24936557711902874,0.0074120746258152514,1000.0
