ZL,error,N
-0.18290621562295006,0.0100753126964762,1000.0
