ZL,error,N
-0.143955980748103,0.010702301632288832,1000.0
