ZL,error,N
-0.2091864705040748,0.009474662887464251,1000.0
