O^z,error,N,total_data
-0.25179405860746606,0.00042891744705421864,1000.0,24000.0
