O^z,error,N,total_data
-0.30574365913425167,0.0005728341447222549,1000.0,16000.0
