O^z,error,N,total_data
-0.44075173808332874,0.002379608931614694,1000.0,1000.0
