O^z,error,N,total_data
-0.0004675041784899432,0.00042159442126400704,1.0,16.0
