O^z,error,N,total_data
0.0006906279878156323,0.00043562624785109446,1.0,24.0
