O^z,error,N,total_data
-0.00015101751562757445,0.00045733507785416236,1.0,32.0
