O^z,error,N,total_data
-0.23729505970308992,0.004674972234796567,1000.0,1000.0
