O^z,error,N,total_data
-0.07886767120753664,0.0006483412812494991,1000.0,20000.0
