O^z,error,N,total_data
-0.05997948463638381,0.0005180632498900852,1000.0,24000.0
