O^z,error,N,total_data
-0.15461630647914035,0.0011226279710006678,1000.0,12000.0
