O^z,error,N,total_data
-0.03688681517460133,0.00034990523405951246,1000.0,32000.0
