O^z,error,N,total_data
-0.10966485455914711,0.0008483567818698026,1000.0,16000.0
