O^z,error,N,total_data
0.26568032512065076,0.0024272749613864723,1000.0,1000.0
