O^z,error,N,total_data
0.21728664454976943,0.0005668987128235989,1000.0,32000.0
