O^z,error,N,total_data
0.23738560356657734,0.0007312491194221117,1000.0,16000.0
