O^z,error,N,total_data
0.2221868124724131,0.0006418342098683651,1000.0,24000.0
