Jdis,O^z,error,N
2.0,5.5281098653011e-15,8.230958338725644e-16,10.0
