ZL,error,N
0.008571342165087922,0.002942692364317776,943.0
