ZL,error,N
0.00446701210897221,0.002084697756302941,992.0
