ZL,error,N
0.00989686275947567,0.0031659805376631246,909.0
