ZL,error,N
0.008204101066622895,0.0025627756936748808,988.0
