ZL,error,N
-0.2804363846824546,0.007099256243582672,1000.0
