ZL,error,N
-0.24653072126865577,0.009320921684678608,1000.0
