ZL,error,N
-0.2675850211806081,0.00867490262922951,1000.0
