ZL,error,N
-0.22601021224513548,0.009898731092421566,1000.0
