ZL,error,N
0.021134938662979472,0.002935759874118041,1000.0
