ZL,error,N
-0.0006410107617016949,0.0010625296948978335,6999.0
