O^z,error,N,total_data
-0.0899289530932319,0.0004982530314267189,1000.0,32000.0
