O^z,error,N,total_data
-0.1734367942019135,0.0009645442102058288,1000.0,16000.0
