O^z,error,N,total_data
-0.11951466652759453,0.0006640976523698654,1000.0,24000.0
