O^z,error,N,total_data
-0.30508829524194514,0.004777012988909596,1000.0,1000.0
