O^z,error,N,total_data
-0.12713320513791784,0.0005977387399425997,1000.0,24000.0
