O^z,error,N,total_data
-0.1868587813147481,0.0008044338171765507,1000.0,16000.0
