O^z,error,N,total_data
-0.3211606820146783,0.0035228433866310404,1000.0,1000.0
