O^z,error,N,total_data
-0.10606912481524267,0.0003216166307809561,1000.0,48000.0
