O^z,error,N,total_data
-0.3651992560377537,0.004070660291227347,1000.0,1000.0
