O^z,error,N,total_data
-0.23200045416759768,0.0008252154908076862,1000.0,16000.0
