O^z,error,N,total_data
-0.04642451287306561,0.0003278416883941163,154.0,19664.0
