O^z,error,N,total_data
-0.1400517559129853,0.0004654994915744513,1000.0,32000.0
