O^z,error,N,total_data
-0.17316259451513008,0.0005911167985815403,1000.0,24000.0
