O^z,error,N,total_data
-0.021184765990984986,0.000131314429151908,6999.0,223968.0
