O^z,error,N,total_data
-0.1735498006834785,0.005522727764991157,1000.0,1000.0
