O^z,error,N,total_data
-0.040444097337496515,0.000172113565320649,7000.0,224000.0
