ZL,error,N
-0.28213448521603857,0.008642130749827759,1000.0
