ZL,error,N
-0.2909647702433306,0.006877459272605997,1000.0
