ZL,error,N
-0.2727635444089782,0.009207718236337845,1000.0
