ZL,error,N
-0.2525709476309074,0.009783249211371386,1000.0
