O^z,error,N,total_data
-0.006729176062914302,0.00034399245717753123,969.0,31008.0
