O^z,error,N,total_data
-0.03301459603857,0.0008670484821647376,996.0,15936.0
