O^z,error,N,total_data
-0.013678711194696514,0.0004990409883585392,991.0,23784.0
