O^z,error,N,total_data
-0.09614821544160404,0.00557823259786268,997.0,997.0
