O^z,error,N,total_data
-0.022237489243515957,0.00021004099827610868,3000.0,96000.0
