ZL,error,N
0.8756116211929433,0.0019330310362002418,1000.0
