ZL,error,N
0.5904963342162795,0.0047827044666870055,250.0
