ZL,error,N
0.8386827500188941,0.002077752135511157,250.0
