ZL,error,N
0.7653006223592377,0.004373022090128621,250.0
