O^z,error,N,total_data
-0.43893482673634104,0.0023272143974034775,1000.0,1000.0
