O^z,error,N,total_data
-0.28230955208773206,0.00045696270217155055,1000.0,24000.0
