O^z,error,N,total_data
-0.3205970392712179,0.0005641856162712118,1000.0,16000.0
