O^z,error,N,total_data
-0.03645031426976843,0.0005549240282618649,500.0,16000.0
