ZL,error,N
-0.29409502406551485,0.0028285223387577844,1000.0
