ZL,error,N
-0.05315614686528096,0.0022606791403397804,1000.0
