ZL,error,N
-0.19380353580322884,0.002764104144425585,1000.0
