ZL,error,N
-0.03288377947202315,0.002803764677238817,1000.0
