ZL,error,N
-0.1271329980375518,0.0009391081003370593,1000.0
