ZL,error,N
-0.11680341098449212,0.0020525861004616315,1000.0
