O^z,error,N,total_data
-0.16974569544568663,0.0006093153571854224,1000.0,24000.0
