O^z,error,N,total_data
-0.3536270074880741,0.004104974470213804,1000.0,1000.0
