O^z,error,N,total_data
-0.22266299670052817,0.0008730250060708196,1000.0,16000.0
