O^z,error,N,total_data
-0.07058121693412989,0.00045572940099936575,1000.0,32000.0
