O^z,error,N,total_data
-0.2860122917270506,0.0045256076656770726,1000.0,1000.0
