O^z,error,N,total_data
-0.12080295365614555,0.0007398332976083718,1000.0,20000.0
