O^z,error,N,total_data
-0.15373199035301344,0.0009127863622807544,1000.0,16000.0
