O^z,error,N,total_data
-0.20115473175435886,0.001171429979494078,1000.0,12000.0
