O^z,error,N,total_data
-0.09732409480920584,0.0006152903746081381,1000.0,24000.0
