O^z,error,N,total_data
-0.4337572238641566,0.0026588506627922516,1000.0,1000.0
