O^z,error,N,total_data
-0.2945862153970784,0.0005978948085057096,1000.0,16000.0
