O^z,error,N,total_data
-0.23948711460206765,0.0004447644440548113,1000.0,24000.0
