ZL,error,N
0.013840471674702915,0.0034809045788522664,1000.0
