ZL,error,N
0.0013696876810120454,0.0026929053297896012,1000.0
