ZL,error,N
-0.0015277157958582706,0.002933491955723918,1000.0
