ZL,error,N
0.0037134335018833733,0.0031804908559793757,1000.0
