ZL,error,N
-0.012581951091227152,0.004049944110617514,1000.0
