ZL,error,N
0.1477845693759482,0.005771505933061015,1000.0
