ZL,error,N
-0.0678722422805899,0.0022105898409932935,1000.0
