ZL,error,N
0.06863194145833355,0.005249877338412584,1000.0
