ZL,error,N
-0.02641150090716532,0.005110829737564716,1000.0
