ZL,error,N
-0.0698641938228498,0.004246679553703188,1000.0
