ZL,error,N
-0.09240398588192564,0.00323136161268945,1000.0
