ZL,error,N
-0.06385195725340845,0.0025991474995960308,1000.0
