O^z,error,N,total_data
-0.05334460380224047,0.0009163227118703122,1000.0,16000.0
