O^z,error,N,total_data
-0.024446453940339587,0.0005495952889792322,1000.0,24000.0
