O^z,error,N,total_data
-0.012889971529045318,0.00035020674043626773,996.0,31872.0
