O^z,error,N,total_data
-0.14670218501243187,0.0058155543808781195,1000.0,1000.0
