O^z,error,N,total_data
-0.12743748988650003,0.0006707051122762143,1000.0,24000.0
