O^z,error,N,total_data
-0.09747009428414426,0.0004965913710952662,1000.0,32000.0
