O^z,error,N,total_data
-0.1828277208880186,0.0009510107977485928,1000.0,16000.0
