O^z,error,N,total_data
-0.3148782571004122,0.0047688249059543095,1000.0,1000.0
