ZL,error,N
0.01291269061320573,0.000898282858958372,6999.0
