ZL,error,N
0.025763871577695312,0.002694432396675389,1000.0
