ZL,error,N
0.018093375806562534,0.0025733403697779985,1000.0
