ZL,error,N
0.05368451577608737,0.002984979898038563,1000.0
