ZL,error,N
0.017954648470521264,0.0032664085299662343,963.0
