ZL,error,N
0.03712415546513103,0.004551249905337612,849.0
