ZL,error,N
0.004710117922512958,0.0024313407781768096,876.0
