ZL,error,N
0.03224146717985899,0.003955954489250645,893.0
