ZL,error,N
-0.0013549520441029914,0.0023959499630151616,999.0
