ZL,error,N
0.03211014455826041,0.003899718790855251,986.0
