ZL,error,N
0.012876213126911625,0.0030633490333080325,998.0
