ZL,error,N
0.025525354844816543,0.00359412351614315,995.0
