O^z,error,N,total_data
-0.015386477066857708,0.0003465684609587577,1000.0,32000.0
