O^z,error,N,total_data
-0.002607489362256509,0.0003711445123042336,901.0,28832.0
