O^z,error,N,total_data
-0.021499113469878206,0.0007802890209974312,979.0,15664.0
