O^z,error,N,total_data
-0.00781806359006614,0.000433423827630494,948.0,22752.0
