O^z,error,N,total_data
-0.0764045353623212,0.005264444654672599,993.0,993.0
