O^z,error,N,total_data
-0.428475697942419,0.002812054199767201,1000.0,1000.0
