O^z,error,N,total_data
-0.2704261603376394,0.0005576393246668896,1000.0,16000.0
