O^z,error,N,total_data
-0.2007561865640308,0.0003805899949750241,1000.0,24000.0
