O^z,error,N,total_data
-0.041481723567334434,0.0005358325174543825,1000.0,16000.0
