O^z,error,N,total_data
-0.014459704587275003,0.0002401406717061875,1000.0,24000.0
