O^z,error,N,total_data
-0.006408232079468827,0.0001416731694586494,1000.0,32000.0
