O^z,error,N,total_data
-0.14255248517566518,0.0038071111525496424,1000.0,1000.0
