O^z,error,N,total_data
0.0007945654381179864,5.0045049620473806e-05,1000.0,32000.0
