ZL,error,N
0.26476181413100136,0.0012386627729876487,1000.0
