ZL,error,N
0.34488128969744747,0.0020008192635992635,1000.0
