ZL,error,N
0.3105853418668069,0.0018928250881275217,1000.0
