O^z,error,N,total_data
4.1782340158253967e-13,2.636742644638594e-13,500.0,16000.0
