O^z,error,N,total_data
-1.5958549391062185e-06,9.312932779232208e-07,250.0,6000.0
