O^z,error,N,total_data
5.127428495373237e-13,1.5797060170101585e-09,1000.0,32000.0
