O^z,error,N,total_data
4.5754601687436915e-06,1.0764906058300085e-06,250.0,4000.0
