O^z,error,N,total_data
0.000650688739713871,0.00018715336580786034,250.0,250.0
