ZL,error,N
0.8988817768141172,1.590000416578937e-05,1000.0
