O^z,error,N,total_data
-0.4226691669971951,0.0027594869723154623,1000.0,1000.0
