O^z,error,N,total_data
-0.2733261423864393,0.000580362546324761,1000.0,16000.0
