O^z,error,N,total_data
-0.2063785710520802,0.0003859605796023162,1000.0,24000.0
