O^z,error,N,total_data
-0.22383575408045434,0.0008637253193897666,1000.0,16000.0
