O^z,error,N,total_data
-0.3528951151817341,0.003968216633590151,1000.0,1000.0
