O^z,error,N,total_data
-0.1376172477084313,0.000496955473712381,1000.0,32000.0
