O^z,error,N,total_data
-0.16880432937769477,0.0006335554420332852,1000.0,24000.0
