O^z,error,N,total_data
0.29639200508422253,0.0028116423979263824,1.0,24.0
