O^z,error,N,total_data
0.29882710371278903,0.003932714854772308,1.0,32.0
