ZL,error,N
0.40641195246654027,0.003100548051631856,1000.0
