ZL,error,N
0.39449886416408186,0.007363834880630104,250.0
