ZL,error,N
0.3395023029656057,0.0025882554020846722,1000.0
