ZL,error,N
0.5021511203399465,0.009602617237035203,100.0
