ZL,error,N
0.3726308061730263,0.003040912418018843,881.0
