ZL,error,N
0.37493012767307893,0.002788994849228341,1000.0
