ZL,error,N
0.31400905651310995,0.002449017810675706,1000.0
