ZL,error,N
0.2514909628272118,0.0014028652721345856,1000.0
