ZL,error,N
0.2846843042476801,0.002012713887005507,1000.0
