ZL,error,N
0.6229181913761512,0.00795952260533047,1000.0
