O^z,error,N,total_data
-0.029386193256795493,0.0008041358701808883,995.0,15920.0
