O^z,error,N,total_data
-0.006558548675154429,0.0003393019369336873,972.0,31104.0
