O^z,error,N,total_data
-0.09861513172234668,0.005570218426840654,998.0,998.0
