O^z,error,N,total_data
-0.012325670846024322,0.0005096013371873751,992.0,23808.0
