ZL,error,N
0.008975235303304905,0.0027998238759376092,945.0
