ZL,error,N
0.004500376398035771,0.002204795749463387,980.0
