ZL,error,N
0.016899104202011028,0.004001644066169859,774.0
