ZL,error,N
0.01959002800200575,0.003474590404815978,864.0
