O^z,error,N,total_data
-0.02601339967638014,0.00022835602684368158,5997.0,143928.0
