O^z,error,N,total_data
-0.1441348088975954,0.005745255218440135,1000.0,1000.0
