O^z,error,N,total_data
-0.014638376422111613,0.00015892078215604233,5985.0,191516.0
