O^z,error,N,total_data
-0.05587820121979263,0.0003860995297078786,6000.0,96000.0
