O^z,error,N,total_data
-0.002401494233570047,0.00011513259443847674,1960.0,125440.0
