O^z,error,N,total_data
0.11349389845095789,0.0005672213912387094,1000.0,32000.0
