O^z,error,N,total_data
0.1298608625658855,0.0006761967917460206,1000.0,24000.0
