O^z,error,N,total_data
0.15568180072660204,0.0008223815954342976,1000.0,16000.0
