O^z,error,N,total_data
0.20580128805053996,0.003260655254597847,1000.0,1000.0
