O^z,error,N,total_data
5.085133077911324e-05,0.00017421453561252618,6.0,192.0
