Dimerization,ZL,error
0.0,0.009302875858306126,0.0035213074247745333
0.1,0.008526155360756441,0.0035449133263120787
0.2,0.004272301086905617,0.0038736033528714723
0.3,-0.0004001088370905999,0.003888987261662166
0.4,-0.006139966846512871,0.00483095832611973
0.5,0.018824518170133284,0.005613868306610225
0.6,0.07474411182937192,0.007458785573967722
0.7,0.1621905029895678,0.009156944909471065
