Dimerization,ZL,error
0.0,0.009302875858306126,0.0035213074247745333
0.8,0.2831933106339587,0.010120531350659916
0.9,0.4910871857935794,0.00853095280937034
