O^z,error,N,total_data
0.005590140656652062,0.00013630646136422297,1000.0,32000.0
