Jdis,O^z,error,N
2.0,5.541815643777237e-16,1.3518139898837747e-16,10.0
