Jdis,O^z,error,N
2.0,-1.5399642869230683e-14,2.395692776702355e-15,10.0
