ZL,error,N
0.00865428272811506,0.002506236126467593,989.0
