ZL,error,N
0.01581419560450208,0.003373095678705723,893.0
