ZL,error,N
0.010720453022545741,0.003046196560715366,946.0
