ZL,error,N
0.002259030396130537,0.0021498108720391512,968.0
