ZL,error,N
0.8822113228892283,0.0017461256487399616,1000.0
