ZL,error,N
0.19657575049978573,0.0024215777066420043,1000.0
