ZL,error,N
0.18952114489520042,0.0033402182192236833,1000.0
