ZL,error,N
0.1815448330743099,0.004053467690934298,1000.0
