O^z,error,N,total_data
0.18450606271626416,0.003350805011314232,1000.0,1000.0
