O^z,error,N,total_data
0.08594601503124762,0.0005196839607641859,1000.0,32000.0
