O^z,error,N,total_data
0.10417713647526912,0.000623701718267663,1000.0,24000.0
