O^z,error,N,total_data
0.13091356007829585,0.0008077663413070487,1000.0,16000.0
