O^z,error,N,total_data
0.08796595013998368,0.0017323890349216571,100.0,3200.0
