O^z,error,N,total_data
-0.060173893360028596,0.0005420646019178583,1000.0,24000.0
