O^z,error,N,total_data
-0.03838468096223199,0.00037867824062375646,1000.0,32000.0
