O^z,error,N,total_data
-0.10917040898100368,0.0008864633203478847,1000.0,16000.0
