O^z,error,N,total_data
-0.235666979870543,0.005028168251812744,1000.0,1000.0
