ZL,error,N
-0.1720170429087979,0.0031848643488540194,1000.0
