ZL,error,N
-0.12564133605297556,0.003118511309851985,1000.0
