ZL,error,N
-0.02612305648321971,0.003040424115823029,1000.0
