ZL,error,N
-0.1888210434546984,0.0037107344540448163,1000.0
