O^z,error,N,total_data
0.0925736541298249,0.0005344578802934159,1000.0,32000.0
