O^z,error,N,total_data
0.1896559396937107,0.003345291083362865,1000.0,1000.0
