O^z,error,N,total_data
0.11122065640350202,0.0006383954712797465,1000.0,24000.0
