O^z,error,N,total_data
0.09651779660127595,0.0016950497966283038,100.0,3200.0
