O^z,error,N,total_data
0.13861388085834056,0.0008017908618840775,1000.0,16000.0
