O^z,error,N,total_data
-0.0035754001053987625,0.00037799622936339266,500.0,16000.0
