ZL,error,N
0.009622711579953397,0.004607004770011344,1000.0
