ZL,error,N
-0.02118178843329688,0.005068652768417206,1000.0
