ZL,error,N
0.11576642135885183,0.003344867219720696,1000.0
