ZL,error,N
0.055528445535172756,0.004265715551722391,1000.0
