O^z,error,N,total_data
-0.008288460969630559,0.00037352232348587756,984.0,31488.0
