O^z,error,N,total_data
-0.018032170030398236,0.0005202269605887704,996.0,23904.0
