O^z,error,N,total_data
-0.040338339007052505,0.0008482425153469984,999.0,15984.0
