O^z,error,N,total_data
-0.11690195271622593,0.005770070166091081,998.0,998.0
