O^z,error,N,total_data
-0.14384743570819247,0.0006073392176773782,1000.0,16000.0
