O^z,error,N,total_data
-0.07560142524068188,0.0003829933366687507,1000.0,24000.0
