O^z,error,N,total_data
-0.29556866640287954,0.002463961937484018,1000.0,1000.0
