O^z,error,N,total_data
-0.39072432241310234,0.0034304299562305587,1000.0,1000.0
