O^z,error,N,total_data
-0.2585434289610724,0.0007369487155519954,1000.0,16000.0
