O^z,error,N,total_data
-0.20142794901804803,0.0005311992545270568,1000.0,24000.0
