O^z,error,N,total_data
-0.16932356530634476,0.0004159282418796092,1000.0,32000.0
