ZL,error,N
0.021387620825686647,0.004784125095062105,1000.0
