ZL,error,N
0.12861135038082616,0.0031166780541587594,1000.0
