ZL,error,N
0.06769127291739223,0.004216973592730351,1000.0
