ZL,error,N
-0.2373801596216141,0.010374862019055263,1000.0
