ZL,error,N
-0.2775437490487849,0.007300561989010801,1000.0
