ZL,error,N
-0.2535884967456843,0.009454939398634283,1000.0
