ZL,error,N
-0.25622121020900573,0.03136362305407838,100.0
