ZL,error,N
-0.21058504671895767,0.011087576017453938,1000.0
