ZL,error,N
0.003473839492418673,0.008602168039811722,1000.0
