ZL,error,N
0.04898528073422245,0.00883917809055504,1000.0
