ZL,error,N
-0.029402438511597403,0.008703465026944534,1000.0
