ZL,error,N
-0.10022542033618512,0.007734467988574445,1000.0
