ZL,error,N
0.9101231021312256,0.009148453976735766,500.0
