ZL,error,N
0.8102065966334093,0.0025698523981002854,1000.0
