ZL,error,N
0.6771485211257023,0.002009938526116797,1000.0
