ZL,error,N
0.8573067377103971,0.003807452488370294,1000.0
