ZL,error,N
0.8844896135479425,0.0043683077525114265,1000.0
