ZL,error,N
0.9084793238150959,0.0066765613106306455,500.0
