ZL,error,N
-0.2466009355882626,0.003471288458469795,1000.0
