ZL,error,N
-0.13854186460604537,0.003372604182389761,1000.0
