ZL,error,N
-0.0035211392347652072,0.0025777862204896464,1000.0
