ZL,error,N
0.009008530523513957,0.004823515441003163,1000.0
