ZL,error,N
0.06637651088271136,0.005574070166716888,1000.0
