ZL,error,N
-0.056062786298066714,0.0025164929488113875,1000.0
