ZL,error,N
-0.03741526270745599,0.003741392712357905,1000.0
