ZL,error,N
-0.08733278002119499,0.0016121878659680832,1000.0
