ZL,error,N
0.14303999452750782,0.004373369890578214,1000.0
