ZL,error,N
0.016672423593565248,0.0038538491685815423,1000.0
