ZL,error,N
-0.24828939675016162,0.009729963784215258,1000.0
