ZL,error,N
-0.2843620877975816,0.007108770580633845,1000.0
