ZL,error,N
-0.2661694242075494,0.008875372638219088,1000.0
