ZL,error,N
-0.22242206080853943,0.010088724511727378,1000.0
