O^z,error,N,total_data
0.11599850486604885,0.0007900981425780673,1000.0,16000.0
