O^z,error,N,total_data
0.06872287356126527,0.0004736931998448223,1000.0,32000.0
