O^z,error,N,total_data
0.08652357116829823,0.0006003645908783485,1000.0,24000.0
