O^z,error,N,total_data
0.17343532638436274,0.0033730253409026394,1000.0,1000.0
