ZL,error,N
0.6809262859839035,0.005597472558349685,1000.0
