O^z,error,N,total_data
-0.2796651574428228,0.0005587172923901463,1000.0,16000.0
