O^z,error,N,total_data
-0.23152977444321157,0.00048426490935218636,1000.0,24000.0
