O^z,error,N,total_data
-0.3931107533006784,0.0018478335136040904,1000.0,1000.0
