ZL,error,N
0.01241855023346895,0.0030595157158656333,862.0
