ZL,error,N
0.0029521702207383036,0.0020715247798300464,983.0
