ZL,error,N
0.014149089861966052,0.003619570117246694,775.0
