ZL,error,N
0.00899710179548585,0.0026921592093149334,935.0
