O^z,error,N,total_data
-0.033673722312307176,0.0001615118818307088,7000.0,224000.0
