O^z,error,N,total_data
-0.20630146137916464,0.005735917541584696,1000.0,1000.0
