ZL,error,N
0.006921685387006673,0.004294199615046117,245.0
