ZL,error,N
-0.10306350022996383,0.0038356686723639063,1000.0
