ZL,error,N
-0.09080003110542367,0.003471747906831855,1000.0
