ZL,error,N
-0.012722140073327996,0.003309592528480004,1000.0
