ZL,error,N
-0.05427652006277643,0.003290548577669799,1000.0
