ZL,error,N
-0.10318509614945658,0.0038885016956370227,916.0
