ZL,error,N
-0.1033120711068634,0.003576313117279585,1000.0
