ZL,error,N
-0.07751897080321486,0.0033521175688780358,1000.0
