O^z,error,N,total_data
-0.0021734113627688238,0.00021154833568329658,500.0,16000.0
