ZL,error,N
-0.3443212757571761,0.008298984131061726,1000.0
