ZL,error,N
-0.3509686278327473,0.009167822606341854,1000.0
