ZL,error,N
-0.33374551681295367,0.006612292280254135,1000.0
