ZL,error,N
-0.3516875458203454,0.009681254044519588,1000.0
