ZL,error,N
-0.37440647279250816,0.03042455362069842,100.0
