ZL,error,N
0.6001449432112722,0.00905326297534219,1000.0
