ZL,error,N
0.28709440893933535,0.00844343820968529,1000.0
