ZL,error,N
0.5573779749896396,0.008406295940008239,1000.0
