ZL,error,N
0.465287991926476,0.008515082612125477,1000.0
