O^z,error,N,total_data
-0.11131171237720532,0.004958340073249589,1000.0,1000.0
