O^z,error,N,total_data
-0.23085052785718976,0.00044087119885695116,1000.0,24000.0
