O^z,error,N,total_data
-0.4262515919006961,0.0026840182888848902,1000.0,1000.0
