O^z,error,N,total_data
-0.2878214883856429,0.0005990874888215783,1000.0,16000.0
