ZL,error,N
0.07909369204214478,0.004150381850074915,1000.0
