ZL,error,N
-0.03490334682902796,0.0032804825576739005,1000.0
