ZL,error,N
-0.10900757500576054,0.0011819308680341633,1000.0
