ZL,error,N
0.5001897641373125,0.007865825242703704,1000.0
