ZL,error,N
-0.06253293668491022,0.01243248568492195,1000.0
