ZL,error,N
-0.23964670373836552,0.007663880144658568,1000.0
