ZL,error,N
-0.14174744017621566,0.011103587291056802,1000.0
