ZL,error,N
-0.013617735931660966,0.013375714930861994,1000.0
