ZL,error,N
0.0891707315011254,0.00422598777337087,1000.0
