ZL,error,N
0.13854249635267604,0.0030467694954517633,1000.0
