ZL,error,N
0.10922211004706485,0.003784471325456653,1000.0
