ZL,error,N
0.0697009377764054,0.0044970024929070615,1000.0
