O^z,error,N,total_data
7.318979502872561e-06,1.0356710367870049e-05,1000.0,32000.0
