O^z,error,N,total_data
-0.12401496145289134,0.000496060516984006,1000.0,32000.0
