O^z,error,N,total_data
-0.20904084290126798,0.000920100439905231,1000.0,16000.0
