O^z,error,N,total_data
-0.3348427350242919,0.004563715919663067,1000.0,1000.0
