O^z,error,N,total_data
-0.15416304913137419,0.0006327840271309018,1000.0,24000.0
