ZL,error,N
-0.1734263580018168,0.0028331052151825925,1000.0
