ZL,error,N
-0.2594911138655098,0.002818102817969256,1000.0
