ZL,error,N
-0.042155875939717945,0.0026078616964251614,1000.0
