O^z,error,N,total_data
-0.44583735318891343,0.0023063665732328837,1000.0,1000.0
