O^z,error,N,total_data
-0.3097132745761316,0.0005693345026963232,1000.0,16000.0
