O^z,error,N,total_data
-0.2540941590252655,0.0004425760594118142,1000.0,24000.0
