ZL,error,N
0.012220423522262297,0.004789061062920444,1000.0
