ZL,error,N
-0.05016683189266605,0.0025560487038084317,1000.0
