ZL,error,N
-0.03186853473435142,0.0037758750829941542,1000.0
