ZL,error,N
0.06414437952989742,0.005547483032828732,1000.0
