O^z,error,N,total_data
0.2057696027824155,0.0032401003594918786,1000.0,1000.0
