O^z,error,N,total_data
0.1551098453727675,0.0008222380910934116,1000.0,16000.0
