O^z,error,N,total_data
0.12964028577436001,0.0006807554047790192,1000.0,24000.0
