O^z,error,N,total_data
0.1131586093454156,0.0005787237014174896,1000.0,32000.0
