O^z,error,N,total_data
-0.3109608361228033,0.01578757732184074,1.0,16.0
