O^z,error,N,total_data
-0.2521309513525897,0.013465376595616054,1.0,24.0
