O^z,error,N,total_data
-0.2150814145394517,0.008708504625686658,1.0,32.0
