O^z,error,N,total_data
0.15752590512515263,0.0033915502674263026,1000.0,1000.0
