O^z,error,N,total_data
0.05158315642391944,0.0004193217442861411,1000.0,32000.0
