O^z,error,N,total_data
0.10019748832719716,0.0007631743904289205,1000.0,16000.0
