O^z,error,N,total_data
0.06926249683610362,0.0005562019034606567,1000.0,24000.0
