O^z,error,N,total_data
-0.382317810672625,0.003471606874022354,1000.0,1000.0
