O^z,error,N,total_data
-0.25257978023010563,0.000791605465781108,1000.0,16000.0
