O^z,error,N,total_data
-0.20091197755297222,0.0005976918710872142,1000.0,24000.0
