O^z,error,N,total_data
-0.1724766748074449,0.000498783348749759,1000.0,32000.0
