O^z,error,N,total_data
-0.3246663160191272,0.00044777084658274667,1000.0,16000.0
