O^z,error,N,total_data
-0.29193698840011784,0.00040549189202252297,1000.0,24000.0
