ZL,error,N
-0.0849149910262996,0.010649934217410149,1000.0
