ZL,error,N
-0.17577902269282333,0.008240100764658444,1000.0
