ZL,error,N
0.03374316925888308,0.011821358069042515,1000.0
