ZL,error,N
-0.022984107411140004,0.0113144750048488,1000.0
