O^z,error,N,total_data
-0.10432727372665444,0.00039963038690394133,250.0,16000.0
