O^z,error,N,total_data
-0.057770889336930385,0.0003154983740058639,100.0,12800.0
