O^z,error,N,total_data
-0.16891649163890185,0.00038320636966523693,1000.0,32000.0
