O^z,error,N,total_data
-0.3977062182970869,0.003254471315066922,1000.0,1000.0
