O^z,error,N,total_data
-0.26107860808611555,0.000689388614368624,1000.0,16000.0
