O^z,error,N,total_data
-0.10330648680477923,0.0001996423267125653,1000.0,64000.0
