O^z,error,N,total_data
-0.20215185050007856,0.00047791641883363384,1000.0,24000.0
