O^z,error,N,total_data
-0.12696516223086055,0.0002629511948400454,1000.0,48000.0
