ZL,error,N
0.005944173118216684,0.002268140551614927,1000.0
