O^z,error,N,total_data
-0.01128252529217656,0.0004740211780515352,985.0,23640.0
