O^z,error,N,total_data
-0.09582549046543433,0.005508604592709422,997.0,997.0
