O^z,error,N,total_data
-0.005060579612240579,0.00033659949675591324,975.0,31200.0
