O^z,error,N,total_data
-0.02971144931638597,0.000830381800725444,997.0,15952.0
