ZL,error,N
0.048024106428381584,0.0026666772812777672,1000.0
