ZL,error,N
-0.165877470059548,0.004197245039330725,1000.0
