ZL,error,N
-0.06753585595433785,0.0037449235341916374,1000.0
