O^z,error,N,total_data
0.0008877954821128692,4.510159547171913e-05,1000.0,32000.0
