ZL,error,N
0.07695763824349215,0.009257597408915219,1000.0
