ZL,error,N
0.04332563767222913,0.008914402582517187,1000.0
