ZL,error,N
-0.0012653275965431854,0.008883185044699484,1000.0
