ZL,error,N
-0.0859306516432678,0.007869824187932193,1000.0
