ZL,error,N
-0.31421604083260213,0.0032519047456338918,1000.0
