ZL,error,N
-0.031895347330772775,0.0015843136474452328,1000.0
