ZL,error,N
-0.19398924661914352,0.0024064060098304488,1000.0
