O^z,error,N,total_data
0.17676342248221347,0.003394493219468165,1000.0,1000.0
