O^z,error,N,total_data
0.0929369584591692,0.0006062557479755118,1000.0,24000.0
