O^z,error,N,total_data
0.11977215846555152,0.0007865579881111187,1000.0,16000.0
