O^z,error,N,total_data
0.07267047684539822,0.0004887477402114981,1000.0,32000.0
