ZL,error,N
0.005406707160337674,0.0009401312042012217,5837.0
