ZL,error,N
0.008929505717539102,0.0021495472530561966,998.0
