ZL,error,N
0.005636352197581449,0.00201522062553644,1772.0
