ZL,error,N
0.00503578544831054,0.0008365065294290233,5984.0
