ZL,error,N
0.00223131645391428,0.0008586690118316571,5941.0
