O^z,error,N,total_data
0.06069256553222614,0.0006258592881026782,1000.0,16000.0
