O^z,error,N,total_data
0.03514767983655715,0.0004109511647841273,1000.0,24000.0
