O^z,error,N,total_data
0.0227904324489245,0.0002964802725909608,1000.0,32000.0
