O^z,error,N,total_data
0.12234652388320047,0.0031883497704837623,1000.0,1000.0
