O^z,error,N,total_data
-0.3408643616945686,0.004461713031219641,1000.0,1000.0
