O^z,error,N,total_data
-0.12416054057894,0.00048800947752463585,1000.0,32000.0
