O^z,error,N,total_data
-0.15526802635353537,0.0006396787829129421,1000.0,24000.0
