O^z,error,N,total_data
-0.21263921642357078,0.0009025312514967718,1000.0,16000.0
