ZL,error,N
-0.26169676925176666,0.008823801514607536,1000.0
