ZL,error,N
-0.2508679102931931,0.009401568247768326,1000.0
