ZL,error,N
-0.2210460413421968,0.010019342475166467,1000.0
