ZL,error,N
-0.28006224328121837,0.007097691767321605,1000.0
