O^z,error,N,total_data
-0.19070548343100044,0.005123979040715626,1000.0,1000.0
