O^z,error,N,total_data
-0.07767671543495443,0.0008340715951545077,1000.0,16000.0
