O^z,error,N,total_data
-0.03849555574544782,0.0004816883325157427,1000.0,24000.0
