O^z,error,N,total_data
-0.022412589352259916,0.00030944473859974736,1000.0,32000.0
