ZL,error,N
0.0348486779399604,0.003581146395356782,1000.0
