ZL,error,N
-0.05697002744859163,0.003912245796792889,1000.0
