ZL,error,N
-0.027913921433440486,0.003813639985386951,1000.0
