ZL,error,N
-0.07409154481388845,0.0038346993016349215,1000.0
