O^z,error,N,total_data
-0.3458962313312664,0.004219803187034769,1000.0,1000.0
