O^z,error,N,total_data
-0.2146906433548612,0.0008879336407547822,1000.0,16000.0
