O^z,error,N,total_data
-0.16093669338679908,0.0006493499383892103,1000.0,24000.0
