O^z,error,N,total_data
-0.18218944175189428,0.0007454621943942374,1000.0,20000.0
