O^z,error,N,total_data
-0.2636595139102253,0.0011145451137826348,1000.0,12000.0
