O^z,error,N,total_data
-0.1302596134512818,0.00050251880998253,1000.0,32000.0
