O^z,error,N,total_data
-0.1424617067638658,0.000566231849627536,1000.0,28000.0
