ZL,error,N
0.5343932769076777,0.0011263034386032966,872.0
