ZL,error,N
-0.020415063433330747,0.012569846450439057,1000.0
