ZL,error,N
0.039944446495656934,0.013369111623340042,1000.0
