ZL,error,N
-0.2135978028847481,0.008103621262584062,1000.0
