ZL,error,N
-0.10432881203989369,0.011228609224594038,1000.0
