ZL,error,N
0.020852376119982297,0.0036091054921211976,500.0
