ZL,error,N
-0.23704002327746715,0.0326230624793057,100.0
