ZL,error,N
-0.21128445900443696,0.010318563851749476,1000.0
