ZL,error,N
-0.24645607860138782,0.009772254999856763,1000.0
