ZL,error,N
-0.27927845808229673,0.00717483431667994,1000.0
