ZL,error,N
-0.2592302559651793,0.008933450992905757,1000.0
