ZL,error,N
0.006752997759570206,0.0026170209976763264,886.0
