ZL,error,N
0.0056409703430417395,0.0019376779751246903,982.0
