ZL,error,N
0.006678136282260704,0.002349043975456426,948.0
