ZL,error,N
0.009492729200625365,0.0031523367055470964,780.0
