O^z,error,N,total_data
0.0030521764878798366,0.00010439441265729941,1000.0,32000.0
