O^z,error,N,total_data
-0.3100694242423387,0.0028795463960047114,1000.0,1000.0
