O^z,error,N,total_data
-0.17012415436860073,0.0007025019277675313,1000.0,16000.0
