O^z,error,N,total_data
-0.10313981831049163,0.0005032272872622964,1000.0,24000.0
