ZL,error,N
0.11204754426730132,0.003628986203995266,1000.0
