ZL,error,N
0.14442271866517456,0.0029981840339089625,1000.0
