ZL,error,N
0.10163695298914123,0.003951755856688076,1000.0
