O^z,error,N,total_data
0.21901913614700283,0.0005724043641461171,1000.0,32000.0
