O^z,error,N,total_data
0.22635957852644195,0.0006285810396870735,1000.0,24000.0
