O^z,error,N,total_data
0.23913097950622286,0.0007307952444748105,1000.0,16000.0
