O^z,error,N,total_data
0.2659938187241036,0.0025109358376314613,1000.0,1000.0
