O^z,error,N,total_data
-0.22596703115199154,0.0005010983103756171,1000.0,24000.0
