O^z,error,N,total_data
-0.408054029544446,0.003080165975063061,1000.0,1000.0
