O^z,error,N,total_data
-0.27828877170595007,0.0006708066966925317,1000.0,16000.0
