O^z,error,N,total_data
-0.2158338856507225,0.00034605678053473095,1000.0,44000.0
