O^z,error,N,total_data
-0.27433717521165757,0.000759922631168692,500.0,10000.0
