O^z,error,N,total_data
-0.42525620614352044,0.002768575093349081,1000.0,1000.0
