O^z,error,N,total_data
-0.24606348984958018,0.0004325727775622479,1000.0,28000.0
