O^z,error,N,total_data
-0.2337850653314464,0.0005937897562509483,500.0,16000.0
