O^z,error,N,total_data
-0.3428868839541214,0.0010488710471030294,500.0,6000.0
