O^z,error,N,total_data
-0.22296173719964493,0.00036552457810525366,1000.0,40000.0
