O^z,error,N,total_data
-0.24458249703983923,0.0006112354198557664,500.0,14000.0
