O^z,error,N,total_data
-0.25794420332898005,0.00047638236745952285,1000.0,24000.0
