O^z,error,N,total_data
-0.3028743011283686,0.0006136796481596524,1000.0,16000.0
