O^z,error,N,total_data
-0.2174392010590186,0.0005272758347411231,436.0,19184.0
