O^z,error,N,total_data
-0.22160146823273238,0.00051293028310525,500.0,20000.0
