O^z,error,N,total_data
-0.22823335930851169,0.0005452373704734853,500.0,18000.0
