O^z,error,N,total_data
-0.2764587271686558,0.0005370160011252478,1000.0,20000.0
