O^z,error,N,total_data
-0.2289406027880893,0.0003828023538714396,1000.0,36000.0
