O^z,error,N,total_data
-0.23537989078184188,0.00041114819496234435,1000.0,32000.0
