O^z,error,N,total_data
-0.34376632513388233,0.0007448841906861569,1000.0,12000.0
