O^z,error,N,total_data
-0.21068665724813176,0.0003420589429323751,1000.0,48000.0
