O^z,error,N,total_data
0.005808685366681301,0.00014858272689798714,1000.0,32000.0
