O^z,error,N,total_data
0.03327754852099508,0.0003639216309296546,1000.0,32000.0
