ZL,error,N
0.1104217358594491,0.003746266129873509,1000.0
