ZL,error,N
0.14688913732175282,0.0029271226781590483,1000.0
