ZL,error,N
0.09422394500689968,0.004093129472878422,1000.0
