ZL,error,N
0.12103250718383508,0.003619217672495043,1000.0
