ZL,error,N
0.006960808580388284,0.002787144778932162,1000.0
