O^z,error,N,total_data
-0.039940146021777076,0.0008837398317389663,999.0,15984.0
