O^z,error,N,total_data
-0.11722600421542752,0.005649852135078231,999.0,999.0
