O^z,error,N,total_data
-0.01989922592228847,0.0005193320499930294,997.0,23928.0
