ZL,error,N
-0.050077217519741195,0.003633313680765027,1000.0
