ZL,error,N
0.049528783242311115,0.004569796596829476,1000.0
