ZL,error,N
-0.10178940301446601,0.0014496172476053807,1000.0
