ZL,error,N
-0.24889108859100417,0.008688812992514146,1000.0
