ZL,error,N
-0.23059313092761385,0.009203259939175873,1000.0
