ZL,error,N
-0.27386436999535113,0.007020394307776443,1000.0
