ZL,error,N
-0.21397624991410402,0.009677565733282446,1000.0
