O^z,error,N,total_data
1.2571849928162734e-06,1.2192914052866166e-06,1000.0,32000.0
