ZL,error,N
-0.08473338273732821,0.004761862900072052,1000.0
