ZL,error,N
-0.043966885768288236,0.004496104796720773,1000.0
