ZL,error,N
0.07961314365674527,0.003489090024396967,1000.0
