ZL,error,N
0.004574422989425819,0.004228438887836303,1000.0
