ZL,error,N
0.19689663398442558,0.0035539112192219413,1000.0
