ZL,error,N
0.18619823915031183,0.004217448435745922,1000.0
