ZL,error,N
0.20830166651483,0.0022330883523491597,1000.0
