ZL,error,N
-0.4115151996173956,0.005999073199473041,1000.0
