ZL,error,N
-0.5270863215501062,0.009609959989474033,1000.0
