ZL,error,N
-0.46855421199761593,0.00816180397769111,1000.0
