ZL,error,N
-0.5080208067231928,0.008951392349670328,1000.0
