O^z,error,N,total_data
-0.2480214056476498,0.0007679881142134741,1000.0,16000.0
