O^z,error,N,total_data
-0.37944473076404817,0.003645368398352137,1000.0,1000.0
