O^z,error,N,total_data
-0.1609934096789168,0.00043336440932349154,1000.0,32000.0
