O^z,error,N,total_data
-0.19161075182215379,0.0005588898090099089,1000.0,24000.0
