ZL,error,N
0.6023417268145937,0.007176935473518126,1000.0
