ZL,error,N
0.770386037960257,0.004569084542961962,1000.0
