O^z,error,N,total_data
-0.15971100172507055,0.005491362995202095,1000.0,1000.0
