O^z,error,N,total_data
-0.24551894556167478,0.0005822722602818864,1000.0,16000.0
