O^z,error,N,total_data
-0.18424161343457857,0.0004806965412217535,1000.0,24000.0
