O^z,error,N,total_data
-0.3735939809141846,0.0019466435064749202,1000.0,1000.0
