ZL,error,N
0.0056252956346736615,0.002307394636837279,753.0
