ZL,error,N
0.007515199798698134,0.002447380960042188,953.0
