ZL,error,N
0.007527257491947752,0.003621466460296305,785.0
