ZL,error,N
0.005137301069522293,0.003027732701479833,889.0
