ZL,error,N
0.006214078852331091,0.0020388678904826882,984.0
