O^z,error,N,total_data
-0.2887670264626419,0.0008451025026618396,1000.0,12000.0
