O^z,error,N,total_data
-0.17108808892980168,0.000541798219322612,1000.0,28000.0
