O^z,error,N,total_data
-0.09859785372783055,0.0003365585107012802,1000.0,64000.0
