O^z,error,N,total_data
-0.13470527535872395,0.0004498241597802386,1000.0,40000.0
