O^z,error,N,total_data
-0.16966714165451316,0.000767672799597667,500.0,14000.0
