O^z,error,N,total_data
-0.18798665831244873,0.0006018939151376801,1000.0,24000.0
