O^z,error,N,total_data
-0.09503309220491327,0.0004642187006212276,500.0,32000.0
