O^z,error,N,total_data
-0.15128569772802597,0.0007158789141669815,500.0,16000.0
