O^z,error,N,total_data
-0.052003010137180276,0.0004462334968547651,200.0,25600.0
