O^z,error,N,total_data
-0.12356297196829318,0.0006136313272969414,482.0,21208.0
