O^z,error,N,total_data
-0.2863071601688561,0.0012059035408277172,500.0,6000.0
