O^z,error,N,total_data
-0.2123550237161123,0.0006535648755483821,1000.0,20000.0
