O^z,error,N,total_data
-0.15560484102091365,0.0005149870671664797,1000.0,32000.0
