O^z,error,N,total_data
-0.12798692879666948,0.0004247224539208535,1000.0,44000.0
