O^z,error,N,total_data
-0.12064366540155937,0.0003999374692784181,1000.0,48000.0
