O^z,error,N,total_data
-0.36798515019999267,0.0029320376641287565,1000.0,1000.0
