O^z,error,N,total_data
-0.13152804197380502,0.0006456251853999763,500.0,20000.0
