O^z,error,N,total_data
-0.2429964808412783,0.0007454870835701598,1000.0,16000.0
