O^z,error,N,total_data
-0.14434510561415884,0.000479914742373633,1000.0,36000.0
