O^z,error,N,total_data
-0.20769404446351847,0.0009116390556343465,500.0,10000.0
