O^z,error,N,total_data
-0.14215032556138496,0.0006830809999593749,500.0,18000.0
