O^z,error,N,total_data
-0.277255198742264,0.000637226362382221,1000.0,16000.0
