O^z,error,N,total_data
-0.18781949410438548,0.0005147448450375802,500.0,16000.0
