O^z,error,N,total_data
-0.21766832549173099,0.0004624336984842059,1000.0,24000.0
