O^z,error,N,total_data
-0.41072334028879887,0.0029990358816923165,1000.0,1000.0
