O^z,error,N,total_data
0.18656008102567423,0.0033522317011507015,1000.0,1000.0
