O^z,error,N,total_data
0.13278358086524442,0.000801699967729572,1000.0,16000.0
