O^z,error,N,total_data
0.08651098750673472,0.0005167403637123368,1000.0,32000.0
