O^z,error,N,total_data
0.10458636739177284,0.0006349352969455012,1000.0,24000.0
