O^z,error,N,total_data
0.08982059542516999,0.0016773240584290212,100.0,3200.0
