ZL,error,N
0.07027126383789763,0.008543160534931366,1000.0
