O^z,error,N,total_data
-0.005470581354131401,0.0013545340406169667,1.0,24.0
