O^z,error,N,total_data
-0.0018335055963811136,0.0003342844023953708,1.0,32.0
