O^z,error,N,total_data
-0.014319862071401413,0.001482989609329327,1.0,16.0
