O^z,error,N,total_data
-0.06351800631454219,0.0006870028976684648,500.0,16000.0
