O^z,error,N,total_data
-0.009695459406539726,0.0004167420390565764,500.0,16000.0
