O^z,error,N,total_data
-0.04359130819426393,0.000821349023838452,1000.0,16000.0
