O^z,error,N,total_data
-0.010221798178478432,0.0002706620640313476,1000.0,32000.0
