O^z,error,N,total_data
-0.12150339674226426,0.005293908895022253,1000.0,1000.0
