O^z,error,N,total_data
-0.01885301108635494,0.00044378991148657013,1000.0,24000.0
