ZL,error,N
-0.4952530578198593,0.004627129478598459,1000.0
