ZL,error,N
-0.6147357990437293,0.005358141615283452,1000.0
