ZL,error,N
-0.6812741948707924,0.00551269282802816,1000.0
