ZL,error,N
-0.7301803609302034,0.005002197887982026,1000.0
