ZL,error,N
-0.3086056160787441,0.009754789011957898,1000.0
