ZL,error,N
-0.3197691750207437,0.009000374370803378,1000.0
