ZL,error,N
-0.31636625994213413,0.008344913293251877,1000.0
