ZL,error,N
-0.31260350281170257,0.006802561199814493,1000.0
