ZL,error,N
-0.30993713770921366,0.03195894629096267,100.0
