ZL,error,N
-0.32520043995340625,0.009066177643602983,1000.0
