ZL,error,N
-0.3221976589647191,0.006958066018846287,1000.0
