ZL,error,N
-0.32468968324042546,0.010596641368693413,1000.0
