ZL,error,N
-0.32421613463495386,0.010038101283922816,1000.0
