ZL,error,N
-0.35986337629520093,0.032739883319528235,100.0
