O^z,error,N,total_data
-0.0731949216381586,0.004873012797033689,996.0,996.0
