O^z,error,N,total_data
-0.020946526562408196,0.0007153175638379196,990.0,15840.0
