O^z,error,N,total_data
-0.003290482457056987,0.0003356878372536649,941.0,30112.0
