O^z,error,N,total_data
-0.007301271222747575,0.0004915187028693974,966.0,23184.0
