ZL,error,N
0.12003214058626742,0.0041814690224285895,1000.0
