ZL,error,N
0.12882514316164206,0.003794729711113274,1000.0
