ZL,error,N
0.13757970035461956,0.0035125520463478517,1000.0
