ZL,error,N
0.16077984256335126,0.0028533037971596527,1000.0
