O^z,error,N,total_data
3.7854176115747987e-07,4.986492857189665e-07,1000.0,32000.0
