ZL,error,N
0.7341281321104247,6.6774783833903e-16,500.0
