ZL,error,N
0.5368248812464462,4.3126642130111854e-16,1000.0
