ZL,error,N
-0.34745867673208186,0.009879544030637974,1000.0
