ZL,error,N
-0.3321508510482058,0.006691790308035475,1000.0
