ZL,error,N
-0.35601132167086574,0.03284554096506902,100.0
