ZL,error,N
-0.3450294103303544,0.008430404742588337,1000.0
