ZL,error,N
-0.3563492597543312,0.009408139665179347,1000.0
