O^z,error,N,total_data
-0.01137275614075547,0.0004710089728667558,979.0,23496.0
