O^z,error,N,total_data
-0.08695958077876122,0.005509939600931942,997.0,997.0
