O^z,error,N,total_data
-0.02918038504769404,0.0008345760547607079,996.0,15936.0
