O^z,error,N,total_data
-0.0048412733539956185,0.00031023801413646533,973.0,31136.0
