O^z,error,N,total_data
-0.05692721420423002,0.0003671277990786687,1000.0,24000.0
