O^z,error,N,total_data
-0.2620699333068637,0.002902528293908241,1000.0,1000.0
