O^z,error,N,total_data
-0.1165333813513376,0.0006266089848966939,1000.0,16000.0
