O^z,error,N,total_data
-1.159804718630636e-15,1.0979208813149453e-15,1.0,16.0
