O^z,error,N,total_data
-1.1499379960152299e-25,2.048433832429763e-26,1.0,32.0
