O^z,error,N,total_data
6.236194228125809e-17,3.5162665215128953e-16,1.0,24.0
