O^z,error,N,total_data
-0.0025619502369508824,0.000404864943727716,843.0,26976.0
