O^z,error,N,total_data
-0.015844695157391727,0.0007462122959291428,966.0,15456.0
