O^z,error,N,total_data
-0.0702654143866098,0.00497794314877225,988.0,988.0
