O^z,error,N,total_data
-0.005923831649489766,0.0004959853784524454,899.0,21576.0
