ZL,error,N
0.7026912327316215,0.005230438373038404,1000.0
