O^z,error,N,total_data
-0.18223765748684492,0.005747403417245827,1000.0,1000.0
