O^z,error,N,total_data
-0.02414375039167662,0.00014516493602451043,7000.0,224000.0
