ZL,error,N
0.17625989879526663,0.003163327730075658,1000.0
