ZL,error,N
0.1705820349679239,0.0034774398932549576,1000.0
