ZL,error,N
0.18486180829750326,0.0025560598845724256,1000.0
