O^z,error,N,total_data
-0.20506981451784462,0.00375710815919922,1000.0,1000.0
