O^z,error,N,total_data
-0.07619058861570371,0.0006265107886056195,1000.0,16000.0
