O^z,error,N,total_data
-0.033426974298907335,0.00033415546341766783,1000.0,24000.0
