O^z,error,N,total_data
-0.016126843454214657,0.00019658256432785362,1000.0,32000.0
