ZL,error,N
-0.2678015159214146,0.009539693577723224,1000.0
