ZL,error,N
-0.2772137491562097,0.008835544070338599,1000.0
