ZL,error,N
-0.24622189906539294,0.010099056188346557,1000.0
