ZL,error,N
-0.2937991352149277,0.00695676803915099,1000.0
