ZL,error,N
-0.265910367338797,0.032835934184769294,100.0
