ZL,error,N
0.48583316872359,0.009516310174200234,1000.0
