O^z,error,N,total_data
-0.17605527661530115,0.00042454400733469276,1000.0,32000.0
