O^z,error,N,total_data
-0.2607848607347252,0.0007182896962945198,1000.0,16000.0
