O^z,error,N,total_data
-0.20579494241585783,0.0005322070311088132,1000.0,24000.0
