O^z,error,N,total_data
-0.39562530843223453,0.0033531770944260184,1000.0,1000.0
