ZL,error,N
0.05457510431886572,0.0039393228675473424,1000.0
