ZL,error,N
0.09309584910459827,0.0033013523932669624,1000.0
