ZL,error,N
0.030691145415257307,0.003958204386602175,1000.0
