ZL,error,N
0.016786513563785802,0.003987758903717992,1000.0
