ZL,error,N
0.0037090625820417017,0.0021297590325862524,989.0
