ZL,error,N
0.015519765738313613,0.0033285929218466828,907.0
