ZL,error,N
0.00879595239470644,0.002759564527251633,968.0
