ZL,error,N
0.017284611913520202,0.0035462189423515504,848.0
