ZL,error,N
-0.009145856469093579,0.00319745051702437,1000.0
