ZL,error,N
-0.003165110976655121,0.0012490851055871758,7000.0
