ZL,error,N
-0.008427222145541851,0.002966416226437142,1000.0
