ZL,error,N
0.008639853724712203,0.0029616114229325213,1000.0
