ZL,error,N
0.8002912976320832,0.0004697929605541404,1000.0
