O^z,error,N,total_data
-0.010412303712913419,0.0012085214902090376,1.0,24.0
