O^z,error,N,total_data
-0.03936068362495871,0.0021919190839448776,1.0,16.0
