O^z,error,N,total_data
-0.004816491319598295,0.0008844967605070065,1.0,32.0
