ZL,error,N
-0.00825072573769043,0.0038002232963558744,1000.0
