ZL,error,N
0.06813182100664385,0.0034900811490159917,1000.0
