ZL,error,N
0.0046903364268362745,0.003855616739640877,1000.0
