ZL,error,N
0.025710784464966822,0.0037195789680109035,1000.0
