O^z,error,N,total_data
0.11256459290830467,0.0005630504963330034,1000.0,32000.0
