O^z,error,N,total_data
0.12911965445334572,0.0006580276349448009,1000.0,24000.0
