O^z,error,N,total_data
0.15559378998618542,0.0008158441138715019,1000.0,16000.0
