O^z,error,N,total_data
0.2051154862440422,0.003272215676414044,1000.0,1000.0
