ZL,error,N
0.09159150169786559,0.0024654401692975744,1000.0
