ZL,error,N
0.23662463497975442,0.0027827926019314015,1000.0
