ZL,error,N
-0.071735419503528,0.0009933964009024663,1000.0
