ZL,error,N
-0.2689810979448846,0.007252568174732247,1000.0
