ZL,error,N
-0.2490763667530156,0.009093533960640499,1000.0
