ZL,error,N
-0.22306175422435492,0.009967069929834253,1000.0
