ZL,error,N
-0.19465481003528262,0.010474461982334078,1000.0
