ZL,error,N
-0.22597927666180934,0.03140818864149826,100.0
