ZL,error,N
0.08274515905642853,0.004606729286091353,1000.0
