ZL,error,N
0.10087411311529136,0.004198928173889135,1000.0
