ZL,error,N
0.15262694083573458,0.0029920644172617148,1000.0
