ZL,error,N
0.12279722107280416,0.003737676595396002,1000.0
