O^z,error,N,total_data
-0.10275018318202367,0.0010310562345470864,1000.0,16000.0
