O^z,error,N,total_data
-0.05863039859210662,0.0006379358416636516,1000.0,24000.0
