O^z,error,N,total_data
-0.036044418714776795,0.00017010771404741477,6999.0,223968.0
