O^z,error,N,total_data
-0.21499801181206407,0.005955629322435595,1000.0,1000.0
