ZL,error,N
0.03448254558681255,0.0029439949383177908,1000.0
