ZL,error,N
0.00396173719906959,0.0009932194809961924,7000.0
