ZL,error,N
0.0941848147762185,0.0112061625629709,1000.0
