ZL,error,N
0.16388648885704818,0.011428541555739689,1000.0
