ZL,error,N
-0.10034873765994537,0.008652260911383425,1000.0
