ZL,error,N
0.01633742774484447,0.010558140131047116,1000.0
