O^z,error,N,total_data
0.024537456874450234,0.00030768308894804376,1000.0,32000.0
