ZL,error,N
-0.7883482102547693,0.002090765093271088,1000.0
