ZL,error,N
-0.5771617781228268,0.002900710662295925,1000.0
