ZL,error,N
-0.7206303781719772,0.0027636517409303568,1000.0
