ZL,error,N
-0.8293104454891952,0.0017917283677547865,1000.0
