ZL,error,N
0.10948396377615001,0.004047143302003957,1000.0
