ZL,error,N
0.14729024660174603,0.0030420614978622874,1000.0
