ZL,error,N
0.08272626391481597,0.0043742128356982065,1000.0
