O^z,error,N,total_data
-0.005621665915634848,0.000480691122778489,930.0,22320.0
