O^z,error,N,total_data
-0.05703311864738194,0.004798613435786553,993.0,993.0
