O^z,error,N,total_data
-0.002090359555051156,0.0003409829753003975,883.0,28256.0
