O^z,error,N,total_data
-0.015395964726653728,0.00073580005370831,980.0,15680.0
