O^z,error,N,total_data
0.10200413921806467,0.003302264862260175,1000.0,1000.0
