O^z,error,N,total_data
0.04622700574986806,0.0005786854451780537,1000.0,16000.0
