O^z,error,N,total_data
0.01484512594735959,0.0002326654218687202,1000.0,32000.0
