O^z,error,N,total_data
0.024883614405097596,0.00035183713965513677,1000.0,24000.0
