O^z,error,N,total_data
-0.0008173544119078264,0.001314056489216991,1.0,16.0
