O^z,error,N,total_data
0.0001468534313735108,0.0009050160654176551,1.0,24.0
