O^z,error,N,total_data
-0.0006151143098680236,0.0006682704935949455,1.0,32.0
