ZL,error,N
-0.030617999309388022,0.0038812574602198066,1000.0
