ZL,error,N
-0.06707061162737431,0.003972205814029955,1000.0
