ZL,error,N
-0.08828957344116178,0.004033680800573838,1000.0
