ZL,error,N
0.036774684863054775,0.003559018727029675,1000.0
