ZL,error,N
-0.05141974435343454,0.003983458803755791,1000.0
