ZL,error,N
-0.0026496988847081048,0.0037628453757627884,1000.0
