ZL,error,N
-0.0779555448179252,0.004035716316350543,996.0
