ZL,error,N
0.004119741429117469,0.004271378302298386,1000.0
