ZL,error,N
-0.04610884123301242,0.004594746014117592,1000.0
