ZL,error,N
0.08515024531356183,0.003403943849886183,1000.0
