ZL,error,N
-0.0940167375863722,0.00481700460886654,1000.0
