O^z,error,N,total_data
-0.2745130541885504,0.0005759987809058842,1000.0,16000.0
