O^z,error,N,total_data
-0.4263143390938101,0.0027395859321304545,1000.0,1000.0
