O^z,error,N,total_data
-0.20742929631220522,0.0003852370806037693,1000.0,24000.0
