ZL,error,N
0.08350049304945614,0.004123798279179825,1000.0
