ZL,error,N
0.1448242240204807,0.002724744348645626,1000.0
