ZL,error,N
0.03086122242383647,0.0047614033769978175,1000.0
