O^z,error,N,total_data
-0.016720074690172265,0.000469986742039386,999.0,23976.0
