O^z,error,N,total_data
-0.03571960154598946,0.0007952841065686286,1000.0,16000.0
