O^z,error,N,total_data
-0.11750610133668728,0.005619843494962175,1000.0,1000.0
