O^z,error,N,total_data
-0.008983352884479354,0.0003241622849337923,995.0,31840.0
