O^z,error,N,total_data
-0.024091782206992342,0.0005240663446817176,500.0,16000.0
