ZL,error,N
0.03294760988568263,0.005484009627034473,497.0
