ZL,error,N
0.3974103201402773,0.010181764478037347,1000.0
