O^z,error,N,total_data
-0.00020856691149187014,0.00010750194957512781,1.0,16.0
