O^z,error,N,total_data
-9.793267425022772e-06,5.9992450328502215e-05,1.0,24.0
