O^z,error,N,total_data
5.938761453937497e-05,0.00013096682702459732,1.0,32.0
