ZL,error,N
-0.27883609274590737,0.010466707930574477,1000.0
