ZL,error,N
-0.29856642797217847,0.03345145780618878,100.0
