ZL,error,N
-0.3003893111670548,0.0071637767453823975,1000.0
