ZL,error,N
-0.28701638234390764,0.009357770227772703,1000.0
