ZL,error,N
-0.25584316071138413,0.010994133669492211,1000.0
