Jdis,O^z,error,N
2.0,-1.794085191908787e-13,3.089834376066161e-13,10.0
