Jdis,O^z,error,N
2.0,-2.0964708403509005e-15,4.340866754666883e-16,10.0
