Jdis,O^z,error,N
2.0,3.1741755789461835e-09,4.0593733849769286e-10,10.0
