O^z,error,N,total_data
-0.018787657927624355,0.0007986742983358148,970.0,15520.0
