O^z,error,N,total_data
-0.0693777873881836,0.005096666476522058,988.0,988.0
