O^z,error,N,total_data
-0.0025230225598205404,0.00040482925256126286,846.0,27072.0
