O^z,error,N,total_data
-0.0058000802736369,0.00052894370917404,913.0,21912.0
