O^z,error,N,total_data
0.0033787177589600756,0.00011732618233530198,1000.0,32000.0
