O^z,error,N,total_data
0.0073142733938296465,0.00018972520619111018,1000.0,24000.0
