O^z,error,N,total_data
0.0010577808369772281,6.72376127044907e-05,500.0,24000.0
