O^z,error,N,total_data
0.0003484032578741365,3.3460300430347254e-05,500.0,32000.0
