O^z,error,N,total_data
0.01717982365382967,0.0003680029093433755,1000.0,16000.0
