O^z,error,N,total_data
0.05584649976809814,0.002768303311700285,1000.0,1000.0
