O^z,error,N,total_data
-0.009533095062872966,0.0006344018122731024,1.0,32.0
