O^z,error,N,total_data
-0.008056282179014568,0.0006850953495915926,1.0,24.0
