O^z,error,N,total_data
-0.039697634609263066,0.0022671072051961847,1.0,16.0
