O^z,error,N,total_data
-0.22187198881691794,0.0008618188627287146,1000.0,16000.0
