O^z,error,N,total_data
-0.16816892279954052,0.0006230015259010854,1000.0,24000.0
