O^z,error,N,total_data
-0.3522323506013568,0.004184404653961131,1000.0,1000.0
