O^z,error,N,total_data
0.06320019273638312,0.00047579869941370077,1000.0,32000.0
