ZL,error,N
0.13721620702619802,0.003737832177689363,1000.0
