ZL,error,N
0.1136710151096894,0.00421765435246707,1000.0
