ZL,error,N
0.16356560221647637,0.0028537122739609837,1000.0
