ZL,error,N
0.25947548138424714,0.002319343755441289,1000.0
