ZL,error,N
0.23601886755441134,0.0016772275350774564,1000.0
