ZL,error,N
0.2785269470173259,0.0026666903591237886,1000.0
