ZL,error,N
0.2911431964421954,0.004223372568527991,500.0
