ZL,error,N
0.9259449578370411,0.007486288227081961,500.0
