ZL,error,N
0.9223537172654617,0.005654845624942456,500.0
