ZL,error,N
0.6881522621604071,0.001319521016010685,1000.0
