ZL,error,N
0.9004256386447177,0.0018800985654993867,1000.0
