ZL,error,N
0.8688839393664369,0.002742781185988227,1000.0
