ZL,error,N
0.8192814760673376,0.0018044519808174653,1000.0
