O^z,error,N,total_data
0.14339671597867765,0.0005985735353462354,1000.0,24000.0
