O^z,error,N,total_data
0.1284000400842678,0.0005365183468014422,1000.0,32000.0
