O^z,error,N,total_data
0.171947839361769,0.0006926463158860063,1000.0,16000.0
