O^z,error,N,total_data
0.22346916826287458,0.002208153564739072,1000.0,1000.0
