ZL,error,N
-0.2149499354577393,0.008049632095391612,482.0
