ZL,error,N
-0.1846947395919915,0.009555850773279114,500.0
