ZL,error,N
-0.21502318197680514,0.0075743292852249065,500.0
