ZL,error,N
-0.22583746110863742,0.004861249577418095,500.0
