ZL,error,N
-0.22668613482961242,0.005387727880342038,1000.0
