ZL,error,N
-0.2201440806435814,0.005524347223457336,500.0
