ZL,error,N
-0.22755275688769772,0.004556338755180892,1000.0
