ZL,error,N
-0.20364459196257123,0.009134139301877708,405.0
