ZL,error,N
-0.19919574965812373,0.003621384709214635,500.0
