ZL,error,N
-0.20301097569242055,0.0026023065890275715,1000.0
