ZL,error,N
-0.22543822242881711,0.005185749100028261,1000.0
