ZL,error,N
-0.21656858105128196,0.0030464693605520075,1000.0
