ZL,error,N
-0.2274472510971899,0.0035326253588424854,1000.0
