ZL,error,N
-0.17698032327185864,0.0023945782275516287,1000.0
