ZL,error,N
-0.13564145737134575,0.0023104683580272866,1000.0
