ZL,error,N
-0.22021917138826236,0.005795165925355163,1000.0
