ZL,error,N
-0.07399132677712243,0.0023017284564103317,1000.0
