ZL,error,N
-0.03906386836105004,0.02140411555867641,200.0
