ZL,error,N
-0.1930570816585587,0.007021065305238972,1000.0
