ZL,error,N
-0.2265858667477969,0.003998573517911485,1000.0
