ZL,error,N
-0.22091439646360508,0.0065182513443014355,500.0
