ZL,error,N
-0.13443640449380492,0.0034593901850695015,500.0
