O^z,error,N,total_data
-0.2251442778968453,0.0008632930326389556,1000.0,16000.0
