O^z,error,N,total_data
-0.16921868406898413,0.0006150437614260083,1000.0,24000.0
