O^z,error,N,total_data
-0.35588076415726294,0.00411164178590068,1000.0,1000.0
