O^z,error,N,total_data
-0.017598632768544727,0.0005100970166865567,997.0,23928.0
