O^z,error,N,total_data
-0.11692656702080162,0.005528250809561476,999.0,999.0
