O^z,error,N,total_data
-0.009053288064342902,0.0003254696562573612,990.0,31680.0
