O^z,error,N,total_data
-0.040955489902125136,0.000841372670497628,999.0,15984.0
