O^z,error,N,total_data
-0.09645085732838428,0.0006429463275506124,1000.0,24000.0
