O^z,error,N,total_data
-0.274272206878301,0.005103512442518425,1000.0,1000.0
