O^z,error,N,total_data
-0.06867050743746818,0.00047006659531538547,1000.0,32000.0
