O^z,error,N,total_data
-0.1486020421337722,0.0009668652347152248,1000.0,16000.0
