ZL,error,N
-0.0076432953439303265,0.0027597998805037965,1000.0
