ZL,error,N
0.024422679093208447,0.005503514400639077,500.0
