ZL,error,N
0.01780735333573956,0.0022884532408601306,3000.0
