ZL,error,N
-0.031583774536395604,0.0037805123973889444,1000.0
