ZL,error,N
0.1723276914362722,0.005118224311236683,1000.0
