ZL,error,N
-0.09351852006308162,0.0016644551898688795,1000.0
