ZL,error,N
0.0701059540704145,0.004744960276634869,1000.0
