O^z,error,N,total_data
-0.22845179095811807,0.004492494661690157,1000.0,1000.0
