O^z,error,N,total_data
-0.03257394936977807,0.00033025108700871045,1000.0,32000.0
