O^z,error,N,total_data
-0.053239654629597954,0.0004834354464533312,1000.0,24000.0
