O^z,error,N,total_data
-0.10082961094891989,0.0007973628229959581,1000.0,16000.0
