ZL,error,N
-0.5890676911303598,0.002516119655256212,1000.0
