ZL,error,N
-0.8017559694879826,0.001724097282356946,1000.0
