ZL,error,N
-0.7361425086163773,0.002146838531485388,1000.0
