ZL,error,N
-0.8397171032539341,0.0012702533675534914,1000.0
