ZL,error,N
0.7650451826134345,0.0044141508952451475,500.0
