ZL,error,N
0.6754622669574037,0.0035715895714431584,1000.0
