ZL,error,N
0.16002653861813182,0.006043365181937594,1000.0
