ZL,error,N
0.4485627008444832,0.0051591517623960905,1000.0
