ZL,error,N
0.8189356181540983,0.0029547078951441437,500.0
