ZL,error,N
0.5954178134873703,0.0036919751095127232,1000.0
