ZL,error,N
0.05609282139137822,0.0033115178823702003,1000.0
