ZL,error,N
0.016555444505637933,0.003468697807341652,1000.0
