ZL,error,N
0.005631799897785033,0.0034131937549203924,1000.0
