ZL,error,N
-0.004753183692413745,0.0033871324453997346,1000.0
