O^z,error,N,total_data
0.07015524630152598,0.0005701393367166903,1000.0,24000.0
