O^z,error,N,total_data
0.053035937305069135,0.00044834398112625985,1000.0,32000.0
