O^z,error,N,total_data
0.16441730794363274,0.003218355081067936,1000.0,1000.0
