O^z,error,N,total_data
0.09995351629664344,0.0007592828282159302,1000.0,16000.0
