O^z,error,N,total_data
0.007110543127445363,0.0010042580511556152,1000.0,1000.0
