O^z,error,N,total_data
1.4762447645711447e-05,7.296035938856754e-06,499.0,23952.0
