O^z,error,N,total_data
0.0005737073197166794,6.899056173522377e-05,1000.0,16000.0
