O^z,error,N,total_data
5.859664847900805e-05,1.9816820675741118e-05,1000.0,24000.0
