O^z,error,N,total_data
-1.3553941267798121e-05,1.0442688869570901e-05,1000.0,32000.0
