O^z,error,N,total_data
1.9965961071476506e-06,1.3083018858418533e-06,499.0,31936.0
