ZL,error,N
0.00023212054388019727,0.0023777007092620267,998.0
