ZL,error,N
0.04084633930256715,0.004231537088036914,966.0
