ZL,error,N
0.03414144112472532,0.003926245058182109,988.0
