ZL,error,N
0.015134955053464337,0.0033552184358496668,997.0
