O^z,error,N,total_data
-0.0036495109865538537,0.0003395114467530597,903.0,28896.0
