O^z,error,N,total_data
-0.006199257463001223,0.00046562220743335837,956.0,22944.0
