O^z,error,N,total_data
-0.020028391969937515,0.0008442704980810597,982.0,15712.0
