O^z,error,N,total_data
-0.0755769071700625,0.005234210012591276,992.0,992.0
