ZL,error,N
0.25093273120064247,0.002897013438479243,1000.0
