ZL,error,N
0.26118722632769664,0.0038104297335854608,1000.0
