ZL,error,N
0.23723136688022384,0.0017296853061458668,1000.0
