O^z,error,N,total_data
-0.3398943776907232,0.007048450599829049,1.0,24.0
