O^z,error,N,total_data
-0.37665935603348955,0.009584787054152851,1.0,16.0
