O^z,error,N,total_data
-0.32688705145007524,0.006693567995777204,1.0,32.0
