O^z,error,N,total_data
-0.1964588191303812,0.005806509070046253,1000.0,1000.0
