O^z,error,N,total_data
-0.029047011892960082,0.0005151939339509628,500.0,16000.0
