ZL,error,N
-0.01823641903682109,0.0035516586908727454,1000.0
