ZL,error,N
0.20570769422957424,0.0064317464478870785,500.0
