ZL,error,N
0.10109109533577171,0.004292247867106196,1000.0
