ZL,error,N
-0.10118686343918858,0.001380747039843169,1000.0
