ZL,error,N
0.36408706946320557,0.007871241886381601,1000.0
