ZL,error,N
-0.13501364106677083,0.005032971334911791,1000.0
