ZL,error,N
0.25915171483690863,0.008147046631378014,1000.0
