ZL,error,N
0.09696678552383708,0.007414413830751207,1000.0
