ZL,error,N
0.841288408010048,0.0038193592277665695,1000.0
