ZL,error,N
0.7139197478103766,0.0016786734173346285,1000.0
