ZL,error,N
-0.22608404076950814,0.010034115711016698,1000.0
