ZL,error,N
-0.20785276727075574,0.01044740295899934,1000.0
