ZL,error,N
-0.2714570311766379,0.00723664318889489,1000.0
