ZL,error,N
-0.25159237672665813,0.009107864649393305,1000.0
