ZL,error,N
-0.2439131997003017,0.03088128351065278,100.0
