O^z,error,N,total_data
-0.03157802365376394,0.00016094115615259254,7000.0,224000.0
