O^z,error,N,total_data
-0.19750587782685233,0.005737541737881717,1000.0,1000.0
