ZL,error,N
-0.10734829068906904,0.003060960424156837,1000.0
