ZL,error,N
-0.04712732320120034,0.00293849112006705,1000.0
