ZL,error,N
-0.11270814109438224,0.00366992000123662,1000.0
