ZL,error,N
-0.09071769165166522,0.004560359443616503,1000.0
