O^z,error,N,total_data
-0.23665614476721794,0.0005392348580183588,1000.0,24000.0
