O^z,error,N,total_data
-0.2825326536756735,0.000693770598308453,1000.0,16000.0
