O^z,error,N,total_data
-0.40436632461339905,0.003025467308277351,1000.0,1000.0
