O^z,error,N,total_data
-0.07922311147495527,0.005258696500765319,993.0,993.0
