O^z,error,N,total_data
-0.001783955561164261,0.0003451730857135495,904.0,28928.0
