O^z,error,N,total_data
-0.008089613308574163,0.0004385813964435081,946.0,22704.0
