O^z,error,N,total_data
-0.022486702737308743,0.0008238074989377142,979.0,15664.0
