ZL,error,N
0.17076986327131297,0.009986319993400564,1000.0
