ZL,error,N
-0.0008017368582229272,0.0010814290956568933,7000.0
