ZL,error,N
0.02513281040204658,0.00300555378019837,1000.0
