ZL,error,N
-0.0010405802052053839,0.0029021344914894618,1000.0
