ZL,error,N
0.003653045726046051,0.0029223622041232413,1000.0
