ZL,error,N
-0.46041211734517984,0.010268314686748348,1000.0
