ZL,error,N
-0.43709493181218156,0.009111669734702796,1000.0
