ZL,error,N
-0.39557250986436976,0.006463754987922476,1000.0
