ZL,error,N
-0.4809101145325469,0.01072530262326106,1000.0
