ZL,error,N
0.034667083387386735,0.003891686368301888,998.0
