ZL,error,N
0.015699824426660507,0.003286892899344504,999.0
