ZL,error,N
0.045308206306195455,0.0044889805743483,989.0
