ZL,error,N
-0.00011996717465649086,0.002405394066594101,999.0
