ZL,error,N
-0.22190777368468975,0.010680618446304498,1000.0
