ZL,error,N
-0.2646890098847555,0.009101013367990385,1000.0
