ZL,error,N
-0.24285816714295114,0.010118307545052779,1000.0
