ZL,error,N
-0.28169895087410357,0.007160191492576338,1000.0
