ZL,error,N
-0.2306504632278518,0.03129762273233611,100.0
