ZL,error,N
0.053469030277531936,0.0034351292427570452,1000.0
