ZL,error,N
0.06450348115402199,0.003504946094608254,1000.0
