ZL,error,N
0.1098842707199684,0.003118618853617304,1000.0
