ZL,error,N
0.07997084608626144,0.0034930491578795703,1000.0
