ZL,error,N
-0.13403353974713755,0.003975965260273919,1000.0
