ZL,error,N
-0.14872087072259843,0.0025690684232306184,1000.0
