ZL,error,N
-0.09212342824719859,0.0020107107147770034,1000.0
