ZL,error,N
0.21445679699899814,0.0021822965821590447,1000.0
