ZL,error,N
0.20132490504156306,0.004149477983587461,1000.0
