ZL,error,N
0.20490961530025126,0.003366059998898479,1000.0
