Jdis,O^z,error,N
2.0,2.000532010320884e-06,2.5960175325126367e-07,10.0
