O^z,error,N,total_data
-0.003620409982940173,0.0003234614106161778,945.0,30240.0
