O^z,error,N,total_data
-0.08776803999979912,0.005380842330250437,996.0,996.0
