O^z,error,N,total_data
-0.00953220994220815,0.0004798587113522708,972.0,23328.0
