O^z,error,N,total_data
-0.028061484834380725,0.0008311161954045276,989.0,15824.0
