O^z,error,N,total_data
-0.22107432021104012,0.0008621191385490393,1000.0,16000.0
