O^z,error,N,total_data
-0.34879067393043794,0.003918564358839579,1000.0,1000.0
