O^z,error,N,total_data
-0.1364177428860622,0.0005196311601053105,1000.0,32000.0
