O^z,error,N,total_data
-0.16570126111664216,0.0006420626294187784,1000.0,24000.0
