ZL,error,N
-0.07684688296276365,0.0034308266181084647,1000.0
