ZL,error,N
0.05303317248360294,0.005560486813247108,1000.0
