ZL,error,N
-0.08342733674250787,0.00209682252124398,1000.0
