ZL,error,N
-0.017223175835441303,0.004643271921878524,1000.0
