O^z,error,N,total_data
0.001320512760846943,6.536473131862403e-05,1000.0,32000.0
