ZL,error,N
-0.6969493627792354,0.004215400163258198,1000.0
