ZL,error,N
-0.5577687493559353,0.004965814334862492,1000.0
