ZL,error,N
-0.6388888090089478,0.004964233960710372,1000.0
