ZL,error,N
-0.4526093886145416,0.003667985198365741,1000.0
