O^z,error,N,total_data
0.34248684794783507,0.00019770876317041076,1000.0,24000.0
