O^z,error,N,total_data
0.3397485990131957,0.0001754517637143734,1000.0,32000.0
