O^z,error,N,total_data
0.34883258762633124,0.00021123096358656194,1000.0,16000.0
