O^z,error,N,total_data
0.35721203138634827,0.0005499118899417418,1000.0,1000.0
