O^z,error,N,total_data
-0.006918577811685937,0.0003829137017200782,975.0,31200.0
