O^z,error,N,total_data
-0.013239249849454175,0.0005022767952498475,986.0,23664.0
