O^z,error,N,total_data
-0.0933075127890345,0.0056793759675517865,998.0,998.0
