O^z,error,N,total_data
-0.032303406937059034,0.0008306887580909196,996.0,15936.0
