ZL,error,N
0.0032982274965048393,0.0023808150537142202,972.0
