ZL,error,N
0.004588781035018843,0.0024922116623935756,945.0
