ZL,error,N
0.008978613369156199,0.0020333626949189647,996.0
