ZL,error,N
0.005639583468428966,0.0021559747960237696,989.0
