ZL,error,N
0.2846665628434303,0.002059983722499643,1000.0
