ZL,error,N
0.3133208456085532,0.0024263847166133804,1000.0
