ZL,error,N
0.2523079929654484,0.0013932347263763928,1000.0
