O^z,error,N,total_data
0.3176368659229438,0.00041212450624885456,1000.0,16000.0
