O^z,error,N,total_data
0.324539002046262,0.0014444465782751468,1000.0,1000.0
