O^z,error,N,total_data
0.30928371685873063,0.0003203436280419318,1000.0,32000.0
