O^z,error,N,total_data
0.31177139060280884,0.000361007838349497,1000.0,24000.0
