O^z,error,N,total_data
-0.37378765784991547,0.0037639891830276006,1000.0,1000.0
