O^z,error,N,total_data
-0.2444977288817181,0.0008171481304981298,1000.0,16000.0
