O^z,error,N,total_data
-0.18872395924286908,0.0006021023743083296,1000.0,24000.0
