O^z,error,N,total_data
-0.16066400683035664,0.000480620106147571,1000.0,32000.0
