ZL,error,N
0.19345627567027326,0.01036745308898631,500.0
