O^z,error,N,total_data
-0.21205624187697372,0.0005859867594472612,1000.0,24000.0
