O^z,error,N,total_data
-0.38850653543716845,0.003309353472077204,1000.0,1000.0
