O^z,error,N,total_data
-0.2623869968516768,0.0007586468666899048,1000.0,16000.0
