O^z,error,N,total_data
-0.1851377595331302,0.0004849726623995623,1000.0,32000.0
