O^z,error,N,total_data
-0.04027185923052775,0.0006238612238866237,500.0,16000.0
