ZL,error,N
0.7619047719681398,0.002276299658176983,1000.0
