O^z,error,N,total_data
-0.003491773597024692,0.0004816436651537324,863.0,20712.0
