O^z,error,N,total_data
-0.0008747127556242183,0.0003694207700901163,775.0,24800.0
