O^z,error,N,total_data
-0.052741602643626366,0.004714139524186735,981.0,981.0
