O^z,error,N,total_data
-0.010406441451805618,0.0006916099234055311,950.0,15200.0
