ZL,error,N
-0.11793068875303743,0.008642801781910915,1000.0
