ZL,error,N
0.16258708472130928,0.011798735576306582,1000.0
