ZL,error,N
-0.00020516529579145398,0.010927664247990616,1000.0
