ZL,error,N
0.0877129628075168,0.011610875875599828,1000.0
