O^z,error,N,total_data
-0.02674539074418678,0.00043024850693251283,1000.0,32000.0
