O^z,error,N,total_data
-0.2855190282369605,0.0053441950243703455,1000.0,1000.0
