O^z,error,N,total_data
-0.10730212323220895,0.0006818509358746107,1000.0,24000.0
