O^z,error,N,total_data
-0.16007889697882818,0.0010103832192891278,1000.0,16000.0
