O^z,error,N,total_data
-0.07704863424927488,0.0005123991776188265,1000.0,32000.0
