ZL,error,N
0.39364180548798305,0.01117994782022804,498.0
