O^z,error,N,total_data
7.996824476021791e-07,4.30962541697593e-07,1000.0,32000.0
