O^z,error,N,total_data
0.0785712745304844,0.0005120872300283083,1000.0,32000.0
