O^z,error,N,total_data
0.07810032458196088,0.0005129072529467998,1000.0,32000.0
