O^z,error,N,total_data
0.17953500315010867,0.003388691943771792,1000.0,1000.0
