O^z,error,N,total_data
0.09557994599283165,0.0006230867817319507,1000.0,24000.0
