O^z,error,N,total_data
0.12438363254228302,0.000801706446427714,1000.0,16000.0
