ZL,error,N
0.09677188969513345,0.005815636212625816,997.0
