ZL,error,N
0.07133164641581448,0.005008566095142026,999.0
