ZL,error,N
0.09874636354424823,0.008349463074708751,500.0
