ZL,error,N
0.034907405445647605,0.004096990755306753,1000.0
