ZL,error,N
-0.005834392161069891,0.002624522456413664,1000.0
