Dimerization,ZL,error,N
0.05,-0.22242206080853943,0.010088724511727378,1000.0
0.1,-0.16792716913278335,0.010817078709003216,1000.0
0.15,-0.07950766934945483,0.01153366840273905,1000.0
0.2,0.03374316925888308,0.011821358069042515,1000.0
0.25,0.16258708472130928,0.011798735576306582,1000.0
0.3,0.2851209211330858,0.011092341458172613,1000.0
