ZL,error,N
0.8018596368383335,0.002924668963366806,1000.0
