ZL,error,N
0.8665078304612589,0.004777581053861765,1000.0
