ZL,error,N
0.656132647556424,0.0027978964495217564,1000.0
