ZL,error,N
0.8365073422705812,0.0043956469163524935,1000.0
