ZL,error,N
0.8774938463899407,0.00990752808165693,500.0
