ZL,error,N
0.786959154833898,0.0034142456895463343,1000.0
