ZL,error,N
0.8975605151293974,0.00895498242096224,500.0
