O^z,error,N,total_data
0.34552802974719515,0.0002269850009910813,1000.0,16000.0
