O^z,error,N,total_data
0.3392807713517276,0.00021281278686345929,1000.0,24000.0
