O^z,error,N,total_data
0.3362845144815672,0.00019148471721550914,1000.0,32000.0
