O^z,error,N,total_data
0.3528006050193473,0.0006337668806404101,1000.0,1000.0
