ZL,error,N
-0.13306285874401202,0.01742472119055029,348.0
