ZL,error,N
-0.26809515979597104,0.0034825862345406557,7000.0
