ZL,error,N
-0.2593429846389179,0.009775888445888897,1000.0
