ZL,error,N
-0.2820676818925481,0.008537643867151595,1000.0
