ZL,error,N
-0.2762749115251599,0.0032379117657852286,7000.0
