ZL,error,N
-0.2559737554923241,0.009863460115306462,1000.0
