ZL,error,N
-0.28440749693155865,0.002643831298405234,7000.0
