ZL,error,N
-0.24281329614813263,0.010146259486549214,1000.0
