ZL,error,N
-0.2751649483385296,0.00913604590237294,1000.0
