ZL,error,N
-0.29226682009155264,0.006879299632207408,1000.0
