ZL,error,N
-0.20128009421619805,0.01092704152835604,900.0
