ZL,error,N
0.003926209576723763,0.0022226288243490278,996.0
