ZL,error,N
0.006180596724593282,0.002176533274463655,999.0
