ZL,error,N
0.003377992011262591,0.0021563931946579347,991.0
