ZL,error,N
0.012029669829132126,0.002259799085054345,999.0
