O^z,error,N,total_data
-0.06920581678930099,0.000496130067214701,1000.0,32000.0
