O^z,error,N,total_data
-0.018567711201915423,0.00036537961390722593,999.0,31968.0
