O^z,error,N,total_data
0.07473246272358239,0.0004933890603413791,1000.0,32000.0
