O^z,error,N,total_data
0.1217217367687594,0.0008047630552544654,1000.0,16000.0
