O^z,error,N,total_data
0.09395834037314806,0.000606382030924117,1000.0,24000.0
