O^z,error,N,total_data
0.17798305068945547,0.003351845111705289,1000.0,1000.0
