O^z,error,N,total_data
-0.033664565593883436,0.000306666055650978,1000.0,16000.0
