O^z,error,N,total_data
-0.009195743135238733,0.00012479924462959388,1000.0,24000.0
