O^z,error,N,total_data
-0.14825359010713407,0.0020696215327524643,1000.0,1000.0
