O^z,error,N,total_data
-0.12347737384699468,0.0009539813730323556,1000.0,16000.0
