O^z,error,N,total_data
-0.07517712814843482,0.0006101328343158915,1000.0,24000.0
