O^z,error,N,total_data
-0.25073719032995206,0.005272224696595229,1000.0,1000.0
