O^z,error,N,total_data
-0.052011938699884866,0.0004380260763704345,1000.0,32000.0
