ZL,error,N
0.535668481388174,0.0005301092124588647,920.0
