O^z,error,N,total_data
-0.03603476927813437,0.0001654360755558587,7000.0,224000.0
