O^z,error,N,total_data
-0.1784197910544554,0.0009398346967894195,1000.0,16000.0
