O^z,error,N,total_data
-0.12293654452860191,0.0006481803293672471,1000.0,24000.0
