O^z,error,N,total_data
-0.10576468529713921,0.000579867729224622,916.0,25648.0
