O^z,error,N,total_data
-0.22736174357316097,0.0011632883301911329,1000.0,12000.0
