O^z,error,N,total_data
-0.14573435914735805,0.0007587576690831386,1000.0,20000.0
