O^z,error,N,total_data
-0.31057802990141875,0.004420486968258857,1000.0,1000.0
