O^z,error,N,total_data
-0.09188247637409815,0.0004881663755095728,1000.0,32000.0
