ZL,error,N
0.048341720797476256,0.004739196582669801,1000.0
