ZL,error,N
0.09289567302718552,0.0049724426722911885,1000.0
