ZL,error,N
-0.046666411753134934,0.003986808451863008,1000.0
