ZL,error,N
0.09108186779000732,0.007314894225407219,500.0
