ZL,error,N
0.17790613207388153,0.005017002110687333,1000.0
