ZL,error,N
-0.11557471394013552,0.0021606821198660517,1000.0
