ZL,error,N
-0.0007846678087949392,0.004475449045075062,1000.0
