ZL,error,N
-0.11254090651119099,0.001239654765916735,1000.0
