ZL,error,N
0.1374017476578862,0.005012664112514721,1000.0
