ZL,error,N
0.20785495108734947,0.005102934475083089,1000.0
