ZL,error,N
0.23976571740813193,0.005058506310876084,1000.0
