ZL,error,N
-0.08546991530362909,0.0032654280203459718,1000.0
