ZL,error,N
-0.0854655647265354,0.0032650910379418887,1000.0
