ZL,error,N
-0.0003761709146236883,0.0044891745498743165,1000.0
