ZL,error,N
-0.11254090651119335,0.001239654765916711,1000.0
