O^z,error,N,total_data
-0.2879768026282168,0.0005510238456918001,1000.0,16000.0
