O^z,error,N,total_data
-0.22151160113828852,0.0004136187014995914,1000.0,24000.0
