O^z,error,N,total_data
-0.43769151399303796,0.00241841684047358,1000.0,1000.0
