O^z,error,N,total_data
-0.43124317325299066,0.0027367822804435366,1000.0,1000.0
