O^z,error,N,total_data
-0.27970821856048217,0.0005858179501845739,1000.0,16000.0
