O^z,error,N,total_data
-0.21206810289447062,0.00039487744707915155,1000.0,24000.0
