O^z,error,N,total_data
-0.0014207667742082441,0.00031566165308118636,500.0,16000.0
