ZL,error,N
0.24919936737682974,0.0022146419317859945,1000.0
