ZL,error,N
-0.0674396272897658,0.0006196536820827357,1000.0
