ZL,error,N
0.1066675794305188,0.0017880649908935276,1000.0
