ZL,error,N
-0.46230675698772583,0.010769591981279364,1000.0
