ZL,error,N
-0.4157672475818141,0.008905756783286485,1000.0
