ZL,error,N
-0.43988810864085914,0.010170718044734168,1000.0
