ZL,error,N
-0.38575427151307806,0.00609793993793544,1000.0
