ZL,error,N
0.0262288455474128,0.002651409812369492,1000.0
