ZL,error,N
-0.001020799659250472,0.001474937711281974,1000.0
