ZL,error,N
-0.1059095529783148,0.0005830765021370951,1000.0
