ZL,error,N
0.12224911839463605,0.0019131356270848025,1000.0
