ZL,error,N
-0.12873778910598138,0.0012029014913720972,1000.0
