ZL,error,N
-0.1969658163166533,0.002319793307845796,1000.0
