ZL,error,N
-0.20483550588465135,0.0017140194160370672,1000.0
