ZL,error,N
-0.3683817024526102,0.009093741956057357,1000.0
