ZL,error,N
-0.33614243266867494,0.0065813407460414836,1000.0
