ZL,error,N
-0.3541485843070805,0.008411869008422205,1000.0
