ZL,error,N
-0.3548709726261929,0.009858491509957022,1000.0
