ZL,error,N
-0.3799687312693622,0.029867301270793466,100.0
