ZL,error,N
-0.09504527415812394,0.003169396994330584,1000.0
