ZL,error,N
-0.07515897240862653,0.004525259663777172,1000.0
