ZL,error,N
-0.09420437608869099,0.003707120356098674,1000.0
