ZL,error,N
-0.07875519115091774,0.002887345732069869,1000.0
