ZL,error,N
-0.095474234451726,0.0034218064982151314,1000.0
