ZL,error,N
-0.04339547131424327,0.0029773119853190523,1000.0
