ZL,error,N
-0.08788194449461727,0.004203767290161885,960.0
