O^z,error,N,total_data
0.17313425214068837,0.0033938743316295704,1000.0,1000.0
