O^z,error,N,total_data
0.11925285604686896,0.0007918755058396593,1000.0,16000.0
