O^z,error,N,total_data
0.07191490006758372,0.00048081197293478654,1000.0,32000.0
