O^z,error,N,total_data
0.08957272071651773,0.0005909357793811244,1000.0,24000.0
