ZL,error,N
0.2290998352050899,0.009537423480653671,1000.0
