ZL,error,N
-0.1294411597896774,0.00637897731657369,1000.0
