ZL,error,N
0.3263844878273114,0.009803946986184635,1000.0
