ZL,error,N
0.07906936822059865,0.008876786518262712,1000.0
