O^z,error,N,total_data
-0.43650930113797787,0.0017505526470341926,1000.0,1000.0
