O^z,error,N,total_data
-0.30892492421638923,0.0004176184957991555,1000.0,24000.0
