O^z,error,N,total_data
-0.33935059671192613,0.00047042703063343696,1000.0,16000.0
