O^z,error,N,total_data
-0.09061845576411584,0.0008191765720432085,1000.0,16000.0
