O^z,error,N,total_data
-0.02746176735327723,0.0003092507348154838,1000.0,32000.0
