O^z,error,N,total_data
-0.21101798344604664,0.004747440702077395,1000.0,1000.0
