O^z,error,N,total_data
-0.0466597975793299,0.0004792654437805089,1000.0,24000.0
