O^z,error,N,total_data
-0.04106522165382229,0.0004845954221799606,1000.0,16000.0
