O^z,error,N,total_data
-0.0137753903185777,0.00021809859080930955,1000.0,24000.0
