O^z,error,N,total_data
-0.1472527507983787,0.003607940548644013,1000.0,1000.0
