O^z,error,N,total_data
-0.00569533403323988,0.00011434890552648712,1000.0,32000.0
