Dimerization,ZL
0.1,3.247717397794658e-06
0.2,3.093586304935181e-05
0.3,0.00019974881521526517
0.4,0.00029895639210918666
0.5,0.0003426275389258544
0.6,0.00037707574931015645
0.7,0.0003990508604264541
0.8,0.00041192268755453664
0.9,0.0004180945761955874
1.0,0.00041990962777943574
