Dimerization,ZL
0.1,3.247717397794744e-06
0.2,3.093586304935263e-05
0.3,0.00019974881521526294
0.4,0.0002989563921091909
0.5,0.00034262753892585167
0.6,0.0003770757493101593
0.7,0.0003990508604264606
0.8,0.00041192268755453496
0.9,0.00041809457619558385
1.0,0.0004199096277794357
