O^z,error,N,total_data
-0.01675530579759798,0.0007803534915817161,987.0,15792.0
