O^z,error,N,total_data
-0.006709464039289475,0.0004313626960795775,941.0,22584.0
