O^z,error,N,total_data
-0.07170157214293987,0.005135736972936625,992.0,992.0
