O^z,error,N,total_data
-0.0019272134157484802,0.00036173912669293975,900.0,28800.0
