O^z,error,N,total_data
-3.0805923364637884e-05,7.595667817534148e-06,1000.0,32000.0
