ZL,error,N
-0.020950227058477107,0.004270568019040659,1000.0
