ZL,error,N
-0.026447728279626704,0.003023144733591409,1000.0
