ZL,error,N
-0.0392976866539748,0.003787700600325995,1000.0
