ZL,error,N
-0.04706021384074781,0.0033712877766566523,1000.0
