ZL,error,N
0.889514292575959,7.351407433376695e-05,1000.0
