ZL,error,N
-0.04375900912239723,0.0045383201500641766,1000.0
