ZL,error,N
-0.10275651488604896,0.0031656373795443766,1000.0
