ZL,error,N
-0.10406806614104312,0.001586682226746734,1000.0
