O^z,error,N,total_data
0.11863751155664813,0.0005698008751572711,1000.0,32000.0
