O^z,error,N,total_data
0.2087502013721753,0.0032296036007436932,1000.0,1000.0
