O^z,error,N,total_data
0.1599627683890129,0.0008219407771097622,1000.0,16000.0
