O^z,error,N,total_data
0.13475398501497662,0.0006660476827119809,1000.0,24000.0
