ZL,error,N
-0.2821810174780723,0.0072992775367355395,1000.0
