ZL,error,N
-0.2576282569332782,0.009534449979090778,1000.0
