ZL,error,N
-0.2419397336907035,0.010456068538275678,1000.0
