ZL,error,N
-0.21625243641877076,0.011113025023912227,1000.0
