ZL,error,N
-0.23757521725940647,0.03298395087487059,100.0
