O^z,error,N,total_data
-0.1197042546591648,0.0007684681647639288,1000.0,16000.0
