O^z,error,N,total_data
-0.25573602934824624,0.0038603309861631975,1000.0,1000.0
