O^z,error,N,total_data
-0.03977379429777893,0.0003258558531005415,1000.0,32000.0
