O^z,error,N,total_data
-0.06435259162077138,0.00046376092935168525,1000.0,24000.0
