ZL,error,N
0.9022252483954205,1.012558283581009e-14,1000.0
