ZL,error,N
-0.07590360339973315,0.004181745299104969,1000.0
