ZL,error,N
-0.03348807404778921,0.00515849274483385,1000.0
