ZL,error,N
-0.0681070116822315,0.0024902816084930437,1000.0
