ZL,error,N
-0.10052050375197571,0.0031730023082157375,1000.0
