ZL,error,N
-0.3024159980060736,0.008734208050823422,1000.0
