ZL,error,N
-0.3051370160452042,0.0069868276614517355,1000.0
