ZL,error,N
-0.28810906010297355,0.009711684417702872,1000.0
