ZL,error,N
-0.2685753882316264,0.010223806271044772,1000.0
