O^z,error,N,total_data
-0.031206659100453154,0.00015470317580848774,6999.0,223968.0
