O^z,error,N,total_data
-0.011187751190026258,0.0003794786438667104,992.0,31744.0
