O^z,error,N,total_data
-0.04353783288275545,0.0008969891524199878,999.0,15984.0
