O^z,error,N,total_data
-0.1142207481503687,0.0055104999179957205,999.0,999.0
