O^z,error,N,total_data
-0.017880544365684422,0.0005293075103222433,994.0,23856.0
