O^z,error,N,total_data
0.3606438784797664,0.004466646937119972,1.0,16.0
