O^z,error,N,total_data
0.34710234077056806,0.004053572450555288,1.0,32.0
