O^z,error,N,total_data
0.3500962169834682,0.005068784439147762,1.0,24.0
