O^z,error,N,total_data
-0.03160254648738806,0.0005424891909178909,1000.0,24000.0
