O^z,error,N,total_data
-0.018510880205161836,0.0003655993338563959,1000.0,32000.0
