O^z,error,N,total_data
-0.017940953133327657,0.0004915865986459032,500.0,16000.0
