O^z,error,N,total_data
-0.06175958213466151,0.0009054741059337534,1000.0,16000.0
