O^z,error,N,total_data
-0.16057085634501586,0.005863573532700931,1000.0,1000.0
