O^z,error,N,total_data
0.1184930322116414,0.0007887178886535189,1000.0,16000.0
