O^z,error,N,total_data
0.08817759566918544,0.0005947865945136387,1000.0,24000.0
