O^z,error,N,total_data
0.07200615474311206,0.00048262405372558726,1000.0,32000.0
