O^z,error,N,total_data
0.17308244435319137,0.0033494013673604516,1000.0,1000.0
