O^z,error,N,total_data
-0.36912972431118035,0.004024714103096883,1000.0,1000.0
