O^z,error,N,total_data
-0.2359405095089612,0.0008137880173926473,1000.0,16000.0
