ZL,error,N
-0.01319752428160781,0.00268047366762644,1000.0
