ZL,error,N
0.031440789740473526,0.005639634819312081,500.0
