ZL,error,N
0.007343185472138137,0.0034627282057810896,500.0
