ZL,error,N
0.004308941315165054,0.0032830399593075854,500.0
