ZL,error,N
0.007160804689932781,0.002073239366185261,999.0
