ZL,error,N
0.0063622297867270425,0.002356251735032582,992.0
