ZL,error,N
0.002931618681923613,0.003758236504183683,422.0
