ZL,error,N
0.0006893286347586463,0.002239477462496882,994.0
