ZL,error,N
0.014871401633453726,0.002312041242065067,999.0
