O^z,error,N,total_data
-0.11160855096131587,0.005566978046577635,999.0,999.0
