O^z,error,N,total_data
-0.016659018107959712,0.0005107138334675063,995.0,23880.0
