O^z,error,N,total_data
-0.00687294680241187,0.0003314969359682934,994.0,31808.0
