O^z,error,N,total_data
-0.03612832947948566,0.000855015974935714,999.0,15984.0
