O^z,error,N,total_data
-0.06888706460313362,0.0005001639361994594,1000.0,32000.0
