O^z,error,N,total_data
0.09089255522239144,0.0005986573417522336,1000.0,24000.0
