O^z,error,N,total_data
0.11866124315701443,0.0007950084046324344,1000.0,16000.0
