O^z,error,N,total_data
0.07312086268948072,0.0004848414139278208,1000.0,32000.0
