O^z,error,N,total_data
0.17541635721074908,0.003369560180850589,1000.0,1000.0
