O^z,error,N,total_data
-0.034203399753232264,0.00038340476510622014,1000.0,32000.0
