ZL,error,N
-0.0682053075030113,0.003312655551697359,1000.0
