ZL,error,N
-0.0361406030154341,0.002972547670541389,1000.0
