ZL,error,N
-0.06301281118319833,0.0037561344079404036,1000.0
