ZL,error,N
-0.040181148212882774,0.0043496109589303885,1000.0
