Dimerization,O^z,error,N
0.0,-0.07952473048291862,0.0,500.0
0.1,-0.07540178580361963,0.0,500.0
0.2,-0.07189747207955924,0.0,500.0
0.3,-0.061623463511854305,0.0,500.0
0.4,-0.05133888569635312,0.0,500.0
0.5,-0.03545845801014033,0.0,500.0
