ZL,error,N
0.0863275050131778,0.0026918256386684923,1000.0
