ZL,error,N
-0.033339079661285874,0.0021740662676682444,1000.0
