ZL,error,N
-0.11628628045605491,0.0008075515504984162,1000.0
