O^z,error,N,total_data
0.2768063258588259,0.0004438536535963862,1000.0,32000.0
