O^z,error,N,total_data
0.3000892130412363,0.001970684845183198,1000.0,1000.0
