O^z,error,N,total_data
0.2881111344398115,0.0005602154860063672,1000.0,16000.0
