O^z,error,N,total_data
0.28059165263851576,0.0004797871639484872,1000.0,24000.0
