O^z,error,N,total_data
0.01948735692001164,0.001457379889455183,1000.0,1000.0
