O^z,error,N,total_data
0.0023621880509981617,0.00010995344820516251,1000.0,16000.0
