O^z,error,N,total_data
4.985969860461841e-05,1.9496791211515167e-05,500.0,24000.0
