O^z,error,N,total_data
0.000635434978626699,4.3401766268247395e-05,1000.0,24000.0
