O^z,error,N,total_data
8.335816949183524e-06,5.647546020289807e-06,499.0,31936.0
