O^z,error,N,total_data
0.00021191940287562652,2.773060366024879e-05,1000.0,32000.0
