O^z,error,N,total_data
-0.18536420947468527,0.0005680043109378108,1000.0,24000.0
