O^z,error,N,total_data
-0.3694819728939244,0.0040218984365236925,1000.0,1000.0
