O^z,error,N,total_data
-0.23991267872627092,0.000798925062358052,1000.0,16000.0
