O^z,error,N,total_data
-0.15333302955814365,0.0004430252066654084,1000.0,32000.0
