ZL,error,N
0.05516911471070566,0.0030218634597813953,1000.0
