ZL,error,N
0.013587445071682578,0.0009201479475988174,7000.0
