ZL,error,N
0.029293412670003002,0.0027950702847747435,1000.0
