ZL,error,N
0.020026200896496378,0.002563142130019337,1000.0
