ZL,error,N
0.2849195622297289,0.011302167961003773,1000.0
