O^z,error,N,total_data
-0.033628317276744556,0.00025073971868564386,3000.0,96000.0
