O^z,error,N,total_data
-0.014395028952954862,0.0004381545940178029,1000.0,16000.0
