O^z,error,N,total_data
-0.0023009037992027716,0.00013600309792595686,1000.0,32000.0
