O^z,error,N,total_data
0.24745841583521871,0.002744742939265041,1000.0,1000.0
