O^z,error,N,total_data
0.1895209173015883,0.0006922012008271166,1000.0,24000.0
