O^z,error,N,total_data
0.1796998470268576,0.0006096991689775391,1000.0,32000.0
