O^z,error,N,total_data
0.20905386056122888,0.0007941784008168509,1000.0,16000.0
