O^z,error,N,total_data
-0.02495141407933413,0.0005692196243160673,499.0,15968.0
