O^z,error,N,total_data
-0.19060916553734755,0.005974171829712182,1000.0,1000.0
