O^z,error,N,total_data
-0.10468426488904899,0.005467335066918959,999.0,999.0
