O^z,error,N,total_data
-0.008188748594571894,0.00033118079258779643,989.0,31648.0
