O^z,error,N,total_data
-0.03473105170360787,0.0008191268764585817,999.0,15984.0
