O^z,error,N,total_data
-0.014631467139217593,0.0004833152144279824,992.0,23808.0
