O^z,error,N,total_data
-0.43035841637078576,0.0023348642059260872,1000.0,1000.0
