O^z,error,N,total_data
-0.31687653918709024,0.0005846304847379356,1000.0,16000.0
