O^z,error,N,total_data
-0.2784572447487738,0.0004728971877110296,1000.0,24000.0
