O^z,error,N,total_data
-0.052488885562232385,0.006190431624868492,1.0,16.0
