O^z,error,N,total_data
0.003025554367181848,0.0020676726174732925,1.0,32.0
