O^z,error,N,total_data
-0.005551050858518084,0.0038625087623544666,1.0,24.0
