ZL,error,N
0.193431415143011,0.0035580953409224555,1000.0
