ZL,error,N
0.19983559980773632,0.003226213450940167,1000.0
