ZL,error,N
0.19685263841240574,0.002400136142361926,1000.0
