ZL,error,N
0.1972504358519354,0.002885520336897583,1000.0
