ZL,error,N
0.20617962799009915,0.003772226480017913,1000.0
