O^z,error,N,total_data
0.15971081315451827,0.000700754539780368,1000.0,24000.0
