O^z,error,N,total_data
0.14431703669840043,0.0006153164717379001,1000.0,32000.0
