O^z,error,N,total_data
0.22876156852328364,0.00296217968356299,1000.0,1000.0
