O^z,error,N,total_data
0.18266223797118558,0.0008225771056183416,1000.0,16000.0
