O^z,error,N,total_data
-3.208619982600349e-07,4.5115595083085096e-07,1000.0,32000.0
