O^z,error,N,total_data
-0.1572708469342426,0.0004283106946552672,1000.0,32000.0
