O^z,error,N,total_data
-0.059428345748398254,0.0002768811020241276,187.0,23890.0
