O^z,error,N,total_data
-0.3786187152880104,0.003906366586070526,1000.0,1000.0
