O^z,error,N,total_data
-0.1897605947016058,0.0005436146842527147,1000.0,24000.0
