O^z,error,N,total_data
-0.11875260856199067,0.0002937770354716321,1000.0,48000.0
