O^z,error,N,total_data
-0.24655456317533256,0.0007711624567302542,1000.0,16000.0
