O^z,error,N,total_data
-0.01290946973046863,0.00020535763872076728,5941.0,142584.0
