O^z,error,N,total_data
-0.0005321498640649201,0.00012048974095957811,1772.0,113408.0
