O^z,error,N,total_data
-0.031734346428621,0.00036076046857592633,5984.0,95744.0
