O^z,error,N,total_data
-0.00658060891920636,0.00014381936122349678,5837.0,186784.0
