O^z,error,N,total_data
-0.0998210902717247,0.005596941683388509,998.0,998.0
