O^z,error,N,total_data
0.3339500830907758,0.0002314933236816214,1000.0,24000.0
