O^z,error,N,total_data
0.3389958458559702,0.00025869554113528613,1000.0,16000.0
