O^z,error,N,total_data
0.34692552808259686,0.0007216054686581302,1000.0,1000.0
