O^z,error,N,total_data
0.3302935031716926,0.00020670090210186487,1000.0,32000.0
