O^z,error,N,total_data
-0.01480829658951971,0.0005752425803851203,999.0,15984.0
