ZL,error,N
0.0018533096721667598,0.0010412676217232079,7000.0
