ZL,error,N
0.013621656597398571,0.002788098650877274,1000.0
