ZL,error,N
0.03246184478863459,0.003059141079157235,1000.0
