ZL,error,N
0.00031999483724553314,0.0027691346442809198,1000.0
