O^z,error,N,total_data
-0.20503600288544124,0.005586657112520859,1000.0,1000.0
