O^z,error,N,total_data
-0.028991475923784163,0.0003488404570542349,1000.0,32000.0
