O^z,error,N,total_data
-0.08814860531681445,0.0008850993188228147,1000.0,16000.0
