O^z,error,N,total_data
-0.04554050217046035,0.0005223010546685138,1000.0,24000.0
