O^z,error,N,total_data
-0.16912778969962622,0.0004728432649740711,1000.0,32000.0
