O^z,error,N,total_data
-0.3801703704136223,0.0036077895286969644,1000.0,1000.0
