O^z,error,N,total_data
-0.25161032854788173,0.0007872284819512303,1000.0,16000.0
