O^z,error,N,total_data
-0.19939295134184687,0.0005762976948943884,1000.0,24000.0
