O^z,error,N,total_data
0.2332826604927578,0.0005374227502647782,1000.0,24000.0
