O^z,error,N,total_data
0.2424543098414313,0.0006203495995070578,1000.0,16000.0
