O^z,error,N,total_data
0.2692411386125516,0.001967545998960392,1000.0,1000.0
