O^z,error,N,total_data
0.22745545295350197,0.0004934670480119737,1000.0,32000.0
