O^z,error,N,total_data
0.1239090378617188,0.0007821336737322268,1000.0,16000.0
