O^z,error,N,total_data
0.1875025399325926,0.0030044070303425494,1000.0,1000.0
