O^z,error,N,total_data
0.0930666319986066,0.0006198703364376173,1000.0,24000.0
