O^z,error,N,total_data
0.07472752354800563,0.0005144476789963898,1000.0,32000.0
