O^z,error,N,total_data
-0.19850706157236378,0.0005638560874650634,1000.0,24000.0
