O^z,error,N,total_data
-0.38362128290755043,0.0036199272281672973,1000.0,1000.0
