O^z,error,N,total_data
-0.16773092063193049,0.0004594006462746205,1000.0,32000.0
