O^z,error,N,total_data
-0.2520676009395937,0.0007680346672821913,1000.0,16000.0
