ZL,error,N
-0.30962965550636434,0.00708636919767367,1000.0
