ZL,error,N
-0.3024675420321991,0.010255743896091832,1000.0
