ZL,error,N
-0.2771738093438958,0.01119343366621199,1000.0
