ZL,error,N
-0.2992947561771337,0.009432852204224646,1000.0
