ZL,error,N
-0.2793198484531025,0.011143206562504318,1000.0
