ZL,error,N
0.07010867168664289,0.005181089918421763,993.0
