ZL,error,N
-0.006795865070735469,0.0024911159553894897,1000.0
