ZL,error,N
0.05157501693802553,0.004555482450084159,999.0
