ZL,error,N
0.021026454626108297,0.0038195478597642272,1000.0
