O^z,error,N,total_data
0.2169437665800835,0.0007300372999625643,1000.0,16000.0
