O^z,error,N,total_data
0.19007241963865737,0.0005750355533778402,1000.0,32000.0
