O^z,error,N,total_data
0.1996959219750858,0.0006417645062173797,1000.0,24000.0
