O^z,error,N,total_data
0.25321604255607066,0.00236500834013653,1000.0,1000.0
