O^z,error,N,total_data
-0.27004596582199286,0.0019426010349584645,1000.0,1000.0
