O^z,error,N,total_data
-0.10598423403644691,0.00045188744607610205,1000.0,16000.0
