O^z,error,N,total_data
-0.043051689385284066,0.00024470262304951326,1000.0,24000.0
