ZL,error,N
0.7084997277356615,0.0036948379557794806,1000.0
