ZL,error,N
0.020999276075976857,0.002841869584625361,1000.0
