ZL,error,N
0.011764555842451353,0.0029166358195964436,992.0
