ZL,error,N
0.0022745434926159545,0.0023188263198475547,999.0
