ZL,error,N
0.01690812819508032,0.0030998246084380917,989.0
