ZL,error,N
0.004294568920132079,0.0026158131424425485,999.0
