O^z,error,N,total_data
-0.01590596661308905,0.000489268607778305,996.0,23904.0
