O^z,error,N,total_data
-0.03298156093880817,0.00078989863042709,998.0,15968.0
