O^z,error,N,total_data
-0.00714504528962088,0.00032152152059794644,994.0,31808.0
