O^z,error,N,total_data
-0.10213208583609228,0.005448256432029026,999.0,999.0
