O^z,error,N,total_data
-0.00605910345096874,0.00040310286952659777,969.0,23256.0
