O^z,error,N,total_data
-0.0024533820361147315,0.0002681870256310066,940.0,30080.0
