O^z,error,N,total_data
-0.07088787250859836,0.004827732761357595,994.0,994.0
