O^z,error,N,total_data
-0.01997845893495247,0.0007224829097327805,994.0,15904.0
