O^z,error,N,total_data
-0.015460548077564447,0.00022904131808655642,1000.0,32000.0
