O^z,error,N,total_data
-0.17959572422821066,0.004590083245008784,1000.0,1000.0
