O^z,error,N,total_data
-0.029411590369165696,0.0003792794614856652,1000.0,24000.0
