O^z,error,N,total_data
-0.0656563587587038,0.0006992291969262343,1000.0,16000.0
