O^z,error,N,total_data
0.1735544847081581,0.0033428369413846977,1000.0,1000.0
