O^z,error,N,total_data
0.11929816895509018,0.0007900484250274434,1000.0,16000.0
