O^z,error,N,total_data
0.08890511437651065,0.0005997090201273136,1000.0,24000.0
