O^z,error,N,total_data
0.07113348385029362,0.0004788633668867739,1000.0,32000.0
