ZL,error,N
-0.05243497302671842,0.00357832462829051,1000.0
