ZL,error,N
0.010554565846085438,0.003468696077389856,1000.0
