ZL,error,N
-0.08196963011204421,0.003889318686144309,1000.0
