ZL,error,N
-0.07750252539287099,0.003720366080931215,1000.0
