ZL,error,N
-0.26138259595149566,0.032767113385840825,100.0
