ZL,error,N
-0.24509460330994104,0.010422744164782552,1000.0
