ZL,error,N
-0.222298087405248,0.011034378352405363,1000.0
