ZL,error,N
-0.2870080390003718,0.007254551727998793,1000.0
