ZL,error,N
-0.26365569265931554,0.009519229879436144,1000.0
