O^z,error,N,total_data
-1.7288442195762114e-06,2.536815201199248e-06,1000.0,32000.0
