O^z,error,N,total_data
-0.17831482419669636,0.0007993053334177226,1000.0,16000.0
