O^z,error,N,total_data
-0.11793606125125328,0.0005842840867885191,1000.0,24000.0
