O^z,error,N,total_data
-0.3138971726200588,0.003583855087439041,1000.0,1000.0
