O^z,error,N,total_data
-0.23289837512341963,0.0008424957411790041,1000.0,16000.0
