O^z,error,N,total_data
-0.17903255319533998,0.0006285373862118507,1000.0,24000.0
