O^z,error,N,total_data
-0.36353901616386103,0.0037761307710641764,1000.0,1000.0
