O^z,error,N,total_data
-0.14923766633471564,0.0004981926904905022,1000.0,32000.0
