ZL,error,N
-0.02731793933004791,0.004644655388123039,1000.0
