ZL,error,N
-0.08792428166046799,0.0033433276572173956,1000.0
