ZL,error,N
0.0467011209629752,0.005475256090685389,1000.0
