ZL,error,N
-0.09044353159675284,0.0019001269388224423,1000.0
