O^z,error,N,total_data
0.0034194930106181466,0.00023051074375496003,250.0,6000.0
