O^z,error,N,total_data
0.010866434911770933,0.0004909582841579354,250.0,4000.0
