O^z,error,N,total_data
0.0503697948015893,0.004501940092628381,250.0,250.0
