ZL,error,N
-0.2654743502200822,0.00865013792887185,1000.0
