ZL,error,N
-0.28106795899423503,0.006917462932086551,1000.0
