ZL,error,N
-0.2256475610433391,0.009659665969298114,1000.0
