ZL,error,N
-0.2483882928816835,0.009347223061934353,1000.0
