O^z,error,N,total_data
3.350638151754449e-06,1.4174208763522174e-06,1000.0,32000.0
