Dimerization,O^z,error,N
0.0,-0.1711321088235346,0.0,500.0
0.1,-0.18092195887415127,0.0,500.0
0.2,-0.20808975978558159,0.0,500.0
0.3,-0.2337850653314464,0.0,500.0
0.4,-0.23045127484869005,0.0,500.0
0.5,-0.15128569772802597,0.0,500.0
