ZL,error,N
-0.7679976816731089,0.0009475954240924583,1000.0
