ZL,error,N
-0.8579032804688329,0.0004671456354807517,1000.0
