ZL,error,N
-0.8262158581223008,0.000623457155145281,1000.0
