ZL,error,N
-0.6273146069936923,0.0013073765581281618,1000.0
