ZL,error,N
-0.0002825548109421915,0.0017189325106305659,3000.0
