O^z,error,N,total_data
-0.09778276275305771,0.0005209493557099768,1000.0,24000.0
