O^z,error,N,total_data
-0.04226992601354361,0.0002754794202237338,1000.0,40000.0
