O^z,error,N,total_data
-0.01566326372851247,0.00012675299684521848,1000.0,64000.0
