O^z,error,N,total_data
-0.15874996996263332,0.00074016274102107,1000.0,16000.0
