O^z,error,N,total_data
-0.002541370349776888,8.344899818438673e-05,200.0,25600.0
