O^z,error,N,total_data
-0.037628018058442333,0.0002538813245717006,1000.0,44000.0
