O^z,error,N,total_data
-0.030372817035349484,0.00021219749848113787,1000.0,48000.0
