O^z,error,N,total_data
-0.015076827916784996,0.00016562426134362096,500.0,32000.0
