O^z,error,N,total_data
-0.06322153876934657,0.0003784931337656652,1000.0,32000.0
