O^z,error,N,total_data
-0.12305165222610484,0.0006153500555050888,1000.0,20000.0
