O^z,error,N,total_data
-0.299146103614423,0.003202095161475789,1000.0,1000.0
