O^z,error,N,total_data
-0.09769340891044008,0.0005200715049697028,1000.0,24000.0
