O^z,error,N,total_data
-0.05088464232079819,0.000324247616860423,1000.0,36000.0
