O^z,error,N,total_data
-0.06075915048291656,0.000518202006919863,500.0,16000.0
