O^z,error,N,total_data
-0.15870022135293801,0.0007401535092126729,1000.0,16000.0
