O^z,error,N,total_data
-0.21273896943789972,0.0009077883325858348,1000.0,12000.0
