O^z,error,N,total_data
-0.077293149154098,0.0004350146373314591,1000.0,28000.0
