O^z,error,N,total_data
-0.03046990396868127,0.0002299338388071765,877.0,42077.0
