O^z,error,N,total_data
-0.2991839654176732,0.0032008294765340896,1000.0,1000.0
