O^z,error,N,total_data
-0.04959554055932361,0.004696297971204314,920.0,920.0
