O^z,error,N,total_data
-0.0018178421010113773,0.00028697417533460595,852.0,27264.0
