O^z,error,N,total_data
-0.004430991357677718,0.00042275309390995256,894.0,21456.0
