O^z,error,N,total_data
-0.009222394091921524,0.0007106681487792939,971.0,15536.0
