O^z,error,N,total_data
-0.04867287355135659,0.004520986788114028,989.0,989.0
