O^z,error,N,total_data
-0.4048695980226878,0.0024605040719053286,1000.0,1000.0
