O^z,error,N,total_data
-0.2942357816876581,0.0006211175902287105,1000.0,16000.0
