O^z,error,N,total_data
-0.2513108336322258,0.000521936884751177,1000.0,24000.0
