O^z,error,N,total_data
-0.43964270809445416,0.0025260290068050205,1000.0,1000.0
