O^z,error,N,total_data
-0.26150030159846277,0.00044393162124740807,1000.0,24000.0
