O^z,error,N,total_data
-0.30954231736154275,0.0005732318391918226,1000.0,16000.0
