ZL,error,N
-0.21078478099805148,0.009774225807017822,1000.0
