ZL,error,N
-0.24824570233282775,0.00883703597019822,1000.0
