ZL,error,N
-0.2723645306367725,0.007141459642917965,1000.0
