ZL,error,N
-0.23147388148212877,0.009342682703551687,1000.0
