O^z,error,N,total_data
0.29881318358902603,0.000415175659779782,1000.0,24000.0
