O^z,error,N,total_data
0.3144921152468666,0.0016261329608500531,1000.0,1000.0
