O^z,error,N,total_data
0.2949239218926119,0.0003841799094357163,1000.0,32000.0
