O^z,error,N,total_data
0.30533101910571386,0.0004702076776275084,1000.0,16000.0
