O^z,error,N,total_data
0.023835754673109392,0.00028752942855474813,1000.0,32000.0
