ZL,error,N
-0.020686293434883107,0.0025802497593400905,1000.0
