ZL,error,N
0.8610613596316116,0.003363298864951543,1000.0
