ZL,error,N
0.8133646134182073,0.001993177612334262,1000.0
