ZL,error,N
0.671607010020255,0.002302439172473545,1000.0
