ZL,error,N
0.9164494049772703,0.007986334147466892,499.0
