ZL,error,N
0.9117330774845542,0.006132270834142051,499.0
