ZL,error,N
0.8817200101813312,0.004535104463960666,1000.0
