ZL,error,N
-0.2046712867745937,0.00434599716549118,1000.0
