ZL,error,N
-0.05367371230398374,0.004071110831522014,1000.0
