ZL,error,N
-0.09720746545649823,0.006087889437779486,500.0
