ZL,error,N
-0.23369744906730938,0.006158661110557518,500.0
