ZL,error,N
-0.20315877311018854,0.0061876227918210526,500.0
