ZL,error,N
-0.25739523721665586,0.006523713560630301,500.0
