ZL,error,N
-0.3027156227040887,0.004711009384734345,1000.0
