ZL,error,N
-0.28568315430133334,0.007233856272629799,421.0
