ZL,error,N
-0.003463102689442648,0.00360389673196054,1000.0
