ZL,error,N
-0.13472720852547088,0.004107539875809056,1000.0
