ZL,error,N
-0.17096963064261855,0.006275082610802232,500.0
