ZL,error,N
-0.006961735827268043,0.005272294053570799,500.0
