ZL,error,N
-0.1718699753929518,0.004352397268598074,1000.0
