ZL,error,N
-0.2579362614113897,0.004562640338853549,1000.0
