ZL,error,N
-0.28074101787048195,0.00456099354728357,1000.0
