ZL,error,N
-0.23410587533881969,0.004357171061938519,1000.0
