ZL,error,N
0.05116869137825185,0.0031322068671157596,1000.0
