ZL,error,N
-0.09657904190148554,0.004198342594876371,1000.0
