ZL,error,N
-0.30205061234607383,0.007763777351933254,398.0
