O^z,error,N,total_data
-0.1079366011770021,0.00505408262975326,1000.0,1000.0
