O^z,error,N,total_data
-0.11984923242116984,0.005236493756291553,1000.0,1000.0
