O^z,error,N,total_data
0.11027528254168846,0.0018176026899412152,100.0,3200.0
