O^z,error,N,total_data
0.14742803446976877,0.0008229640640292852,1000.0,16000.0
