O^z,error,N,total_data
0.10479399893656384,0.0005627191329217487,1000.0,32000.0
