O^z,error,N,total_data
0.19752954172473597,0.0033268586538888856,1000.0,1000.0
