O^z,error,N,total_data
0.11869898495998428,0.0006673130732569114,1000.0,24000.0
