ZL,error,N
-0.3977127282678865,0.006456612133184741,500.0
