ZL,error,N
-0.07602875571115839,0.0032488463627629804,1000.0
