ZL,error,N
-0.27561698689233693,0.0034247481563255988,1000.0
