ZL,error,N
-0.4072130498462571,0.004596571044322829,1000.0
