ZL,error,N
-0.33979369306727186,0.0037025505881437253,1000.0
