ZL,error,N
-0.21668613823445357,0.00312217055711112,1000.0
