ZL,error,N
-0.17438398806305558,0.0034070929670325933,1000.0
