ZL,error,N
-0.5620683170071916,0.011344857437141427,200.0
