ZL,error,N
-0.3557848008134998,0.0040121227917328745,984.0
