ZL,error,N
-0.24554123008749415,0.003113605041287817,1000.0
