ZL,error,N
-0.32120326906175645,0.003659307700660711,1000.0
