ZL,error,N
-0.30112107015933726,0.0035085872770763147,1000.0
