ZL,error,N
-0.012414825069400103,0.002914990622924513,1000.0
