ZL,error,N
-0.3556083793452444,0.003989375918084225,1000.0
