ZL,error,N
-0.13151155358268096,0.003276861549135036,1000.0
