ZL,error,N
-0.2381725050202503,0.010303649527028483,1000.0
