ZL,error,N
-0.2908748851940008,0.007071252919447084,1000.0
