ZL,error,N
-0.26392278824049054,0.009674109731035788,1000.0
