ZL,error,N
-0.27412090255370775,0.008886899474207604,1000.0
