ZL,error,N
0.850262352851349,0.004124273945701403,1000.0
