ZL,error,N
0.5571630891087659,0.006523754203697327,250.0
