ZL,error,N
0.7477513495691279,0.0032614231906131475,250.0
