ZL,error,N
0.8173777942800344,0.0060016164219587834,250.0
