O^z,error,N,total_data
-0.044439983350497377,0.0004598449381852772,1000.0,32000.0
