ZL,error,N
-0.042158637800182905,0.0029053225023219363,1000.0
