ZL,error,N
-0.14481278640975967,0.0034842418586594234,1000.0
