O^z,error,N,total_data
0.0945255213528071,0.0006062318768937703,1000.0,24000.0
