O^z,error,N,total_data
0.1774084217088011,0.003350115072200878,1000.0,1000.0
