O^z,error,N,total_data
0.07725037698746967,0.0004880830544697345,1000.0,32000.0
