O^z,error,N,total_data
0.12355465942604076,0.0007948427186417577,1000.0,16000.0
