ZL,error,N
0.22974108501009274,0.0032943470450765766,1000.0
