ZL,error,N
0.21544270617644237,0.0021349731325990815,1000.0
