ZL,error,N
0.22187591641602836,0.002765022634552506,1000.0
