ZL,error,N
-0.27604221604382684,0.007206544103702477,1000.0
