ZL,error,N
-0.2550884951574683,0.008811964673647086,1000.0
