ZL,error,N
-0.21240342092785777,0.010226608812007706,1000.0
