ZL,error,N
-0.24039100883718406,0.009753596898762257,1000.0
