O^z,error,N,total_data
-0.023372620951557517,0.00023365122923270492,1000.0,28000.0
