O^z,error,N,total_data
-0.011722666945980962,0.0001439898857749241,1000.0,36000.0
