O^z,error,N,total_data
-0.08007270632972578,0.0005677870723823531,1000.0,16000.0
