O^z,error,N,total_data
-0.016780371724964462,0.00026679782276342275,500.0,16000.0
