O^z,error,N,total_data
-0.05169704962550414,0.0004075965405521417,1000.0,20000.0
