O^z,error,N,total_data
-0.12620349954117313,0.0011251955650884158,500.0,6000.0
