O^z,error,N,total_data
-0.01619831437644074,0.00017983475532151586,1000.0,32000.0
