O^z,error,N,total_data
-0.034435993588639725,0.0003014779675425763,1000.0,24000.0
