O^z,error,N,total_data
-0.12828722058767966,0.0007938361504223457,1000.0,12000.0
