O^z,error,N,total_data
-0.2193310370209888,0.003192870132238769,1000.0,1000.0
