O^z,error,N,total_data
-0.004275200373829909,6.628876076208062e-05,1000.0,48000.0
