O^z,error,N,total_data
-0.00860808065102449,0.00017885671186538453,495.0,19800.0
