O^z,error,N,total_data
-0.008379519852625326,0.00012005380858339135,1000.0,40000.0
