O^z,error,N,total_data
-0.050719080931752966,0.0005837248633602033,500.0,10000.0
