O^z,error,N,total_data
-0.005965758547100784,8.635033060911251e-05,1000.0,44000.0
