O^z,error,N,total_data
-0.01213325312007937,0.0002053133173763747,500.0,18000.0
