O^z,error,N,total_data
-0.023494279536051838,0.0003363338894341086,500.0,14000.0
