O^z,error,N,total_data
0.09171233955345744,0.0004833893886091688,1000.0,16000.0
