O^z,error,N,total_data
0.03409379718141372,0.00025043221935059376,1000.0,32000.0
