O^z,error,N,total_data
0.053265320147661964,0.0003569962485973955,1000.0,24000.0
