O^z,error,N,total_data
0.17574855760602237,0.0017583545490267901,1000.0,1000.0
