O^z,error,N,total_data
0.06984475143792142,0.00047581204092865347,1000.0,32000.0
