O^z,error,N,total_data
0.11747527204674657,0.0007825491960503501,1000.0,16000.0
