O^z,error,N,total_data
0.08687800097894828,0.0005922642363619787,1000.0,24000.0
