O^z,error,N,total_data
0.1719685420334533,0.0033618965973939547,1000.0,1000.0
