ZL,error,N
-0.3321885284213048,0.006749993843236078,1000.0
