ZL,error,N
-0.35293345760519207,0.033379826000736634,100.0
