ZL,error,N
-0.34930633291749574,0.009759610082894382,1000.0
