ZL,error,N
-0.33914272849700405,0.01038377894113386,1000.0
