ZL,error,N
-0.34758612139803674,0.008616528979702349,1000.0
