ZL,error,N
-0.024100317654307358,0.0035274856394854693,1000.0
