ZL,error,N
0.024619535978537777,0.0034205829177256478,1000.0
