ZL,error,N
-0.02397638674140606,0.0034489877537515635,1000.0
