ZL,error,N
-0.01016705387100102,0.003386542642407757,1000.0
