O^z,error,N,total_data
-0.20065644512996206,0.005860435688140761,1000.0,1000.0
