O^z,error,N,total_data
-0.031033086323558435,0.000604923601974359,500.0,16000.0
