Dimerization,O^z,error
0,0.04435735099918925,0.0006356292475822064
