ZL,error,N
0.011872273007622527,0.003078072967640694,991.0
