ZL,error,N
0.02183580604098549,0.0035296004486494443,970.0
