ZL,error,N
0.0008181754260261175,0.0023149412487135203,995.0
