ZL,error,N
0.03269663995938435,0.0038847876369886495,944.0
