ZL,error,N
0.02500085213354074,0.003662575925063326,999.0
