ZL,error,N
0.016970701291809637,0.003394983308938933,999.0
