ZL,error,N
-0.001705552634245337,0.0024816803889478162,1000.0
