ZL,error,N
0.00693428932107657,0.0028966724762315237,1000.0
