ZL,error,N
0.028153474158239395,0.005300157754857655,499.0
