O^z,error,N,total_data
-0.41339426898724047,0.00289447100039371,1000.0,1000.0
