O^z,error,N,total_data
-0.2067549415273399,0.0004291274582982003,1000.0,24000.0
