O^z,error,N,total_data
-0.2708360138990453,0.0006349485139829506,1000.0,16000.0
