O^z,error,N,total_data
-0.2672368641742784,0.0002651143384287997,6000.0,96000.0
