O^z,error,N,total_data
-0.40358104658771377,0.003154189425465573,1000.0,1000.0
