O^z,error,N,total_data
-0.10132595060635208,0.00012954559093202042,2000.0,128000.0
