O^z,error,N,total_data
-0.12589760692155488,0.0002421389809962539,1000.0,48000.0
