O^z,error,N,total_data
-0.1695604086089196,0.00014545532298399752,6000.0,192000.0
