O^z,error,N,total_data
-0.17024556237252228,0.0003587839270715577,1000.0,32000.0
