O^z,error,N,total_data
-0.2060613972776825,0.00018801549475532626,6000.0,144000.0
