O^z,error,N,total_data
-0.05439904686924318,0.00028739616506357325,100.0,12800.0
