ZL,error,N
-0.008140954163586457,0.00479031526255677,500.0
