ZL,error,N
0.15600773958319405,0.002805541127983837,1000.0
