ZL,error,N
0.13908732040441266,0.003244873935986701,1000.0
