ZL,error,N
0.1316568492856913,0.0034761909415285427,1000.0
