ZL,error,N
0.04920688412099905,0.002947746345442526,1000.0
