ZL,error,N
0.009611268637997876,0.0009252475348265938,6999.0
