O^z,error,N,total_data
-0.22499968120238623,0.0008511241679107186,1000.0,16000.0
