O^z,error,N,total_data
-0.3556391331081075,0.004120311731377526,1000.0,1000.0
