O^z,error,N,total_data
-0.16742165560470668,0.0006242442943743855,1000.0,24000.0
