O^z,error,N,total_data
-0.3825658094386473,0.0037147377834079267,1000.0,1000.0
