O^z,error,N,total_data
-0.16351859298850582,0.0004465867712840594,1000.0,32000.0
