O^z,error,N,total_data
-0.25000784712753554,0.0007743035728862935,1000.0,16000.0
