O^z,error,N,total_data
-0.19469198859764314,0.0005677212783563143,1000.0,24000.0
