O^z,error,N,total_data
0.10380650855155399,0.0005474254174590681,1000.0,32000.0
