O^z,error,N,total_data
0.14930538643135963,0.0008104920225737918,1000.0,16000.0
