O^z,error,N,total_data
0.12196506650402311,0.0006639915807412308,1000.0,24000.0
