O^z,error,N,total_data
0.19947377248107756,0.0033110329775343493,1000.0,1000.0
