ZL,error,N
-0.09661176744308174,0.00423133514870839,1000.0
