ZL,error,N
-0.04134008544616293,0.004102289233307074,1000.0
