ZL,error,N
-0.14158444936813802,0.004268603202496941,1000.0
