ZL,error,N
0.04459515942243475,0.003459361627022187,1000.0
