O^z,error,N,total_data
-0.0045707449095674394,0.0003653027801492685,930.0,29760.0
