O^z,error,N,total_data
-0.020794253435946312,0.0007808401273210591,992.0,15872.0
