O^z,error,N,total_data
-0.0818244573325069,0.005343559077021658,995.0,995.0
