O^z,error,N,total_data
-0.008854702715287021,0.0004882959079501348,970.0,23280.0
