ZL,error,N
-0.07682449225533569,0.0132815044866755,1000.0
