ZL,error,N
-0.11707586671819033,0.01201217374759304,1000.0
