ZL,error,N
-0.18040001062515107,0.010434779702791764,1000.0
