ZL,error,N
-0.26198084087478635,0.006997076734493726,1000.0
