O^z,error,N,total_data
0.00017897058438723552,8.217389965106507e-05,1.0,24.0
