O^z,error,N,total_data
0.0004007301801220315,0.00021679106156898093,1.0,16.0
