O^z,error,N,total_data
-1.7945532313554352e-05,3.932940856490127e-05,1.0,32.0
