O^z,error,N,total_data
-0.05985327016693175,0.0004569729000559485,1000.0,32000.0
