O^z,error,N,total_data
-0.08388542040066811,0.0006277554685603201,1000.0,24000.0
