O^z,error,N,total_data
-0.25768175725279874,0.005174798735772849,1000.0,1000.0
