O^z,error,N,total_data
-0.1331765520562565,0.0009619177198817011,1000.0,16000.0
