ZL,error,N
-0.2885130663926079,0.008589879251777724,1000.0
