ZL,error,N
-0.297064035874155,0.006925535078882084,1000.0
