ZL,error,N
-0.282958656258104,0.03137152325856266,100.0
