ZL,error,N
-0.26316452530700996,0.009876411539583038,1000.0
