ZL,error,N
-0.2813275319586433,0.0092443680449306,1000.0
