ZL,error,N
-0.04680046025591254,0.0038420457535994256,1000.0
