ZL,error,N
-0.026663921606082972,0.004389261561968355,1000.0
