ZL,error,N
-0.0315351671528964,0.0030484694216848427,1000.0
