ZL,error,N
-0.05712904204633275,0.0033029260298563013,1000.0
