O^z,error,N,total_data
-0.001214000551885524,0.00011620586491850165,500.0,16000.0
