O^z,error,N,total_data
-0.030972760945319727,0.0005691681016033525,500.0,16000.0
