O^z,error,N,total_data
-0.1684429072369879,0.005634821727211332,1000.0,1000.0
