O^z,error,N,total_data
-0.009229206735414738,0.0004416000764005714,499.0,15968.0
