O^z,error,N,total_data
-0.12152174199225028,0.00570015011877642,1000.0,1000.0
