O^z,error,N,total_data
-0.009537561998588986,0.00031684071833549426,999.0,31968.0
