O^z,error,N,total_data
-0.04073146308601262,0.0008215685256348491,1000.0,16000.0
