O^z,error,N,total_data
-0.01846985168102132,0.0004726801708462234,999.0,23976.0
