O^z,error,N,total_data
-0.011809627632046927,0.0003918496960422324,999.0,31968.0
