O^z,error,N,total_data
-0.052597885988286915,0.0009013994839921964,1000.0,16000.0
