O^z,error,N,total_data
-0.01257576284995332,0.0005778959878580966,500.0,16000.0
