O^z,error,N,total_data
-0.13773428514719538,0.005705432165035317,1000.0,1000.0
