O^z,error,N,total_data
-0.02382589685016313,0.0005125473737245166,1000.0,24000.0
