O^z,error,N,total_data
-0.058501087160893014,0.0002485578992165185,1000.0,16000.0
