O^z,error,N,total_data
-0.017749659679753577,0.00011968748189317278,1000.0,24000.0
