O^z,error,N,total_data
-0.220585296607145,0.0012816808846608991,1000.0,1000.0
