ZL,error,N
-0.13114809222037374,0.002825153201869697,1000.0
