ZL,error,N
-0.07192632078550874,0.005142727739695402,1000.0
