ZL,error,N
-0.10982872173802094,0.004057859208883331,1000.0
