ZL,error,N
-0.08300983558402455,0.0022045291498017745,1000.0
