ZL,error,N
-0.032841427684199904,0.004549600975499354,1000.0
