ZL,error,N
0.043009914034094335,0.005425991502011776,1000.0
