ZL,error,N
-0.09392043587708598,0.0033218768259339502,1000.0
