ZL,error,N
-0.09484219626852868,0.001807229122068886,1000.0
