ZL,error,N
-0.08576813710103344,0.0035784373096258743,1000.0
