ZL,error,N
-0.08249299132754473,0.003931733660350599,1000.0
