ZL,error,N
-0.017636501308822536,0.0032243106128712136,1000.0
