ZL,error,N
-0.0715801602355431,0.0033181962043012905,1000.0
