O^z,error,N,total_data
-0.16004255828457553,0.0006447059180843797,1000.0,24000.0
