O^z,error,N,total_data
-0.12931070079747806,0.0005048247858916655,1000.0,32000.0
