O^z,error,N,total_data
-0.3442850185456761,0.0041187793954759735,1000.0,1000.0
