O^z,error,N,total_data
-0.21331733788991067,0.000885131317315609,1000.0,16000.0
