ZL,error,N
-0.0202150058407295,0.0026670040083222723,1000.0
