ZL,error,N
-0.10418714936423613,0.0036786117890080282,1000.0
