ZL,error,N
-0.046767817319554775,0.0029464742430864235,1000.0
