ZL,error,N
-0.08204762098988136,0.004513894133990426,1000.0
