ZL,error,N
-0.1013809915241301,0.003103034041435653,1000.0
