ZL,error,N
-0.15498129436703037,0.0036753492673472707,1000.0
