ZL,error,N
-0.19656951225792954,0.003458075479199967,1000.0
