ZL,error,N
0.004508429921895673,0.002970576297189193,1000.0
