ZL,error,N
-0.26525746191217464,0.0035637196741155376,1000.0
