ZL,error,N
-0.2930628410839041,0.003599380729926977,1000.0
