ZL,error,N
-0.4148967986281915,0.004174786941329876,1000.0
