ZL,error,N
-0.23200557381830358,0.005020948539897523,500.0
