ZL,error,N
-0.29190228025809356,0.005132774107539507,500.0
