ZL,error,N
-0.33266616972617313,0.006053734612352048,415.0
