ZL,error,N
-0.35210247800083083,0.003921454753194676,1000.0
