ZL,error,N
-0.5763743670930875,0.011297850634505557,200.0
