ZL,error,N
-0.05865895627628325,0.004889589133211825,500.0
