ZL,error,N
-0.30594863669862304,0.005534768259260472,500.0
