ZL,error,N
-0.41406273684695216,0.005755975545824901,500.0
