ZL,error,N
-0.05798404951131087,0.0033348817571231316,1000.0
