ZL,error,N
-0.15436826091882183,0.005121024239459116,500.0
