ZL,error,N
-0.11265813115070102,0.003493496258966865,1000.0
