ZL,error,N
-0.3315575736787364,0.0038867110272111536,1000.0
