ZL,error,N
-0.31050952226198064,0.0038309784002678333,1000.0
