ZL,error,N
-0.23153577305924383,0.0035396129598361022,1000.0
