ZL,error,N
-0.2631371429452772,0.004984796680788781,500.0
