ZL,error,N
-0.34322595843324494,0.006533016545213625,403.0
