ZL,error,N
0.009295710035504534,0.0009662328529259022,7000.0
