ZL,error,N
0.04507351960706367,0.002936516439842962,1000.0
