O^z,error,N,total_data
-0.015940330144883295,0.0004803450123851622,500.0,16000.0
