O^z,error,N,total_data
-0.15599000766328056,0.005547974470515319,1000.0,1000.0
