O^z,error,N,total_data
-0.0008963852197651662,0.0004742139237731304,1.0,24.0
