ZL,error,N
-0.3307939599832059,0.011364395196842843,900.0
