ZL,error,N
-0.34415172257529997,0.009200892970838969,1000.0
