ZL,error,N
-0.3424130646332813,0.009695937813933367,1000.0
