ZL,error,N
-0.33998373809664306,0.008274118623740457,1000.0
