ZL,error,N
-0.3203927558849217,0.0025433617032601607,7000.0
