ZL,error,N
-0.3328212055265174,0.0031628175634888485,7000.0
