ZL,error,N
-0.34035566630029,0.009765049935578179,1000.0
