ZL,error,N
-0.32945517978497846,0.006643897156514809,1000.0
