ZL,error,N
-0.29301257428912003,0.018132146812698056,368.0
