ZL,error,N
-0.3452151696320318,0.010407255089498779,1000.0
