ZL,error,N
-0.34019216025793403,0.003448334829708598,7000.0
