O^z,error,N,total_data
0.009181904520910207,0.00014563715151076826,1000.0,32000.0
