O^z,error,N,total_data
-0.18681952542242342,0.000550710044974132,200.0,25600.0
