O^z,error,N,total_data
-0.1975372791110621,0.00046493026382036953,500.0,32000.0
