O^z,error,N,total_data
-0.24070852028682074,0.0006974403558318786,500.0,14000.0
