O^z,error,N,total_data
-0.19875666732381236,0.00033064539436783474,1000.0,64000.0
