O^z,error,N,total_data
-0.33353525229505293,0.001079261049676166,500.0,6000.0
