O^z,error,N,total_data
-0.2141479251612001,0.0005994577079210172,500.0,20000.0
