O^z,error,N,total_data
-0.24155422533257256,0.0004853445974605014,1000.0,28000.0
