O^z,error,N,total_data
-0.2658112083101541,0.0008218764392926791,500.0,10000.0
