O^z,error,N,total_data
-0.20921525416190875,0.00037416608363484064,1000.0,48000.0
