O^z,error,N,total_data
-0.21242993107793073,0.0005907857109413873,416.0,18293.0
