O^z,error,N,total_data
-0.29545352255489304,0.0006420859115233452,1000.0,16000.0
