O^z,error,N,total_data
-0.23045127484869005,0.0006428848974239252,500.0,16000.0
