O^z,error,N,total_data
-0.27008162115519824,0.0005735228051054417,1000.0,20000.0
