O^z,error,N,total_data
-0.2264736737332986,0.00042347382199624505,1000.0,36000.0
