O^z,error,N,total_data
-0.21316121677612268,0.0003889439178458974,1000.0,44000.0
