O^z,error,N,total_data
-0.216597000047191,0.0004156549940872132,1000.0,40000.0
