O^z,error,N,total_data
-0.25209953303798577,0.0005307008066376222,1000.0,24000.0
