O^z,error,N,total_data
-0.22542861498889946,0.0006017109712972071,500.0,18000.0
