O^z,error,N,total_data
-0.23345740280078797,0.0004490485870193811,1000.0,32000.0
