O^z,error,N,total_data
-0.4124677684830958,0.0026660059310493318,1000.0,1000.0
