O^z,error,N,total_data
-0.335246081704808,0.0007491474616947819,1000.0,12000.0
