O^z,error,N,total_data
0.0027033335327633257,9.872334678519477e-05,1000.0,32000.0
