O^z,error,N,total_data
0.03509258493996336,0.0004074205699895222,1000.0,24000.0
