O^z,error,N,total_data
0.022713310914528592,0.00028178392858262076,1000.0,32000.0
