O^z,error,N,total_data
0.11719569525720287,0.003309564202768758,1000.0,1000.0
