O^z,error,N,total_data
0.06031566183665883,0.0006437043123471765,1000.0,16000.0
