ZL,error,N
-0.015216580113982017,0.00370696016621264,1000.0
