O^z,error,N,total_data
0.0034632676873662402,9.182226644825035e-05,1000.0,32000.0
