O^z,error,N,total_data
9.491309735432625e-07,4.2456098006276455e-07,1000.0,32000.0
