O^z,error,N,total_data
-0.2027978706274033,0.005712086139665953,1000.0,1000.0
