O^z,error,N,total_data
-0.05063138185571908,0.0005945065911868724,1000.0,24000.0
