O^z,error,N,total_data
-0.09391364034157507,0.0009832536072094235,1000.0,16000.0
