O^z,error,N,total_data
-0.03246305592040473,0.00015840842269176648,7000.0,224000.0
