O^z,error,N,total_data
-0.021790319042854552,0.003157802226847313,1.0,32.0
