O^z,error,N,total_data
-0.05825460349085441,0.007485596888184979,1.0,24.0
