O^z,error,N,total_data
-0.11737605244448697,0.005693587697369528,1.0,16.0
