O^z,error,N,total_data
-0.20813630548846349,0.0005734265672128461,1000.0,24000.0
