O^z,error,N,total_data
-0.38553756748332846,0.0035251288633316347,1000.0,1000.0
