O^z,error,N,total_data
-0.17922024157110752,0.0004856848478204514,1000.0,32000.0
