O^z,error,N,total_data
-0.25730778534721127,0.0007666936811573569,1000.0,16000.0
