O^z,error,N,total_data
0.18859684610809943,0.003246203604670924,1000.0,1000.0
