O^z,error,N,total_data
0.1306492229797828,0.0008121631993524087,1000.0,16000.0
