O^z,error,N,total_data
0.08284538449228084,0.0005367487402105537,1000.0,32000.0
