O^z,error,N,total_data
0.10159613260950683,0.0006475470608653288,1000.0,24000.0
