ZL,error,N
0.03339752177735951,0.002881554283237801,1000.0
