ZL,error,N
0.1881142764156917,0.003135906496480129,1000.0
