ZL,error,N
0.1852544100869719,0.0036405130257318083,1000.0
