ZL,error,N
0.1966285461437278,0.0024357531761832084,1000.0
