O^z,error,N,total_data
0.10801530787666837,0.0006395183503129954,1000.0,24000.0
