O^z,error,N,total_data
0.1878506006162094,0.0033614882828821614,1000.0,1000.0
