O^z,error,N,total_data
0.09043519059030022,0.0005311141042918259,1000.0,32000.0
