O^z,error,N,total_data
0.13633498025028523,0.000801560045523418,1000.0,16000.0
