O^z,error,N,total_data
0.09677104151355569,0.001726046726297523,100.0,3200.0
