ZL,error,N
0.7341281321103627,2.8070866390892245e-13,500.0
