O^z,error,N,total_data
-0.3405317656300427,0.004078450695971429,1000.0,1000.0
