O^z,error,N,total_data
-0.1223305960599413,0.000511276977759577,1000.0,32000.0
