O^z,error,N,total_data
-0.209864417220183,0.000884876823183476,1000.0,16000.0
