O^z,error,N,total_data
-0.1553653997533335,0.0006564718398405853,1000.0,24000.0
