ZL,error,N
0.22787710926531737,0.0032092076045948307,1000.0
