ZL,error,N
0.22686866367813993,0.001987404533263838,1000.0
