ZL,error,N
0.23089334568361883,0.0039992339389465096,1000.0
