ZL,error,N
0.005355788817348465,0.0030997128684524334,724.0
