ZL,error,N
0.002419146040149209,0.0026510298352885597,1000.0
