ZL,error,N
0.00529517945533319,0.0026178020053010467,1000.0
