ZL,error,N
0.006889884917755655,0.002590851616483874,1000.0
