ZL,error,N
0.01772939617754,0.0027250893634200705,1000.0
