ZL,error,N
0.007505260150075535,0.0035565539901928423,500.0
