ZL,error,N
0.8242551267239029,0.001403596765393686,1000.0
