O^z,error,N,total_data
-0.19805077743885757,0.003439817547300322,1000.0,1000.0
