O^z,error,N,total_data
-0.027896867644129037,0.00027541490520976715,1000.0,24000.0
