O^z,error,N,total_data
-0.0696881474564768,0.00055879578147673,1000.0,16000.0
