O^z,error,N,total_data
0.20277611048341843,0.000785413861254589,1000.0,16000.0
