O^z,error,N,total_data
0.1800212988494935,0.0006861055001084745,1000.0,24000.0
