O^z,error,N,total_data
0.17030517781459276,0.000599367082017689,1000.0,32000.0
