O^z,error,N,total_data
0.2373411223335186,0.0029883536325095686,1000.0,1000.0
