O^z,error,N,total_data
0.0016592038959922643,8.82446689352133e-05,500.0,24000.0
