O^z,error,N,total_data
0.0005329082479267382,4.131629884446272e-05,500.0,32000.0
