O^z,error,N,total_data
0.005490603410466152,0.00013564166229373617,1000.0,32000.0
