O^z,error,N,total_data
0.025248876165159483,0.0004141479234678176,1000.0,16000.0
