O^z,error,N,total_data
0.01188569714266916,0.00023510037148518985,1000.0,24000.0
