O^z,error,N,total_data
0.07637927327111757,0.0027722921439307193,1000.0,1000.0
