O^z,error,N,total_data
-0.012477211647261136,0.000134390034752016,2000.0,128000.0
