O^z,error,N,total_data
-0.11047476910697186,0.00042238620586224264,6000.0,96000.0
