O^z,error,N,total_data
-0.04326984171883227,0.00018926445052822133,6000.0,192000.0
