O^z,error,N,total_data
-0.06584558972395552,0.0002668353839148136,6000.0,144000.0
