O^z,error,N,total_data
-0.2287901684296885,0.005567925404991017,1000.0,1000.0
