ZL,error,N
0.007835239076124701,0.002311620013247486,999.0
