ZL,error,N
0.009622373225503012,0.002394552653482922,1000.0
