ZL,error,N
0.0007935191648256877,0.0023226948656252366,1000.0
