ZL,error,N
0.029438431766578115,0.0027255903305904044,1000.0
