O^z,error,N,total_data
0.1884123356824005,0.0033628501350951153,1000.0,1000.0
