O^z,error,N,total_data
0.08799610881923516,0.0005256643189436898,1000.0,32000.0
