O^z,error,N,total_data
0.13324914981281175,0.0008167219824876015,1000.0,16000.0
