O^z,error,N,total_data
0.10520044947370048,0.0006457491690791416,1000.0,24000.0
