O^z,error,N,total_data
-5.78444836155719e-17,1.5745888784951575e-16,1000.0,32000.0
