ZL,error,N
-0.2759040415550574,0.0036034679854154883,1000.0
