ZL,error,N
-0.014227328249437099,0.0022463012065102,1000.0
