ZL,error,N
-0.15918001008810642,0.0031458503804279543,1000.0
