ZL,error,N
-0.1585319110370813,0.010376104142631157,1000.0
