ZL,error,N
-0.25410590815727957,0.007316252088415646,1000.0
