ZL,error,N
-0.218408598913246,0.009142406731147626,1000.0
