ZL,error,N
-0.18949328501112686,0.009837626094203987,1000.0
