O^z,error,N,total_data
1.8441554598039927e-08,2.377168473229346e-08,1000.0,32000.0
