O^z,error,N,total_data
0.12648039881349346,0.00080185880430619,1000.0,16000.0
