O^z,error,N,total_data
0.18106219916208577,0.003384737430231321,1000.0,1000.0
