O^z,error,N,total_data
0.0794954852186529,0.0005032183362978533,1000.0,32000.0
