O^z,error,N,total_data
0.0756576254192361,0.0015689555576914908,100.0,3200.0
