O^z,error,N,total_data
0.09652134337920205,0.0006271579317696333,1000.0,24000.0
