O^z,error,N,total_data
-0.012477137034089009,0.00048130046194030615,500.0,16000.0
