O^z,error,N,total_data
-0.0841278370018865,0.0008128645580019588,1000.0,16000.0
