O^z,error,N,total_data
-0.0438149226300546,0.00047524850625328934,1000.0,24000.0
