O^z,error,N,total_data
-0.025683404016342285,0.00030894586173672454,1000.0,32000.0
