O^z,error,N,total_data
-0.20370649937862448,0.004908225174315927,1000.0,1000.0
