ZL,error,N
-0.3481303391001944,0.01234397459458599,1000.0
