ZL,error,N
-0.3488266108112802,0.0068951855887705756,1000.0
