ZL,error,N
-0.3438297938965537,0.011463131575905996,1000.0
