ZL,error,N
-0.3473555789438141,0.009996839258077268,1000.0
