O^z,error,N,total_data
0.004832537483686762,0.0001390471054563166,1000.0,32000.0
