ZL,error,N
0.6923367314097646,0.004846647927183406,1000.0
