ZL,error,N
0.7763210397661202,0.004423226574792456,1000.0
