ZL,error,N
0.8042639657509257,0.005895772457238233,1000.0
