ZL,error,N
0.5078645701042535,0.005318009194023326,1000.0
