ZL,error,N
0.8159054383396382,0.011951187549937368,500.0
