ZL,error,N
0.8406505260944173,0.012216851247213717,499.0
