ZL,error,N
-0.1420341540313985,0.010770008195148633,1000.0
