ZL,error,N
-0.18097923346456946,0.010038360530548851,1000.0
