ZL,error,N
-0.2473172300907147,0.00742149620003023,1000.0
