ZL,error,N
-0.20220367641285006,0.009496510507609541,1000.0
