O^z,error,N,total_data
0.025044387591865325,0.003209931232368924,250.0,250.0
