O^z,error,N,total_data
0.00047526966350354877,6.058557929572085e-05,250.0,6000.0
