O^z,error,N,total_data
0.0037268895532381824,0.00030405749210071304,250.0,4000.0
