O^z,error,N,total_data
0.00014126954871450658,1.604162547787649e-05,1000.0,32000.0
