O^z,error,N,total_data
0.11592865506477641,0.0007796943818278051,1000.0,16000.0
