O^z,error,N,total_data
0.07002306942556896,0.0004813025505557257,1000.0,32000.0
