O^z,error,N,total_data
0.17172028040442225,0.0033602844213288033,1000.0,1000.0
