O^z,error,N,total_data
0.08611882553943684,0.0005906819345214002,1000.0,24000.0
