ZL,error,N
0.0005267073878682406,0.0038202702083292186,500.0
