ZL,error,N
0.8930784506057007,0.001656005324855147,1000.0
