ZL,error,N
-0.0010466679960899454,0.005189467424832065,500.0
