O^z,error,N,total_data
-0.07687558040048585,0.0004620469672585159,1000.0,16000.0
