O^z,error,N,total_data
-0.028423781290889464,0.0002243669921252545,1000.0,24000.0
