O^z,error,N,total_data
-0.22396048401006713,0.00239328408199534,1000.0,1000.0
