ZL,error,N
0.8427727309442096,0.002858858677535696,1000.0
