ZL,error,N
-0.6784876889267436,0.00589607871034488,1000.0
