ZL,error,N
-0.6163256081213966,0.005719758034173889,1000.0
