ZL,error,N
-0.49865881009409824,0.004662383759674335,1000.0
