ZL,error,N
-0.72888249086854,0.005528059417905008,1000.0
