O^z,error,N,total_data
-0.059415835614912926,0.0004619096594629156,1000.0,32000.0
