O^z,error,N,total_data
-0.266872703527798,0.005366537586284517,1000.0,1000.0
