O^z,error,N,total_data
-0.08541485891252897,0.000643725978021728,1000.0,24000.0
