O^z,error,N,total_data
-0.13698368092858418,0.0009797834312099314,1000.0,16000.0
