O^z,error,N,total_data
-0.16230151770117437,0.005551156177052449,1000.0,1000.0
