O^z,error,N,total_data
-0.019424937158730563,0.00048118789111160107,500.0,16000.0
