ZL,error,N
-0.28913345446295446,0.03309141912804361,100.0
