ZL,error,N
-0.3063444752640104,0.006996860316688051,1000.0
