ZL,error,N
-0.2775455174853011,0.010386711657525452,1000.0
