ZL,error,N
-0.30208487100216275,0.008867120493041263,1000.0
