ZL,error,N
-0.29376342829401525,0.009828981287961766,1000.0
