Dimerization,ZL
0.1,4.846192360394439e-06
0.2,2.445838218847475e-05
0.3,0.0001210925111487962
0.4,0.0002109762221239177
0.5,0.0002955156843587429
0.6,0.00034955555178787986
0.7,0.0003794412851587337
0.8,0.0004039312063423779
0.9,0.00041614027654175397
1.0,0.00041990962777942967
