Dimerization,ZL
0.1,9.124329679812137e-25
0.2,9.12432967981201e-25
0.3,9.124329679812095e-25
0.4,9.124329679812131e-25
0.5,9.124329679812164e-25
0.6,9.124329679812102e-25
0.7,9.12432967981204e-25
0.8,9.124329679812102e-25
0.9,9.124329679812128e-25
1.0,9.124329679812102e-25
