Dimerization,ZL
0.1,9.124329679812139e-25
0.2,9.124329679812128e-25
0.3,9.124329679812128e-25
0.4,9.124329679812137e-25
0.5,9.124329679812043e-25
0.6,9.124329679812137e-25
0.7,9.124329679812104e-25
0.8,9.12432967981216e-25
0.9,9.124329679812155e-25
1.0,9.12432967981216e-25
