ZL,error,N
0.010739766278153576,0.0025453242386622417,996.0
