ZL,error,N
0.013067753209588891,0.0029704910314527684,979.0
