ZL,error,N
0.017222646431918155,0.003087392909574398,973.0
