ZL,error,N
0.003653432580204625,0.0022204309582621777,997.0
