O^z,error,N,total_data
0.00019667181594264333,2.1445483250554216e-05,1000.0,1000.0
