O^z,error,N,total_data
-3.640439493789763e-08,3.483926857241375e-08,1000.0,32000.0
