O^z,error,N,total_data
2.3324420532048043e-09,8.923968100786662e-10,500.0,24000.0
