O^z,error,N,total_data
-2.359725753936311e-11,5.012464369816e-11,500.0,32000.0
