O^z,error,N,total_data
-2.1408522892370402e-06,8.185709402058885e-07,1000.0,24000.0
