O^z,error,N,total_data
3.845930546728163e-06,1.9824099762985804e-06,1000.0,16000.0
