O^z,error,N,total_data
-0.22506974992135134,0.0008523064105826154,1000.0,16000.0
