O^z,error,N,total_data
-0.3543229824654135,0.004136128146300128,1000.0,1000.0
