O^z,error,N,total_data
-0.16878409994201896,0.0006262549790247574,1000.0,24000.0
