O^z,error,N,total_data
-0.1376687838328435,0.0004729326632499321,1000.0,32000.0
