O^z,error,N,total_data
-0.2302294267241082,0.000852818088652329,1000.0,16000.0
