O^z,error,N,total_data
-0.36228290053495754,0.004068947426166456,1000.0,1000.0
