O^z,error,N,total_data
-0.17508172363255117,0.0006036132170534075,1000.0,24000.0
