O^z,error,N,total_data
-0.143212422833186,0.0004601020235359837,1000.0,32000.0
