ZL,error,N
-0.4090896815229951,0.005898300168078391,1000.0
