ZL,error,N
-0.524132670868459,0.007856201405528394,1000.0
