ZL,error,N
-0.5472827880741166,0.008227845308608735,1000.0
