ZL,error,N
-0.47749490024476854,0.007368356674953711,1000.0
