ZL,error,N
0.8434734353095735,0.0036032825622469198,1000.0
