ZL,error,N
0.8272884009006933,0.0022947169827013353,1000.0
