ZL,error,N
0.025641360292002164,0.004537712506396617,1000.0
