ZL,error,N
0.05533942487447537,0.004203985464711022,1000.0
