ZL,error,N
0.08892569664794543,0.00377204609408256,1000.0
