ZL,error,N
0.1110519036337928,0.003325124521035941,1000.0
