ZL,error,N
0.043691489712169,0.004291008795649444,1000.0
