ZL,error,N
0.0710727138858669,0.004014303810466859,1000.0
