ZL,error,N
0.03461492400660173,0.004442841934384364,1000.0
