O^z,error,N,total_data
-4.199404712659176e-09,2.389852975876825e-09,969.0,15504.0
