ZL,error,N
-0.32640687466390644,0.008601931818030394,1000.0
