ZL,error,N
-0.3211644098428364,0.006740960743234312,1000.0
