ZL,error,N
-0.32387850519241257,0.009557419920093771,1000.0
