ZL,error,N
-0.3206442675047298,0.009976931527271499,1000.0
