ZL,error,N
0.04636164861235578,0.0028579553654245007,1000.0
