O^z,error,N,total_data
-0.034456779746476825,0.00026154343212296327,3000.0,96000.0
