ZL,error,N
0.886788050520571,0.001070023900479637,1000.0
