O^z,error,N,total_data
0.041133531410796245,0.0005471711442585996,1000.0,16000.0
