O^z,error,N,total_data
0.09386447685487449,0.00321310590136665,1000.0,1000.0
