O^z,error,N,total_data
0.01323912381020682,0.0002239856535684393,1000.0,32000.0
