O^z,error,N,total_data
0.022461009346540856,0.00033647800613563884,1000.0,24000.0
