O^z,error,N,total_data
-0.10451718959962664,0.005120457559176927,1000.0,1000.0
