ZL,error,N
-0.048054610422934595,0.003791388947210323,1000.0
