ZL,error,N
0.025208144424261548,0.004966490083010251,1000.0
