ZL,error,N
-0.07523815356465434,0.002223133372592652,1000.0
