O^z,error,N,total_data
-0.10160813688381376,0.0005472505670243017,1000.0,28000.0
