O^z,error,N,total_data
-0.08830371046153658,0.0004885036270808544,1000.0,32000.0
