O^z,error,N,total_data
-0.12129767590897411,0.0006470518671095576,1000.0,24000.0
