O^z,error,N,total_data
-0.14279372191668357,0.000758243068704572,1000.0,20000.0
