O^z,error,N,total_data
-0.3061047426080971,0.0044225625003757145,1000.0,1000.0
