O^z,error,N,total_data
-0.17694159588551248,0.0009254905093382511,1000.0,16000.0
