O^z,error,N,total_data
-0.22334598224608657,0.001158277957721175,1000.0,12000.0
