O^z,error,N,total_data
-0.009506642468648385,0.0003799797401349512,997.0,23928.0
