O^z,error,N,total_data
-0.07714297390342227,0.004966741289222823,999.0,999.0
