O^z,error,N,total_data
-0.020573904242499243,0.0006646409945067492,999.0,15984.0
