O^z,error,N,total_data
-0.0029376224136504633,0.00024086719531850372,993.0,31776.0
