ZL,error,N
0.11271602610039719,0.008678565789240134,500.0
