O^z,error,N,total_data
-0.004097780642005367,0.00017316329233890113,1000.0,32000.0
