O^z,error,N,total_data
0.1709385911018525,0.0005917954557040476,1000.0,32000.0
