O^z,error,N,total_data
0.23777087770932318,0.0029726009279482254,1000.0,1000.0
