O^z,error,N,total_data
0.2010196501698384,0.0008016171374721768,1000.0,16000.0
