O^z,error,N,total_data
0.1831008438968871,0.0006770559659413764,1000.0,24000.0
