O^z,error,N,total_data
-0.005636913384571245,0.0004117458906125385,939.0,30048.0
