O^z,error,N,total_data
-0.024558786360770715,0.0007936559577461877,990.0,15840.0
