O^z,error,N,total_data
-0.01121527053179317,0.0005365062917099981,968.0,23232.0
