O^z,error,N,total_data
-0.08316425219364687,0.0055480630969732166,996.0,996.0
