ZL,error,N
0.008290342162122422,0.002276871582664612,1000.0
