ZL,error,N
0.0062638743858317155,0.003338863053889496,500.0
