ZL,error,N
0.005687248528283785,0.0023014125167513063,1000.0
