ZL,error,N
0.0026325558845689424,0.00232674116000116,998.0
