ZL,error,N
0.016250994593534022,0.0024342152692719524,1000.0
