ZL,error,N
0.8704578609929863,0.0008192599938544561,1000.0
