O^z,error,N,total_data
0.011494264042802328,0.00020143807244508492,1000.0,32000.0
