O^z,error,N,total_data
-0.33557128122401436,0.005342613300616969,1.0,24.0
