O^z,error,N,total_data
-0.3783339554395705,0.007486482675579588,1.0,16.0
