O^z,error,N,total_data
-0.3151220563144188,0.004718556602294525,1.0,32.0
