O^z,error,N,total_data
-0.08098103435133969,0.005225299081044492,998.0,998.0
