O^z,error,N,total_data
-0.021360640363181867,0.0007159045127747765,997.0,15952.0
