O^z,error,N,total_data
-0.008334738670998591,0.0004012296864591405,988.0,23712.0
