O^z,error,N,total_data
-0.0034780878600151302,0.00026851850089512635,966.0,30912.0
