ZL,error,N
-0.08196864713553448,0.001435447902774497,1000.0
