ZL,error,N
-0.2523109383854814,0.0021508863381131628,1000.0
