ZL,error,N
-0.37100451077956925,0.002529390251667515,1000.0
