O^z,error,N,total_data
-0.012643758155013505,0.0004629902315426153,995.0,23880.0
