O^z,error,N,total_data
-0.006022492267200849,0.00029677756713639673,986.0,31552.0
