O^z,error,N,total_data
-0.028770367574441253,0.0007733109065063601,998.0,15968.0
