O^z,error,N,total_data
-0.09401084920526721,0.005272544805009032,999.0,999.0
