O^z,error,N,total_data
0.09988953859142657,0.0006246342700802315,1000.0,24000.0
