O^z,error,N,total_data
0.08135547513460946,0.0005051557000564116,1000.0,32000.0
