O^z,error,N,total_data
0.12888595415673135,0.0008030822444797102,1000.0,16000.0
