O^z,error,N,total_data
0.18313505135018512,0.0033646510099930183,1000.0,1000.0
