O^z,error,N,total_data
0.08574938192205799,0.001636742995797862,100.0,3200.0
