ZL,error,N
0.002019888427195532,0.0008544106193586047,5973.0
