ZL,error,N
0.0035373636168761933,0.0018981347042521832,1887.0
