ZL,error,N
0.003988414507564705,0.000843931153417061,5994.0
