ZL,error,N
0.005658341595059313,0.0009027228478629943,5945.0
