ZL,error,N
0.014180052483158147,0.0023181505160641044,999.0
