ZL,error,N
-0.008711499469529366,0.002750290879684206,1000.0
