O^z,error,N,total_data
-0.026162710337936337,0.0005577648463989792,1000.0,24000.0
