O^z,error,N,total_data
-0.013687533681426046,0.0003756763488363451,998.0,31936.0
