O^z,error,N,total_data
-0.137394365296267,0.005702350185439465,1000.0,1000.0
