O^z,error,N,total_data
-0.013193042948548698,0.0005379413284201121,500.0,16000.0
