O^z,error,N,total_data
-0.055570309285647074,0.0009317527082596511,1000.0,16000.0
