ZL,error,N
0.05154172286535651,0.002888877737627262,1000.0
