ZL,error,N
0.013025080204685766,0.0009090878287589283,6998.0
