O^z,error,N,total_data
0.0920306166051716,0.0006007176484908192,1000.0,24000.0
