O^z,error,N,total_data
0.12147831229527348,0.0007928975037132091,1000.0,16000.0
