O^z,error,N,total_data
0.17495372575973003,0.003394206298818327,1000.0,1000.0
