O^z,error,N,total_data
0.07523288931235719,0.0004918605675876505,1000.0,32000.0
