ZL,error,N
0.21801931210755435,0.001966073789885152,1000.0
