ZL,error,N
0.2132561544857403,0.003401822951555403,1000.0
