ZL,error,N
0.2108632058304093,0.004380657708093826,1000.0
