ZL,error,N
0.02313194447340292,0.004399527096455424,499.0
