ZL,error,N
0.002333264028707126,0.0024716502650175202,1000.0
