ZL,error,N
0.01659876165270314,0.0029592731516442546,996.0
