ZL,error,N
0.005057692993887212,0.0026266299915557846,1000.0
