ZL,error,N
0.00622931543284082,0.0028312187985470166,1000.0
