O^z,error,N,total_data
-0.07616911803441148,0.0004897555210136777,1000.0,32000.0
