O^z,error,N,total_data
-0.10642222661808616,0.0006627129382617662,1000.0,24000.0
