O^z,error,N,total_data
-0.1600043298579892,0.0009732728909426153,1000.0,16000.0
