O^z,error,N,total_data
-0.28634859262496376,0.004981769042172341,1000.0,1000.0
