ZL,error,N
0.056914581365127635,0.00429913870601467,1000.0
