ZL,error,N
0.08596551606182601,0.0038612773707306755,1000.0
