ZL,error,N
0.1210861329499813,0.0032285157850178445,1000.0
