ZL,error,N
0.0081701650505304,0.002263473309771533,993.0
