ZL,error,N
0.0023293446674146996,0.002107883898354463,995.0
