ZL,error,N
0.00691962089736852,0.0030918531551521345,935.0
