ZL,error,N
0.00648226418304523,0.002779126912282976,982.0
