O^z,error,N,total_data
3.9549805751365777e-16,6.185311472062103e-16,500.0,16000.0
