ZL,error,N
0.1459321209935777,0.0033319148761441074,1000.0
