ZL,error,N
0.1356266995446385,0.003479701447687714,1000.0
