ZL,error,N
0.16090913628064793,0.002746737117564428,1000.0
