ZL,error,N
0.1279628811340402,0.0037036352505622826,1000.0
