O^z,error,N,total_data
0.09432101256121198,0.0017393137324443254,100.0,3200.0
