O^z,error,N,total_data
0.08966831043667042,0.0005276131885174623,1000.0,32000.0
