O^z,error,N,total_data
0.1903695572106723,0.003352439113426816,1000.0,1000.0
