O^z,error,N,total_data
0.1363381195679951,0.0008037601605293362,1000.0,16000.0
