O^z,error,N,total_data
0.10920020569589557,0.0006419205193240876,1000.0,24000.0
