O^z,error,N,total_data
-0.17896282022875742,0.0006010568377625893,955.0,22920.0
