O^z,error,N,total_data
-0.23542542497889862,0.0008177813915102297,1000.0,16000.0
