O^z,error,N,total_data
-0.36907671514280094,0.0039691755035105945,1000.0,1000.0
