O^z,error,N,total_data
-0.008582266675894623,0.0003743105666810817,991.0,31712.0
