O^z,error,N,total_data
-0.04167584896078416,0.0008907362599823145,999.0,15984.0
