O^z,error,N,total_data
-0.113761635122354,0.00548941815208402,999.0,999.0
