O^z,error,N,total_data
-0.016059246362401122,0.0005333639212570815,996.0,23904.0
