O^z,error,N,total_data
0.05942472530254882,0.00046975485190411183,1000.0,32000.0
