ZL,error,N
0.018875116700867115,0.0038952881248393383,999.0
