ZL,error,N
0.052949420573066334,0.004776948816114666,1000.0
