ZL,error,N
-0.014231324886897222,0.002574882024192691,1000.0
