ZL,error,N
0.07896437446520313,0.005492294251404176,1000.0
