ZL,error,N
-0.054889612314824525,0.0031868006020389626,1000.0
