ZL,error,N
0.052600697072672245,0.004150970132533072,1000.0
