ZL,error,N
-0.11307139023281532,0.0011112258411203914,1000.0
