ZL,error,N
0.11641521448399136,0.008597439652139325,499.0
