O^z,error,N,total_data
-0.007047860122775221,0.0001670258608900141,1000.0,32000.0
