O^z,error,N,total_data
-0.015151965829542492,0.0002882094653861188,1000.0,24000.0
