O^z,error,N,total_data
-0.04039485355105438,0.0005921839538240196,1000.0,16000.0
