O^z,error,N,total_data
-0.1350055662775074,0.004374053360713474,1000.0,1000.0
