ZL,error,N
0.0889873091134116,0.0032613085795456217,1000.0
