ZL,error,N
-0.05583129744135917,0.004497844839115814,1000.0
