ZL,error,N
0.008954870378390122,0.004205129277495074,1000.0
