O^z,error,N,total_data
0.09169917933875275,0.0005225369487542749,1000.0,32000.0
