O^z,error,N,total_data
0.09158261075868047,0.0017414018932816247,100.0,3200.0
