O^z,error,N,total_data
0.10561591037281774,0.000633910478883049,1000.0,24000.0
