O^z,error,N,total_data
0.136464409232873,0.0007998582404548613,1000.0,16000.0
