O^z,error,N,total_data
0.18847496524840582,0.0033328737311722513,1000.0,1000.0
