O^z,error,N,total_data
-0.23314223188680258,0.00043887248434901395,1000.0,24000.0
