O^z,error,N,total_data
-0.2904287215927671,0.0005972863923051506,1000.0,16000.0
