O^z,error,N,total_data
-0.4279886330308511,0.002669791131373851,1000.0,1000.0
