ZL,error,N
0.06457021727566357,0.0058445806355928364,1000.0
