ZL,error,N
-0.12009324431211807,0.0035444273216334796,1000.0
