ZL,error,N
0.45756502379825575,0.011986150191251398,200.0
