ZL,error,N
-0.10931369512687215,0.0014960145278541525,1000.0
