ZL,error,N
0.20123172836559516,0.007994157465087,500.0
