ZL,error,N
0.010233856544847156,0.005456442275293911,1000.0
