ZL,error,N
0.09527583155254854,0.005804143501724583,1000.0
