ZL,error,N
-0.13805236421191872,0.00271809336813015,1000.0
