ZL,error,N
-0.10926893026339987,0.0014966033709590024,1000.0
