ZL,error,N
-0.14056781132511956,0.001855114642457321,1000.0
