ZL,error,N
-0.09573559506082169,0.004203372384788377,1000.0
