ZL,error,N
0.04065014174969349,0.005662605777209323,1000.0
