ZL,error,N
-0.058940336131568405,0.0047755483678489025,1000.0
