ZL,error,N
-0.02719552821238538,0.00514416521674084,1000.0
