ZL,error,N
-0.09555269576425172,0.004200384007616817,1000.0
