ZL,error,N
-0.023094362790924847,0.007146050794710059,500.0
