ZL,error,N
0.09421420093417776,0.006261598743369648,875.0
