ZL,error,N
-0.1379599759295128,0.0027173010928867097,1000.0
