ZL,error,N
0.20120094323286594,0.005710203717134886,1000.0
