O^z,error,N,total_data
0.019432276165285586,0.00026877521238311523,1000.0,32000.0
