ZL,error,N
0.1840237016249861,0.003015351357172519,1000.0
