ZL,error,N
0.18783418281242936,0.0038319918582218056,1000.0
