ZL,error,N
0.1827211253776991,0.003242479635219736,1000.0
