ZL,error,N
0.2095581423378932,0.0105475941842105,186.0
