ZL,error,N
0.1870833312108918,0.0024504991301588313,1000.0
