ZL,error,N
0.1795488905767863,0.003529225439425197,1000.0
