O^z,error,N,total_data
-0.018350978582307824,0.00019811173663675846,3000.0,96000.0
