ZL,error,N
-0.3232957070634771,0.011202935164058327,1000.0
