ZL,error,N
-0.3311186169938996,0.006953008548292343,1000.0
