ZL,error,N
-0.33207215425899167,0.009187880740609593,1000.0
