ZL,error,N
-0.3317509555888157,0.010457462274155244,1000.0
