O^z,error,N,total_data
0.008960094908283289,0.0008045457675814079,1000.0,1000.0
