O^z,error,N,total_data
3.071456768766515e-05,9.81534719047705e-06,1000.0,32000.0
