O^z,error,N,total_data
0.0007894257801765081,5.5419725870440156e-05,1000.0,16000.0
