O^z,error,N,total_data
1.1534704166951902e-07,7.373401426645289e-08,500.0,24000.0
