O^z,error,N,total_data
6.208372909704436e-05,1.0460446887862688e-05,1000.0,24000.0
