O^z,error,N,total_data
-1.8890371186111358e-08,3.589548840065617e-08,499.0,31936.0
