O^z,error,N,total_data
-0.20570100966010282,0.00045343650601765534,1000.0,24000.0
