O^z,error,N,total_data
-0.40296644281984095,0.0030538192098620554,1000.0,1000.0
