O^z,error,N,total_data
-0.16931308811146803,0.0005063964501098542,500.0,16000.0
