O^z,error,N,total_data
-0.26840510175731336,0.0006687221308740198,1000.0,16000.0
