O^z,error,N,total_data
1.1037492185830007e-07,7.465207370312534e-08,1000.0,32000.0
