ZL,error,N
0.777944448153038,0.012946657387279775,500.0
