ZL,error,N
0.5867573230215517,0.005255915442517385,1000.0
