ZL,error,N
0.6963266131634704,0.006725937479181442,1000.0
