ZL,error,N
0.7366629865762042,0.007771872363728988,1000.0
