ZL,error,N
0.7825822669325144,0.014634062527092513,499.0
