ZL,error,N
0.7653007664006003,0.00798810150450244,1000.0
