O^z,error,N,total_data
0.12826902511740784,0.0006048438824756531,1000.0,32000.0
