O^z,error,N,total_data
0.16928239585349691,0.0008242823743132172,1000.0,16000.0
