O^z,error,N,total_data
0.21962392747859977,0.0029414938642885182,1000.0,1000.0
