O^z,error,N,total_data
0.1426626293484712,0.0006992187585652327,1000.0,24000.0
