ZL,error,N
0.043384532260877115,0.002877497870808693,1000.0
