ZL,error,N
0.007877312483287187,0.0008906045565852459,7000.0
