O^z,error,N,total_data
2.9474558992530337e-06,1.7508202526855101e-06,1000.0,32000.0
