ZL,error,N
-0.010499502940777646,0.004259300562222824,500.0
