ZL,error,N
-0.01553915369489017,0.0026944623861972715,1000.0
