ZL,error,N
-0.05618432351395984,0.0027051865401779185,1000.0
