ZL,error,N
-0.003434316213509437,0.005035065602222591,1000.0
