ZL,error,N
-0.04926377714378406,0.004362317421126827,1000.0
