ZL,error,N
-0.07560989795414615,0.0033306340377713467,1000.0
