ZL,error,N
-0.3329132460275838,0.031502017320208034,100.0
