ZL,error,N
-0.33275814726226716,0.00941219761958002,1000.0
