ZL,error,N
-0.31709253145433147,0.009846659545726841,1000.0
