ZL,error,N
-0.3215300646036798,0.006771520790015979,1000.0
