ZL,error,N
-0.32901351211751634,0.00856667520068349,1000.0
