O^z,error,N,total_data
0.0013453816472344335,0.00015003069461736582,250.0,6000.0
