O^z,error,N,total_data
0.00047975107469839324,3.604350294341504e-05,1000.0,32000.0
