O^z,error,N,total_data
0.006455767553599775,0.00038327390668453854,250.0,4000.0
