O^z,error,N,total_data
0.03587313238157979,0.003722360466281881,250.0,250.0
