O^z,error,N,total_data
-0.028060258289617793,0.0005103395888920742,1000.0,24000.0
