O^z,error,N,total_data
-0.057218060230438864,0.0008887046386992549,1000.0,16000.0
