O^z,error,N,total_data
-0.15839423033760833,0.005678274508045281,1000.0,1000.0
