O^z,error,N,total_data
-0.016955508709621956,0.0003419547280517455,1000.0,32000.0
