ZL,error,N
-0.010479665574535977,0.004264842457170088,1000.0
