ZL,error,N
-0.027379635516133007,0.003739886683727734,1000.0
