ZL,error,N
-0.042064056308298806,0.003374736571873782,1000.0
