ZL,error,N
-0.020905717119625165,0.003082072424184563,1000.0
