O^z,error,N,total_data
-0.26428636507058845,0.0006838811767711925,1000.0,16000.0
