O^z,error,N,total_data
-0.39424627033779724,0.003438968733114565,1000.0,1000.0
