O^z,error,N,total_data
-0.20364567775187933,0.0004920545722678885,1000.0,24000.0
