ZL,error,N
-0.2701661699682945,0.011048855361028084,1000.0
