ZL,error,N
-0.3032735644707907,0.007163953898425485,1000.0
