ZL,error,N
-0.2919623422057207,0.009388357917037196,1000.0
