ZL,error,N
-0.3242784079068889,0.03367115797086382,100.0
