ZL,error,N
-0.28499647792694005,0.010411061391951634,1000.0
