O^z,error,N,total_data
-0.3056175217005219,0.00053136566922862,1000.0,16000.0
