O^z,error,N,total_data
-0.26750137639914634,0.00046431540668989777,1000.0,24000.0
