O^z,error,N,total_data
-0.4127637375929154,0.0017892838617030171,1000.0,1000.0
