ZL,error,N
0.32935330964205156,0.0104641436990878,1000.0
