O^z,error,N,total_data
-0.039406563224994466,0.00017001503661713056,7000.0,224000.0
