Jdis,ZL
0.9,-0.4902316509818964
1.0,-0.2624528344044272
1.1,-0.2507767397158794
1.2,-0.1679345312320714
