O^z,error,N,total_data
0.000690449290530324,0.00011521197367116043,1.0,24.0
