O^z,error,N,total_data
-0.23823932630321376,0.010806905891148215,1.0,24.0
