O^z,error,N,total_data
-0.3076399748625648,0.017207397230196424,1.0,16.0
