O^z,error,N,total_data
-0.2084564953964274,0.008902513031202104,1.0,32.0
