ZL,error,N
0.12286123092719085,0.006187027097722549,1000.0
