ZL,error,N
0.08469589743552185,0.005170010679566463,1000.0
