ZL,error,N
0.035364786243140565,0.004212686259809918,1000.0
