ZL,error,N
0.12937052652615974,0.008777373607360252,500.0
