ZL,error,N
-0.01085542366020688,0.0026663415579525106,1000.0
