ZL,error,N
0.12372575302652594,0.008962614699141221,500.0
