O^z,error,N,total_data
3.0551579540592658e-06,3.3479473222627226e-06,1000.0,32000.0
