O^z,error,N,total_data
0.06863264306141784,0.00047584279314979246,1000.0,32000.0
