O^z,error,N,total_data
0.11490926577280984,0.0007866430788151333,1000.0,16000.0
