O^z,error,N,total_data
0.08803144953010868,0.0005931139688115778,1000.0,24000.0
