O^z,error,N,total_data
0.17270147693648896,0.0033774479595868735,1000.0,1000.0
