O^z,error,N,total_data
0.3266007488279753,0.001373415657611077,1000.0,1000.0
