O^z,error,N,total_data
0.31818529224107256,0.00040309422074716507,1000.0,16000.0
