O^z,error,N,total_data
0.31241140827032815,0.0003598484896693709,1000.0,24000.0
