O^z,error,N,total_data
0.30919146511021717,0.00032274435755400607,1000.0,32000.0
