ZL,error,N
-0.05074861106496332,0.0033585911792690672,1000.0
