ZL,error,N
-0.0511493849619914,0.003952388297143876,1000.0
