ZL,error,N
-0.0143135283351098,0.0032738031027513834,1000.0
