ZL,error,N
-0.05791227257323595,0.0035526856963530567,1000.0
