ZL,error,N
-0.8569737927025807,0.0005906190547397638,1000.0
