ZL,error,N
-0.6186302032559083,0.0017425278054578218,1000.0
