ZL,error,N
-0.7627807282976222,0.0012592051463044714,1000.0
