ZL,error,N
-0.8220624186424075,0.0008938617377750209,1000.0
