O^z,error,N,total_data
-0.20973901202573478,0.00048735803052819485,1000.0,24000.0
