O^z,error,N,total_data
-0.26674136081935007,0.0006765616786007044,1000.0,16000.0
