O^z,error,N,total_data
-0.3982918669079793,0.0033855962381226902,1000.0,1000.0
