ZL,error,N
0.00914471920411367,0.004453437056206162,499.0
