ZL,error,N
0.01278553539721629,0.003046515921711808,899.0
