ZL,error,N
0.011705441902627553,0.0034694225302801906,843.0
