ZL,error,N
0.00368380385278823,0.002588844084234055,966.0
