ZL,error,N
0.006173666533554402,0.002090850726909953,988.0
