O^z,error,N,total_data
-0.008010260192858084,0.0006668858664171163,939.0,15024.0
