ZL,error,N
0.10556642386573344,0.003402245810468554,1000.0
