ZL,error,N
0.007930366894867433,0.004534842638782185,1000.0
