ZL,error,N
-0.02025588276672369,0.004975237382169816,1000.0
