ZL,error,N
0.049634417855317,0.004157606555898203,1000.0
