ZL,error,N
-0.08971793598861005,0.013165937331104341,1000.0
