ZL,error,N
-0.2531521534398939,0.008004939775232556,1000.0
