ZL,error,N
-0.1433163417193856,0.012310629349922391,1000.0
