ZL,error,N
-0.18838762359246616,0.01101466875094085,1000.0
