O^z,error,N,total_data
-0.0450628291566964,0.005319074005846522,985.0,985.0
