O^z,error,N,total_data
-0.003663292121387844,0.0004832688558053751,855.0,20520.0
