O^z,error,N,total_data
-0.008932127687135282,0.0006261215823624152,947.0,15152.0
