O^z,error,N,total_data
-0.06565937926641328,0.012525881706125822,240.0,240.0
