O^z,error,N,total_data
-0.0009471173052232923,0.00038687969993552015,641.0,20512.0
