O^z,error,N,total_data
-0.3027358448625119,0.013254541518189363,1.0,16.0
