O^z,error,N,total_data
-0.22307049786830738,0.010534368200253084,1.0,24.0
