O^z,error,N,total_data
-0.16313715742218238,0.009411961351974408,1.0,32.0
