O^z,error,N,total_data
-0.0173626265619796,0.0005730466325349882,500.0,16000.0
