O^z,error,N,total_data
0.06171517951134629,0.0004637792800047569,1000.0,32000.0
