O^z,error,N,total_data
0.11020261159969666,0.0007762286960241821,1000.0,16000.0
