O^z,error,N,total_data
0.08056404943702368,0.0005834191213555046,1000.0,24000.0
