O^z,error,N,total_data
0.16670250620270807,0.003392595251269436,1000.0,1000.0
