ZL,error,N
-0.09323747779255932,0.0013423422451009337,1000.0
