ZL,error,N
0.02517204022501816,0.0033903356905095666,1000.0
