ZL,error,N
0.15705343827866536,0.003993822238431467,1000.0
