ZL,error,N
0.008551328998652772,0.0028279164806161504,1000.0
