ZL,error,N
0.004313248637816272,0.0025414176757706398,1000.0
