ZL,error,N
0.00939290428907133,0.0025036665822933254,1000.0
