ZL,error,N
0.005763310127428245,0.002681993297516646,998.0
