O^z,error,N,total_data
-0.19713097345034133,0.005867505746111976,1000.0,1000.0
