O^z,error,N,total_data
-0.030395772630526015,0.00015900757602304433,6999.0,223968.0
