O^z,error,N,total_data
0.08651689783428614,0.0005185202151732935,1000.0,32000.0
