O^z,error,N,total_data
0.08875163340746203,0.001682173666716753,100.0,3200.0
