O^z,error,N,total_data
0.18838829246354533,0.003363436325798596,1000.0,1000.0
