O^z,error,N,total_data
0.13397176108557893,0.0008084759048359431,1000.0,16000.0
