O^z,error,N,total_data
0.10532522283602543,0.0006328850960411012,1000.0,24000.0
