ZL,error,N
0.039810285344108624,0.004348127202629221,902.0
