ZL,error,N
0.006206247311970211,0.002383120531141298,986.0
