ZL,error,N
0.038708156042710544,0.004573771178967363,848.0
