ZL,error,N
0.024487012838400626,0.0035162389828461344,968.0
