ZL,error,N
0.0015777826624669645,0.00276698999362065,1000.0
