ZL,error,N
0.017182008949803932,0.00497671240915689,500.0
