ZL,error,N
-0.7328571358860857,0.005119218105905849,1000.0
