ZL,error,N
-0.6847348082256743,0.0053963227896343625,1000.0
