ZL,error,N
-0.6211758685606414,0.005104869359253787,1000.0
