ZL,error,N
-0.4994128014033936,0.004551920354700513,1000.0
