ZL,error,N
-0.2782855378492818,0.009818286453697488,1000.0
