ZL,error,N
-0.29285140905369267,0.008867192743052065,1000.0
