ZL,error,N
-0.27448683847615707,0.03249469612358312,100.0
