ZL,error,N
-0.25783159262942745,0.010371497075407953,1000.0
