ZL,error,N
-0.2998910090728612,0.007031068765313787,1000.0
