ZL,error,N
0.006844321134887374,0.0013463837091185215,7000.0
