ZL,error,N
-0.0002093990693224547,0.002805241024941484,1000.0
