O^z,error,N,total_data
-0.08119569150769254,0.0006854538449685089,1000.0,16000.0
