O^z,error,N,total_data
-0.037285527994368246,0.00037331854248596124,1000.0,24000.0
