O^z,error,N,total_data
-0.2069674217993918,0.004060192052904274,1000.0,1000.0
