ZL,error,N
-0.2785245539063726,0.009501558025729906,1000.0
