ZL,error,N
-0.26927071370353983,0.009841445253960825,1000.0
