ZL,error,N
-0.2864856479740615,0.008633956071414218,1000.0
