ZL,error,N
-0.29750815792642765,0.006909360211150819,1000.0
