ZL,error,N
0.8248903550792093,0.0003164381165112957,1000.0
