O^z,error,N,total_data
0.12963075710490338,0.0008139359100035673,1000.0,16000.0
