O^z,error,N,total_data
0.10079880244741841,0.0006403510406005647,1000.0,24000.0
