O^z,error,N,total_data
0.18584476081116044,0.0033802032740433956,1000.0,1000.0
