O^z,error,N,total_data
0.08993495675792354,0.001659012494899852,100.0,3200.0
