O^z,error,N,total_data
0.08365128216804017,0.0005216460255268999,1000.0,32000.0
