ZL,error,N
-0.09341853939259397,0.003072675320863124,1000.0
