ZL,error,N
-0.3022287541024813,0.0034909985859554473,1000.0
