ZL,error,N
-0.19280640393330822,0.003028558306587492,1000.0
