ZL,error,N
-0.33793337973924,0.0037923618867631913,1000.0
