ZL,error,N
-0.14844859828791673,0.0030366679466582768,1000.0
