ZL,error,N
-0.38298584629185434,0.007060482365809764,500.0
