ZL,error,N
-0.2811512487635559,0.00331921924671312,1000.0
