ZL,error,N
-0.38733775075664445,0.0051134093084706945,1000.0
