ZL,error,N
-0.4735832170828398,0.016885228151422106,200.0
