ZL,error,N
-0.34524062181689963,0.004332642183859388,952.0
