ZL,error,N
-0.3462444680658721,0.004251699956179012,1000.0
