ZL,error,N
-0.315092703393339,0.003777216106476403,1000.0
