ZL,error,N
-0.028254357738512544,0.002818941532329928,1000.0
