ZL,error,N
-0.2548917437934267,0.0031035641083095623,1000.0
