ZL,error,N
-0.2285422949560437,0.0029050225008772127,1000.0
