ZL,error,N
0.5529533707689516,0.007415618937632935,1000.0
