ZL,error,N
0.04198785279816323,0.005089185016270061,1000.0
