ZL,error,N
0.09964576607713968,0.004047589131885916,1000.0
