ZL,error,N
0.0686010492619194,0.004611699193164345,1000.0
