ZL,error,N
0.1428829257935346,0.0030722567140361707,1000.0
