O^z,error,N,total_data
-0.3645012417385216,0.0004163043451466949,1000.0,16000.0
