O^z,error,N,total_data
-0.45637221405408573,0.001476323310176045,1000.0,1000.0
