O^z,error,N,total_data
-0.3397292153568148,0.0003606723054797118,1000.0,24000.0
