O^z,error,N,total_data
-0.1683670757739761,0.0006093246524545225,1000.0,24000.0
