O^z,error,N,total_data
-0.3544602035237972,0.004217175766057418,1000.0,1000.0
