O^z,error,N,total_data
-0.22453528565786757,0.0008548229790936844,1000.0,16000.0
