O^z,error,N,total_data
1.8837300606146694e-07,1.0176908547954901e-07,1000.0,32000.0
