O^z,error,N,total_data
-0.07136404204192688,0.005427509480182491,990.0,990.0
