O^z,error,N,total_data
-0.0063326502809254,0.0005273109991017652,918.0,22032.0
