O^z,error,N,total_data
-0.016629301712858206,0.0007976897624458015,967.0,15472.0
