O^z,error,N,total_data
-0.002209755947794969,0.00039748005632458835,851.0,27232.0
