ZL,error,N
-0.295347562326522,0.010528616432900924,1000.0
