ZL,error,N
-0.30899800168124725,0.009000894581223847,1000.0
