ZL,error,N
-0.3121538891294235,0.0069699532320100024,1000.0
