ZL,error,N
-0.3223284916545135,0.032250828220298296,100.0
