ZL,error,N
-0.30867299334119,0.010038375900504553,1000.0
