ZL,error,N
0.1540847517103624,0.003331817879615393,1000.0
