ZL,error,N
0.1690161647027585,0.002724281644462063,1000.0
