ZL,error,N
0.14239488526516925,0.0036444396617754398,952.0
