O^z,error,N,total_data
-0.176506358420738,0.00044070837320302897,1000.0,32000.0
