O^z,error,N,total_data
-0.20479533013444295,0.0005603367246789219,1000.0,24000.0
