O^z,error,N,total_data
-0.38797314225737145,0.0034742434950644015,1000.0,1000.0
