O^z,error,N,total_data
-0.2579683256660335,0.0007546745601892077,1000.0,16000.0
