ZL,error,N
-0.07725695275631198,0.003780893707893591,1000.0
