ZL,error,N
-0.038805840462486973,0.002990129568310168,1000.0
