ZL,error,N
-0.07896645096564793,0.00323434599000262,1000.0
