ZL,error,N
-0.05769489084560504,0.004379534095050204,1000.0
