O^z,error,N,total_data
-0.12217164334049146,0.005727412064200676,999.0,999.0
