O^z,error,N,total_data
-0.04105692503049084,0.00036642669215639485,5994.0,95904.0
