O^z,error,N,total_data
-0.0013784334207465115,0.00011223386028282852,1887.0,120768.0
