O^z,error,N,total_data
-0.01068997505116269,0.00015503993362374257,5945.0,190240.0
