O^z,error,N,total_data
-0.017754075994206833,0.00021486110926765826,5973.0,143352.0
