ZL,error,N
-0.27156463707172107,0.001973232527005686,1000.0
