ZL,error,N
-0.35973752030286255,0.0024924143970657567,1000.0
