ZL,error,N
-0.11982238830396282,0.001362878410713255,1000.0
