ZL,error,N
-0.810770662981669,0.002970598684255264,1000.0
