ZL,error,N
-0.5621139166802537,0.0032786403010903998,1000.0
