ZL,error,N
-0.7028863285531401,0.0033477737798665074,1000.0
