ZL,error,N
-0.7710883519143584,0.0028843287013422996,1000.0
