O^z,error,N,total_data
-0.07406695204185484,0.0007308005385879414,1000.0,16000.0
