O^z,error,N,total_data
-0.1907921266427603,0.004412704286171286,1000.0,1000.0
