O^z,error,N,total_data
-0.03326873396233644,0.00038482246747685296,1000.0,24000.0
