ZL,error,N
0.22022458721808508,0.010253318890405936,1000.0
