ZL,error,N
-0.2506992837161275,0.00944235096512888,1000.0
