ZL,error,N
-0.2030048781428721,0.01114028653136591,1000.0
