ZL,error,N
-0.20539306183347425,0.011091490641637057,1000.0
