ZL,error,N
-0.2734912301458247,0.0072893319911231085,1000.0
