ZL,error,N
-0.23076467505132178,0.010306347849436018,1000.0
