ZL,error,N
0.6466281690543346,0.0015628389612199352,500.0
