ZL,error,N
0.9022252483954324,4.487086033945705e-16,1000.0
