ZL,error,N
-0.33500673583503254,0.009198989475265542,1000.0
