ZL,error,N
-0.32023763507907366,0.006732723766123214,1000.0
