ZL,error,N
-0.31468949296749416,0.01012183946650205,1000.0
