ZL,error,N
-0.3279255369725488,0.00854548760115229,1000.0
