ZL,error,N
-0.33538831546120734,0.031055720877336747,100.0
