O^z,error,N,total_data
-0.007503713596328244,0.0004303334097340272,500.0,16000.0
