ZL,error,N
-0.4864271111746947,0.007288790197908436,1000.0
