ZL,error,N
-0.5898651179747068,0.007980628114216974,1000.0
