ZL,error,N
-0.5459852858588209,0.007706811620891471,1000.0
