ZL,error,N
-0.42051790352689983,0.005029074702373346,1000.0
