O^z,error,N,total_data
-0.18515818915651422,0.0009695464322956142,1000.0,16000.0
