O^z,error,N,total_data
-0.315543842062381,0.00487316552164266,1000.0,1000.0
