O^z,error,N,total_data
-0.1289686230477766,0.0006710200911807424,1000.0,24000.0
