O^z,error,N,total_data
-0.10053420947050622,0.000499488726450849,1000.0,32000.0
