ZL,error,N
-0.021903892210148934,0.003347146706873896,1000.0
