O^z,error,N,total_data
0.1038508545748482,0.0006314323302455531,1000.0,24000.0
