O^z,error,N,total_data
0.18581343609641066,0.0033586181569650645,1000.0,1000.0
