O^z,error,N,total_data
0.1326874857658738,0.0008045668564038542,1000.0,16000.0
