O^z,error,N,total_data
0.08689413074575256,0.000516198582961324,1000.0,32000.0
