ZL,error,N
0.004455191905850015,0.00425982401706971,1000.0
