ZL,error,N
-0.045376306336160105,0.004609184929922522,1000.0
