ZL,error,N
-0.08842346333763738,0.004894278225530081,1000.0
