ZL,error,N
0.08033106547730413,0.003442455334418218,1000.0
