ZL,error,N
0.036074253097906336,0.004133578931270871,995.0
