ZL,error,N
0.004091674591777037,0.0031036617370838624,1000.0
