ZL,error,N
-0.005586728130015259,0.0024292897914961753,1000.0
