ZL,error,N
0.022295503691379157,0.0037234622542283943,999.0
