O^z,error,N,total_data
-0.007994240236241788,0.00040087299565413063,499.0,15968.0
