O^z,error,N,total_data
5.8877818507805085e-06,2.2631411782412156e-06,1000.0,32000.0
