O^z,error,N,total_data
0.15351627535808582,0.0008171699437152073,1000.0,16000.0
