O^z,error,N,total_data
0.12657627476481711,0.0006756849210318428,1000.0,24000.0
