O^z,error,N,total_data
0.20223452054391694,0.0032836609052059196,1000.0,1000.0
