O^z,error,N,total_data
0.11030166521478343,0.0005595799437492753,1000.0,32000.0
