O^z,error,N,total_data
0.1287788746729416,0.0008034132953579146,1000.0,16000.0
