O^z,error,N,total_data
0.18166785704137772,0.003320285622654668,1000.0,1000.0
