O^z,error,N,total_data
0.10161417266365873,0.0006248876202916966,1000.0,24000.0
