O^z,error,N,total_data
0.08182593498089218,0.0005115381376442345,1000.0,32000.0
