O^z,error,N,total_data
0.08697569825458522,0.0016438650348355672,100.0,3200.0
