ZL,error,N
0.008423040156091766,0.0029374169222055866,1000.0
