ZL,error,N
0.0012476941640348273,0.001230786935161314,7000.0
