ZL,error,N
0.29425418326822944,0.006761089635557251,1000.0
