ZL,error,N
0.12482212822381815,0.005223360307356832,1000.0
