ZL,error,N
-0.32792597646343735,0.006714751857663375,1000.0
