ZL,error,N
-0.34105001457004475,0.008411163408470677,1000.0
