ZL,error,N
-0.3529219849813981,0.031300765885257265,100.0
