ZL,error,N
-0.33815179270749435,0.009803415958673085,1000.0
