ZL,error,N
-0.3465917376181965,0.009519214750004846,1000.0
