ZL,error,N
0.05152349181322301,0.004354676674772466,979.0
