ZL,error,N
0.002843925755623808,0.001372283052147962,7000.0
