ZL,error,N
0.7865106738804177,0.0011056038766573855,1000.0
