O^z,error,N,total_data
-0.05583465050865474,0.00029212410217470305,1000.0,48000.0
