O^z,error,N,total_data
-0.19393452204209533,0.0007658829392463443,1000.0,16000.0
