O^z,error,N,total_data
-0.3301663460085106,0.0031337291077686356,1000.0,1000.0
