O^z,error,N,total_data
-0.06780909583786025,0.0005101131212930838,487.0,19480.0
