O^z,error,N,total_data
-0.08300235846097609,0.0004060825802505479,1000.0,36000.0
