O^z,error,N,total_data
-0.07050556702949771,0.00035436214741312277,1000.0,40000.0
