O^z,error,N,total_data
-0.09525115024306138,0.0006489912764761481,500.0,16000.0
