O^z,error,N,total_data
-0.11062557782887665,0.0007023456216824228,500.0,14000.0
