O^z,error,N,total_data
-0.13075396496892464,0.0005786654397952254,1000.0,24000.0
