O^z,error,N,total_data
-0.06464735687088652,0.0003267349075632523,1000.0,44000.0
