O^z,error,N,total_data
-0.24147080052074413,0.0012724274267152651,500.0,6000.0
