O^z,error,N,total_data
-0.15741392799618656,0.0006537113580552721,1000.0,20000.0
