O^z,error,N,total_data
-0.09743059055972389,0.00046483958400992146,1000.0,32000.0
