O^z,error,N,total_data
-0.15237519833327234,0.0008993290435584845,500.0,10000.0
