O^z,error,N,total_data
-0.07981144416567945,0.0005666889383849116,500.0,18000.0
