O^z,error,N,total_data
-0.24417421202752365,0.000900339607180135,1000.0,12000.0
