O^z,error,N,total_data
-0.11156138574714677,0.0004984516783639461,1000.0,28000.0
