O^z,error,N,total_data
-0.2903086499971861,0.0006209999596902457,1000.0,16000.0
