O^z,error,N,total_data
-0.4212532991548062,0.002843884486634778,1000.0,1000.0
