O^z,error,N,total_data
-0.20808975978558159,0.0005606864613310621,500.0,16000.0
