O^z,error,N,total_data
-0.23744759157106674,0.00046990047988019947,1000.0,24000.0
