ZL,error,N
0.17043313581604827,0.002766090766983932,1000.0
