ZL,error,N
0.11296078533416529,0.0047231961647758005,1000.0
