ZL,error,N
0.14835292191892394,0.003710911577649198,1000.0
