ZL,error,N
0.1279659853948929,0.004222410674963027,1000.0
