O^z,error,N,total_data
-0.37543128455109787,0.0037565834781397175,1000.0,1000.0
