O^z,error,N,total_data
-0.15723081805329006,0.00045754025337520345,1000.0,32000.0
