O^z,error,N,total_data
-0.24514763317638497,0.00078609447242481,1000.0,16000.0
