O^z,error,N,total_data
-0.1892424610773645,0.0005775822118478227,1000.0,24000.0
