O^z,error,N,total_data
0.2047825766274408,0.003274026199200082,1000.0,1000.0
