O^z,error,N,total_data
0.15447502460757712,0.0008151633176578234,1000.0,16000.0
