O^z,error,N,total_data
0.12978452724893494,0.0006737637261643409,1000.0,24000.0
