O^z,error,N,total_data
0.11228760233432629,0.0018642268524876216,100.0,3200.0
