O^z,error,N,total_data
0.11270617883326194,0.0005625355611002998,1000.0,32000.0
