ZL,error,N
-0.25768147483031756,0.009868675772850834,1000.0
