ZL,error,N
-0.2808333239384337,0.008693565371043013,1000.0
