ZL,error,N
-0.26002383525156625,0.031841208698178095,100.0
