ZL,error,N
-0.294176446535062,0.006955298454546666,1000.0
