ZL,error,N
-0.27251287373436744,0.009316107126569332,1000.0
