O^z,error,N,total_data
-0.033627122093825935,0.000284038646689278,1000.0,24000.0
