O^z,error,N,total_data
-0.2205597971637656,0.00286183003899308,1000.0,1000.0
