O^z,error,N,total_data
-0.08068383901743519,0.0005318204811339971,1000.0,16000.0
