ZL,error,N
0.4916940012316115,0.006059717070079374,1000.0
