O^z,error,N,total_data
-0.09016799072828897,0.005169111341926946,1.0,24.0
