O^z,error,N,total_data
-0.056164060526391966,0.0032948472721036712,1.0,32.0
