O^z,error,N,total_data
-0.2066405206111909,0.007112931186557672,1.0,16.0
