ZL,error,N
0.7128814688273954,0.016153055889952826,6.0
