ZL,error,N
0.1500516279722133,0.0030159101136658538,1000.0
