ZL,error,N
0.07560865724065145,0.004555150938198821,1000.0
