ZL,error,N
0.10750628044318727,0.004042909020045827,1000.0
