ZL,error,N
0.04572568194278724,0.005113142106647418,1000.0
