O^z,error,N,total_data
-0.033429273313727616,0.00016252504018571845,7000.0,224000.0
