O^z,error,N,total_data
-0.20544591945283924,0.00579754357613834,1000.0,1000.0
