O^z,error,N,total_data
2.7263183628754485e-05,5.06533382647189e-06,1000.0,32000.0
