ZL,error,N
-0.5085572890527291,0.008021438128076742,1000.0
