ZL,error,N
-0.5949985099665804,0.008739679737236862,1000.0
