ZL,error,N
-0.5528902182458043,0.00875863076938597,1000.0
