ZL,error,N
-0.43663975897425084,0.005818207697054477,1000.0
