O^z,error,N,total_data
-0.08545704161574288,0.0002909024672234215,250.0,16000.0
