O^z,error,N,total_data
-0.08563115970075574,0.0001442943045557721,1000.0,64000.0
