O^z,error,N,total_data
-0.2659985140338677,0.0005866132936165717,1000.0,16000.0
