O^z,error,N,total_data
-0.11343990163758044,0.00019332216724688773,1000.0,48000.0
