O^z,error,N,total_data
-0.15882376271836407,0.0002909751305984729,1000.0,32000.0
