O^z,error,N,total_data
-0.19901260009525634,0.00040789393581166974,1000.0,24000.0
