O^z,error,N,total_data
-0.4127297922347659,0.0029175340896171013,1000.0,1000.0
