O^z,error,N,total_data
-0.034516168447339936,0.00020523641971597508,100.0,12800.0
