ZL,error,N
0.010562331808212077,0.003668807865644203,500.0
