O^z,error,N,total_data
-0.14487052795298733,0.0006525344309006041,1000.0,24000.0
