O^z,error,N,total_data
-0.11522811832670804,0.0005039142511284487,1000.0,32000.0
