O^z,error,N,total_data
-0.33553069859121876,0.0043679057886355415,1000.0,1000.0
