O^z,error,N,total_data
-0.20176736390540242,0.0008946384857301849,1000.0,16000.0
