ZL,error,N
0.008048314299030782,0.0032038014023073854,500.0
