ZL,error,N
0.0014676751612452369,0.0024613213917806507,1000.0
