ZL,error,N
0.009541669998094074,0.0025996500428638893,1000.0
