ZL,error,N
0.02327826313493814,0.0027311182359231814,1000.0
