ZL,error,N
0.0016371324597534696,0.002404929116151057,1000.0
