O^z,error,N,total_data
0.007626331843253349,0.0001677691192499116,1000.0,32000.0
