ZL,error,N
0.049607623001342444,0.0041384683158330665,1000.0
