ZL,error,N
0.2782799481997066,0.004850467353471099,1000.0
