ZL,error,N
0.17508687175349383,0.004720724227087087,1000.0
