ZL,error,N
-0.0698551579444058,0.0019750568594702703,1000.0
