O^z,error,N,total_data
-0.014016711770764842,0.00022712322506731749,1000.0,24000.0
