O^z,error,N,total_data
-0.041133946785606085,0.0004925888964229844,1000.0,16000.0
