O^z,error,N,total_data
-0.006277838276912148,0.00013029754843650026,1000.0,32000.0
