O^z,error,N,total_data
-0.14616908035513018,0.0036944314966828045,1000.0,1000.0
