O^z,error,N,total_data
-0.007594789601848972,0.0003978631534893738,989.0,23736.0
