O^z,error,N,total_data
-0.02128199396197399,0.0007203425610327546,996.0,15936.0
