O^z,error,N,total_data
-0.003946905706117103,0.0003250738166624854,974.0,31168.0
