O^z,error,N,total_data
-0.07509062866816968,0.004927109182586254,998.0,998.0
