ZL,error,N
0.012467641605856805,0.0013654083471476165,3000.0
