ZL,error,N
-0.07623319891721875,0.0012908535935370505,1000.0
