ZL,error,N
0.07655663590099915,0.0030660917656539183,1000.0
