ZL,error,N
0.21726943063152462,0.0034307677966585325,1000.0
