O^z,error,N,total_data
-0.2966133234922365,0.0006157942368683955,1000.0,16000.0
