O^z,error,N,total_data
-0.43528939465014627,0.002648008982218358,1000.0,1000.0
