O^z,error,N,total_data
-0.2450056582628121,0.0004462814284476335,1000.0,24000.0
