O^z,error,N,total_data
-0.10809222131729473,0.005106666639893311,1000.0,1000.0
