O^z,error,N,total_data
-2.6710305560810334e-13,1.4139212937943185e-13,500.0,16000.0
