ZL,error,N
0.07901263331981531,0.013181877299612574,1000.0
