ZL,error,N
-0.18912975673192514,0.00845573498266861,1000.0
