ZL,error,N
-0.08310284151511337,0.011440492753655686,1000.0
