ZL,error,N
0.009734516524578097,0.012529368070026421,1000.0
