O^z,error,N,total_data
0.35421843134095904,0.006066719688459284,1.0,16.0
