O^z,error,N,total_data
0.3416443901953589,0.004313415750013021,1.0,32.0
