O^z,error,N,total_data
0.3437513700250545,0.0053229972217334,1.0,24.0
