O^z,error,N,total_data
3.3702638024898104e-07,1.5870206544404867e-07,1000.0,32000.0
