O^z,error,N,total_data
-0.3326158687759203,0.0027495663715877286,1000.0,1000.0
