O^z,error,N,total_data
-0.13014197572811384,0.0005403270528582794,1000.0,24000.0
