O^z,error,N,total_data
-0.19660435209144794,0.0007112884751515267,1000.0,16000.0
