ZL,error,N
0.018902701669361307,0.0034748602490854157,500.0
