ZL,error,N
0.16430993946665395,0.004094466617965879,1000.0
