ZL,error,N
0.19028774498195897,0.002503323038296688,1000.0
