ZL,error,N
0.17512605919896418,0.003548462952591649,1000.0
