O^z,error,N,total_data
-0.015095842693889807,0.00023283063457330417,1000.0,32000.0
