O^z,error,N,total_data
-0.06327059294712563,0.0007227645847212094,1000.0,16000.0
