O^z,error,N,total_data
-0.17085156580575622,0.0046106148836824595,1000.0,1000.0
