O^z,error,N,total_data
-0.027211425602330485,0.00038603715108564475,1000.0,24000.0
