O^z,error,N,total_data
0.11233994308261448,0.0006583992555691223,1000.0,24000.0
