O^z,error,N,total_data
0.1938911640031638,0.0033446553817305384,1000.0,1000.0
