O^z,error,N,total_data
0.14010269901331115,0.000817534789274168,1000.0,16000.0
