O^z,error,N,total_data
0.10699529485363687,0.001799174099195948,100.0,3200.0
