O^z,error,N,total_data
0.09592180695906082,0.0005518798917062633,1000.0,32000.0
