ZL,error,N
0.030549638136755337,0.002996135461957077,1000.0
