ZL,error,N
0.0006335127710857631,0.001009169098116058,7000.0
