O^z,error,N,total_data
0.32266602426951724,0.004692203707040707,1.0,32.0
