O^z,error,N,total_data
0.3284039780668186,0.004930443778257319,1.0,24.0
