O^z,error,N,total_data
0.3413910663111255,0.005867509392851252,1.0,16.0
