O^z,error,N,total_data
-0.2872474723896024,0.0005979064770848501,1000.0,16000.0
