O^z,error,N,total_data
-0.39818377702860486,0.0022759300125971497,1000.0,1000.0
