O^z,error,N,total_data
-0.24069002445349763,0.0005130357571584333,1000.0,24000.0
