ZL,error,N
0.8022589582671528,0.004103505539316361,1000.0
