ZL,error,N
0.001202799884911059,0.0023837457142943572,1000.0
