O^z,error,N,total_data
-5.320643505490656e-06,5.053969890405279e-05,500.0,16000.0
