ZL,error,N
-0.15562994213844442,0.0020051819037807104,1000.0
