ZL,error,N
-0.09665718046614108,0.002987216846366989,1000.0
