ZL,error,N
-0.12864476425836394,0.00105749171958716,1000.0
