O^z,error,N,total_data
0.09232659728064369,0.0006103647866468197,1000.0,24000.0
