O^z,error,N,total_data
0.17690053339943,0.0033547130163597183,1000.0,1000.0
