O^z,error,N,total_data
0.12338012663480176,0.00078999968320318,1000.0,16000.0
