O^z,error,N,total_data
0.0748955643728599,0.0004946414494456243,1000.0,32000.0
