O^z,error,N,total_data
0.1142662557332504,0.0006590071014705888,1000.0,24000.0
