O^z,error,N,total_data
0.09603820703663221,0.0005486306623354409,1000.0,32000.0
