O^z,error,N,total_data
0.14211058203702046,0.00081282256676588,1000.0,16000.0
