O^z,error,N,total_data
0.10107058406973338,0.0017278571686606744,100.0,3200.0
