O^z,error,N,total_data
0.19372781681499865,0.003354575739140037,1000.0,1000.0
