Dimerization,ZL,error
0.0,0.12376251630556614,0.005100188652734488
0.8,0.45055147174728166,0.00590835216690636
0.9,0.6131218771774452,0.003485410882347964
