Dimerization,ZL,error,N
0.0,0.12556573680780897,0.0050789261671055535,500.0
0.1,0.08869996296495271,0.005971207719286824,500.0
0.2,0.01681715650863913,0.006357443264122374,500.0
0.3,-0.05822491847487065,0.006191159695082516,500.0
0.4,-0.09848811404756652,0.00536800361507762,500.0
0.5,-0.06892906071664888,0.006490304714110521,500.0
