O^z,error,N,total_data
-9.212715960985853e-14,1.1948932415539585e-13,1000.0,32000.0
