O^z,error,N,total_data
1.1342901300964632e-05,2.154752596578202e-06,1000.0,32000.0
