O^z,error,N,total_data
0.12606829621134547,0.0007938781932879996,1000.0,16000.0
