O^z,error,N,total_data
0.1784375532178717,0.0033237824234095287,1000.0,1000.0
