O^z,error,N,total_data
0.07762667203126002,0.0004985454146255269,1000.0,32000.0
