O^z,error,N,total_data
0.09533636030731973,0.0006135172690641206,1000.0,24000.0
