ZL,error,N
-0.09279593425771236,0.012110762638827028,1000.0
