ZL,error,N
-0.22445767559071744,0.00811182118173174,1000.0
