ZL,error,N
-0.14504186601752178,0.0109882761895906,1000.0
