ZL,error,N
-0.04675202722504105,0.012829385430148074,1000.0
