ZL,error,N
-0.35709477247523086,0.00954081859804733,1000.0
