ZL,error,N
-0.3537676105357897,0.008541823142538941,1000.0
