ZL,error,N
-0.3632831342453405,0.009893990957336972,1000.0
