ZL,error,N
-0.3358904406762652,0.006721703792291918,1000.0
