O^z,error,N,total_data
-0.02944679609052843,0.00015427993166163806,7000.0,224000.0
