O^z,error,N,total_data
-0.19417350279567405,0.005865374962038349,1000.0,1000.0
