ZL,error,N
0.03689875878845989,0.0029579249916636195,1000.0
