ZL,error,N
0.00458968997423128,0.0009905775269246446,7000.0
