O^z,error,N,total_data
0.0008407554886124882,0.0005703656450196456,1.0,32.0
