O^z,error,N,total_data
0.007468640468348431,0.0013102534272246438,1.0,16.0
