O^z,error,N,total_data
0.0024885270950375073,0.0013143267014015826,1.0,24.0
