ZL,error,N
0.5368246469410565,2.3425373457118448e-07,1000.0
