ZL,error,N
0.7341253288984129,2.8030818499952565e-06,1000.0
