O^z,error,N,total_data
-0.1534142151774506,0.005450581225378189,1000.0,1000.0
