ZL,error,N
-0.6601023889876257,0.006306093294137542,1000.0
