ZL,error,N
-0.7067236031296031,0.005854070439505322,1000.0
