ZL,error,N
-0.5967838527671188,0.0058682186003050875,1000.0
