ZL,error,N
-0.48604445992654705,0.00481824375652248,1000.0
