ZL,error,N
-0.2839590918978195,0.018249925802949776,250.0
