ZL,error,N
-0.27352648350329384,0.015150669643606127,250.0
