ZL,error,N
-0.25934407999429887,0.010075152884372659,1000.0
