ZL,error,N
-0.26449535648666095,0.019528026389523893,250.0
