ZL,error,N
-0.26757332246176235,0.004073370637658715,1000.0
