ZL,error,N
-0.2686306162864994,0.004681174852883724,1000.0
