ZL,error,N
-0.2544434685381479,0.003753971023098561,1000.0
