ZL,error,N
-0.24464628072307304,0.003347096431153151,1000.0
