ZL,error,N
-0.27191690642599464,0.005474042337589498,937.0
