ZL,error,N
-0.12423270258665257,0.002607660986942381,1000.0
