ZL,error,N
-0.2248860830674884,0.0029614286851730918,1000.0
