ZL,error,N
-0.17223809293020775,0.00244838450216864,1000.0
