ZL,error,N
-0.27493572156316937,0.005285399832977068,1000.0
