ZL,error,N
-0.27292871788159806,0.00672339375259622,1000.0
