ZL,error,N
-0.22170616598495144,0.02153925826039789,200.0
