ZL,error,N
-0.2663380587488209,0.009273278172363227,500.0
