ZL,error,N
-0.059149874390664346,0.0025134407771649075,1000.0
