ZL,error,N
-0.20337655562685197,0.002734718040248012,1000.0
