ZL,error,N
-0.2782126216604622,0.0046919459184688725,1000.0
