ZL,error,N
-0.01529778101380355,0.00467830123639911,1000.0
