ZL,error,N
0.040994544525603575,0.004194186813856242,1000.0
