ZL,error,N
0.008149631077934868,0.004529841981136917,1000.0
