ZL,error,N
0.09344097326028106,0.003476691225669017,1000.0
