ZL,error,N
-0.21397990096544503,0.009715006171614101,1000.0
