ZL,error,N
-0.23639810073162326,0.00900178367080633,1000.0
