ZL,error,N
-0.26612017813139405,0.007206014928464429,1000.0
