ZL,error,N
-0.19267945401321498,0.00993854640085801,1000.0
