ZL,error,N
0.057042852749260915,0.006655064489654425,500.0
