O^z,error,N,total_data
-0.2036918921641774,0.005819596165602157,1000.0,1000.0
