O^z,error,N,total_data
-0.03195250183598321,0.00016134528806552035,6999.0,223968.0
