ZL,error,N
0.12270720819501345,0.004271034958772586,1000.0
