ZL,error,N
0.13732228798121646,0.003739274616144812,1000.0
