ZL,error,N
0.16568696784747586,0.0028477200735371228,1000.0
