ZL,error,N
0.10359833813309491,0.0047813972318770485,1000.0
