ZL,error,N
0.018846256389788877,0.004249690698768283,1000.0
