ZL,error,N
0.06484789645240699,0.003838168390033028,1000.0
