ZL,error,N
0.03258559030805165,0.004090345241492635,1000.0
