ZL,error,N
0.10297981204285866,0.0033521011366700456,1000.0
