ZL,error,N
-0.022971200330753293,0.003456567158616533,1000.0
