ZL,error,N
0.17307895363627177,0.0027448067452695898,1000.0
