ZL,error,N
0.11617760478039287,0.0045272555577555605,1000.0
