ZL,error,N
0.13750099565633558,0.003943724140149542,1000.0
