O^z,error,N,total_data
-1.00779023427649e-09,6.609714606627314e-10,996.0,15936.0
