O^z,error,N,total_data
-0.17758007222886477,0.0005181591719845704,1000.0,32000.0
