O^z,error,N,total_data
-0.15730453736049038,0.0004520592061512711,1000.0,40000.0
