O^z,error,N,total_data
-0.12494221979497622,0.0003618239084777323,1000.0,64000.0
