O^z,error,N,total_data
-0.30291240161857336,0.0008295971968654356,1000.0,12000.0
