O^z,error,N,total_data
-0.0860542752735992,0.0005375078981965133,200.0,25600.0
