O^z,error,N,total_data
-0.1217941109785898,0.0005074878698259029,500.0,32000.0
