O^z,error,N,total_data
-0.20614837885499682,0.0005950125432185766,1000.0,24000.0
