O^z,error,N,total_data
-0.25830987395544214,0.0007349379071468152,1000.0,16000.0
