O^z,error,N,total_data
-0.14470490696755492,0.00041435245437793913,1000.0,48000.0
