O^z,error,N,total_data
-0.19043953444211792,0.0005473324085647091,1000.0,28000.0
