O^z,error,N,total_data
-0.14380015922532538,0.00042630597154585514,939.0,45072.0
