O^z,error,N,total_data
-0.16900378183741138,0.00048014987158692636,1000.0,36000.0
