O^z,error,N,total_data
-0.22900916784581388,0.0006489405808423129,1000.0,20000.0
