O^z,error,N,total_data
-0.1520709109638244,0.000425788883261703,1000.0,44000.0
