O^z,error,N,total_data
-0.37944632084295604,0.0029062081222061627,1000.0,1000.0
