ZL,error,N
-0.07733553529415006,0.0023774699474942156,1000.0
