ZL,error,N
-0.08053248682927122,0.004208559115541443,1000.0
