ZL,error,N
-0.10903088646329173,0.0030834429409939824,1000.0
