Jdis,O^z,error,N
0.7,-0.16385869861304997,0.00040662667981369475,1000.0
0.75,-0.16046634070905913,0.0004232976934909906,1000.0
0.8,-0.15767732282738375,0.00042783051947990324,1000.0
0.85,-0.15274593704701772,0.0004432710756155381,1000.0
0.9,-0.14714680655241752,0.00044547867676356486,1000.0
0.95,-0.14002668046940972,0.0004680228412242003,1000.0
1.0,-0.13779815617544325,0.0004717900077878397,1000.0
