O^z,error,N,total_data
0.30531303401269694,0.00038455079595598244,1000.0,24000.0
