O^z,error,N,total_data
0.32020635192148866,0.0015065506417716824,1000.0,1000.0
