O^z,error,N,total_data
0.3114275159118635,0.0004430748752002466,1000.0,16000.0
