O^z,error,N,total_data
0.3028499479051772,0.00034998261377326093,1000.0,32000.0
