O^z,error,N,total_data
0.0009835500348465585,4.931487209782348e-05,1000.0,32000.0
