ZL,error,N
0.7977999834078064,0.00404488764714522,1000.0
