O^z,error,N,total_data
-0.014339890526222277,0.0002370505476348875,1000.0,24000.0
