O^z,error,N,total_data
-0.00621186017686625,0.00013677005607731576,1000.0,32000.0
