O^z,error,N,total_data
-0.1450123059328633,0.0037966136682515087,1000.0,1000.0
