O^z,error,N,total_data
-0.040742941153951835,0.0005196441679114152,1000.0,16000.0
