O^z,error,N,total_data
0.20633519575157117,0.0032448890059861004,1000.0,1000.0
