O^z,error,N,total_data
0.1567600287324073,0.0008209981264586629,1000.0,16000.0
