O^z,error,N,total_data
0.11909342772530879,0.0017933247365089216,100.0,3200.0
