O^z,error,N,total_data
0.1338363175831772,0.0006655402807944731,1000.0,24000.0
