O^z,error,N,total_data
0.11332442697462387,0.00056907941901056,1000.0,32000.0
