O^z,error,N,total_data
0.14493975741590442,0.0006059346131984362,1000.0,32000.0
