O^z,error,N,total_data
0.22455850495157137,0.0030853505226600556,1000.0,1000.0
