O^z,error,N,total_data
0.18084976778565362,0.000825334829517382,1000.0,16000.0
