O^z,error,N,total_data
0.1566396082977331,0.0006954936120667218,1000.0,24000.0
