O^z,error,N,total_data
0.030638829403665534,0.0003835340923380938,1000.0,24000.0
