O^z,error,N,total_data
0.01992072455810125,0.00027865079526234726,1000.0,32000.0
