O^z,error,N,total_data
0.055774154404816506,0.0006152542460104029,1000.0,16000.0
