O^z,error,N,total_data
0.11419047620410777,0.00318878789493277,1000.0,1000.0
