ZL,error,N
-0.06507379348700336,0.002491221976845195,1000.0
