ZL,error,N
-0.18952321087215768,0.0032071109059032188,1000.0
