ZL,error,N
-0.1599237358284382,0.00246796277799254,1000.0
