ZL,error,N
0.8754091777686674,0.00015996286637474762,1000.0
