O^z,error,N,total_data
0.09836365068844137,0.003235724637182953,1000.0,1000.0
