O^z,error,N,total_data
0.025046549909157428,0.0003455400817019777,1000.0,24000.0
