O^z,error,N,total_data
0.044807956768908995,0.0005626255215243752,1000.0,16000.0
