O^z,error,N,total_data
0.01385739307404321,0.00022484149608891868,1000.0,32000.0
