O^z,error,N,total_data
-0.20856858061026337,0.00037297631990684853,1000.0,24000.0
