O^z,error,N,total_data
-0.2756137696928525,0.0005702737883956228,1000.0,16000.0
