O^z,error,N,total_data
-0.4331648383789287,0.0026795005351277863,1000.0,1000.0
