ZL,error,N
-0.6462420520850035,0.006489056401484453,1000.0
