ZL,error,N
-0.6922993426240074,0.006381230387169195,1000.0
