ZL,error,N
-0.5804186436483108,0.006438580862844722,1000.0
