ZL,error,N
-0.478669382211012,0.004946585852584936,1000.0
