ZL,error,N
-0.062296917494629865,0.0038221625451072857,1000.0
