ZL,error,N
-0.024443869843147895,0.0037485859535717576,1000.0
