ZL,error,N
0.03204178610318241,0.0035755704331212846,1000.0
