ZL,error,N
-0.04548087979725448,0.0038467158763261754,1000.0
