O^z,error,N,total_data
-0.02630253049248168,0.00014883205137318462,7000.0,224000.0
