O^z,error,N,total_data
-0.19105617388811086,0.005886736975352928,1000.0,1000.0
