O^z,error,N,total_data
-0.0218383683956863,0.000593368262631227,500.0,16000.0
