O^z,error,N,total_data
-0.3651270547908596,0.003988635426739184,1000.0,1000.0
