O^z,error,N,total_data
-0.23675683649253343,0.0008199710015834518,1000.0,16000.0
