O^z,error,N,total_data
0.013398476089888443,0.0002201154332016984,1000.0,32000.0
