ZL,error,N
0.6304616700483985,0.010582685289830574,250.0
