ZL,error,N
0.7253489832817548,0.01023301550273629,250.0
