ZL,error,N
0.7902109414355278,0.004464401561406136,1000.0
