ZL,error,N
0.4242199679281824,0.011379211233220485,250.0
