ZL,error,N
0.9022251726874696,7.569892960813727e-08,1000.0
