O^z,error,N,total_data
-0.25447194423748065,0.010472452196656264,1.0,24.0
