O^z,error,N,total_data
-0.2091619804319506,0.011285214024894808,1.0,32.0
