O^z,error,N,total_data
-0.3192243961451242,0.01598989449451194,1.0,16.0
