ZL,error,N
0.13871162167770063,0.004246389791195096,1000.0
