ZL,error,N
0.1559356447055349,0.0034665009989530253,1000.0
