ZL,error,N
0.14703664410601064,0.0037754941507048916,1000.0
