ZL,error,N
0.17681796408350392,0.0027029268954988136,1000.0
