O^z,error,N,total_data
-0.07266588546172137,0.0006699986469487582,1000.0,16000.0
