O^z,error,N,total_data
-0.01671283197897261,0.00022027498917036843,1000.0,32000.0
