O^z,error,N,total_data
-0.03163478448540774,0.00035053693629396134,1000.0,24000.0
