O^z,error,N,total_data
-0.19611721130747858,0.004148884195890198,1000.0,1000.0
