ZL,error,N
0.2789060790238222,0.0031235917018955185,1000.0
