ZL,error,N
0.26215868654225105,0.002563951255936965,1000.0
