ZL,error,N
0.242864478449362,0.0017677297354865998,1000.0
