O^z,error,N,total_data
0.1449912297461178,0.0008217212225348095,1000.0,16000.0
