O^z,error,N,total_data
0.10153767062120712,0.0017470648995739386,100.0,3200.0
