O^z,error,N,total_data
0.19523073491541243,0.003339328376456001,1000.0,1000.0
