O^z,error,N,total_data
0.09880465253031716,0.0005517987402853796,1000.0,32000.0
