O^z,error,N,total_data
0.11916332288685394,0.000652878295288019,1000.0,24000.0
