ZL,error,N
-0.0034246009147261697,0.0011415341271778367,6999.0
