ZL,error,N
0.014654045780251316,0.0030479717928549198,998.0
