ZL,error,N
0.02941082167998129,0.003857718787271697,966.0
