ZL,error,N
0.024111983799522122,0.0035134375378005856,987.0
