ZL,error,N
-0.0004583365003736221,0.00230718816513293,998.0
