O^z,error,N,total_data
-0.05532733952481761,0.00048091217202098606,1000.0,24000.0
