O^z,error,N,total_data
-0.23236773593816168,0.004368501859105389,1000.0,1000.0
