O^z,error,N,total_data
-0.10402730668544154,0.0007986156765161861,1000.0,16000.0
