O^z,error,N,total_data
-0.0330441456785587,0.00032515393936661255,1000.0,32000.0
