Dimerization,O^z,error
0,0.2750150767032424,0.003057754848617991
