ZL,error,N
-0.6343422970624016,0.0066944104760781374,1000.0
