ZL,error,N
-0.5767687215924807,0.006400484216198104,1000.0
