ZL,error,N
-0.4719218842258453,0.005074080232838016,1000.0
