ZL,error,N
-0.6724702678291103,0.007178678290920557,1000.0
