O^z,error,N,total_data
-0.10817224438095487,0.0004973312076481487,1000.0,32000.0
