O^z,error,N,total_data
-0.3226822819391175,0.004735209777090333,1000.0,1000.0
