O^z,error,N,total_data
-0.13877914653007,0.0006578965326695286,1000.0,24000.0
