O^z,error,N,total_data
-0.19348120929702334,0.0009502886279004179,1000.0,16000.0
