ZL,error,N
-0.19297362608522445,0.0032745885297606205,1000.0
