ZL,error,N
-0.11779221616908105,0.0014147887185175336,1000.0
