ZL,error,N
-0.19457108943905865,0.0020514412874249547,1000.0
