ZL,error,N
-0.014300950121481325,0.001995341278296285,1000.0
