ZL,error,N
-0.12109219804292753,0.0008737667794626874,1000.0
