ZL,error,N
-0.09913446201995582,0.0015267997177862908,1000.0
