ZL,error,N
0.2605720619898597,0.002818180337322552,1000.0
