ZL,error,N
0.24250890882491416,0.0016730062301732968,1000.0
