ZL,error,N
0.2782997879561015,0.003566340259563694,1000.0
