ZL,error,N
-0.04002764760563732,0.004387689172237278,1000.0
