ZL,error,N
-0.07557169428491248,0.004668553468155013,1000.0
