ZL,error,N
0.0027323199013056876,0.004198531672340653,1000.0
