ZL,error,N
0.07479036978885518,0.003520975239793629,1000.0
