O^z,error,N,total_data
-0.3498725439330063,0.0003583287771248956,1000.0,24000.0
