O^z,error,N,total_data
-0.4653192774563149,0.0015458359004809383,1000.0,1000.0
