O^z,error,N,total_data
-0.3765256101428142,0.00039066875352538504,1000.0,16000.0
