ZL,error,N
0.6014960078727559,0.004869578301764352,1000.0
