ZL,error,N
0.06129853913815756,0.005618117144727523,1000.0
