ZL,error,N
-0.06675844478093267,0.0023884816957991358,1000.0
