ZL,error,N
-0.054320727684352234,0.0036500915550017696,1000.0
