ZL,error,N
0.0014210377186222318,0.0047876308409135985,1000.0
