ZL,error,N
0.1301023897130388,0.0038311671108633757,1000.0
