ZL,error,N
0.1587051141879056,0.0029315668094722193,1000.0
