ZL,error,N
0.09328350842044571,0.004673943815984257,1000.0
