ZL,error,N
0.10804997240551902,0.0042437166408220124,1000.0
