O^z,error,N,total_data
-0.02234099706251268,0.00039691229630073267,1000.0,32000.0
