O^z,error,N,total_data
-0.037476724472447154,0.0005818990653504672,1000.0,24000.0
