O^z,error,N,total_data
-0.17155325525961018,0.0060121544883219025,1000.0,1000.0
