O^z,error,N,total_data
-0.07530301522117773,0.0009665739211331711,1000.0,16000.0
