ZL,error,N
0.013939636004884617,0.0028759704001803336,1000.0
