ZL,error,N
-0.01994499413155189,0.0036231242830793687,1000.0
