ZL,error,N
-0.02471233719685269,0.003559581761332221,1000.0
