ZL,error,N
0.04495019994492522,0.0034542951002369615,1000.0
