ZL,error,N
0.002168138666615752,0.0036295471413183636,1000.0
