ZL,error,N
-0.0021741277624482422,0.003459050673845127,1000.0
