ZL,error,N
0.04230746716279543,0.0034237771535168965,1000.0
