ZL,error,N
-0.01674610636344895,0.0034058795589096804,1000.0
