ZL,error,N
-0.011037515195147963,0.003469720760130328,1000.0
