O^z,error,N,total_data
-0.03874158311482203,0.0005940537146796778,999.0,23976.0
