O^z,error,N,total_data
-0.07407476274887215,0.000976842967486889,1000.0,16000.0
