O^z,error,N,total_data
-0.1766018085062202,0.0058726128767906385,1000.0,1000.0
