O^z,error,N,total_data
-0.022079032786134666,0.0003989658759622088,1000.0,32000.0
