O^z,error,N,total_data
0.2492046496562823,0.005324606805779728,1.0,32.0
