O^z,error,N,total_data
0.26016195345499515,0.00756151249947359,1.0,24.0
