O^z,error,N,total_data
0.2621918633057298,0.007204901772330303,1.0,16.0
