O^z,error,N,total_data
-0.03472165125641202,0.0007486526193424318,999.0,15984.0
