O^z,error,N,total_data
-0.11414956426269236,0.005249790331795602,1000.0,1000.0
