O^z,error,N,total_data
-0.008587252931597658,0.0002856954953860958,1000.0,32000.0
