O^z,error,N,total_data
-0.01576944172096413,0.0004092682342059049,1000.0,24000.0
