ZL,error,N
0.004436581323526343,0.001932834403536351,985.0
