ZL,error,N
0.00532131321469599,0.0022813084986305593,946.0
