ZL,error,N
0.003512863925753336,0.0027829838628211398,886.0
