Jdis,ZL,error,N
2.0,0.010650629719160698,0.0024700161016197996,1000.0
2.05,0.007994362509996095,0.0024632370273808936,1000.0
2.1,0.01150608701406027,0.0023760809053630983,1000.0
2.15,0.012181099882134469,0.002429055972779848,1000.0
2.2,0.008847983528342367,0.0022853778989743636,1000.0
