Jdis,ZL,error,N
2.5,0.004779107965943516,0.0022396632239536935,1000.0
3.0,0.006299582886063434,0.0022035453500774582,998.0
3.5,0.005923895467917861,0.0021738772134693688,988.0
4.0,0.0053529911023469405,0.0023028128275306967,973.0
4.5,0.008565413698559662,0.0024960784093890115,950.0
