Jdis,ZL,error,N
2.0,0.023349060193782623,0.0025402103501154594,1000.0
2.05,0.020026200896496378,0.002563142130019337,1000.0
2.1,0.018093375806562534,0.0025733403697779985,1000.0
2.15,0.017309917895521124,0.002537410131592418,1000.0
2.2,0.01628780760541748,0.002434134354549801,1000.0
