Jdis,ZL,error,N
2.5,0.006824590410127646,0.003292373199357806,500.0
3.0,0.009791453758255273,0.003133336164978736,498.0
3.5,0.006706355242872098,0.0030517153207210465,493.0
4.0,0.008843661716995499,0.0032476287346925063,487.0
4.5,0.00826633082536672,0.0037527966135112853,475.0
