Jdis,ZL,error,N
2.5,0.009229709908238971,0.0016217454047938236,1999.0
3.0,0.003037718708927412,0.0014618430354427997,2000.0
3.5,0.0022533822778879444,0.001474241379743328,1988.0
4.0,0.001940725442579553,0.001487938328743778,1980.0
4.5,0.003044423790609002,0.001548081252408976,1949.0
