Jdis,ZL,error,N
1.8,0.028541665433839354,0.0036498765635429044,500.0
1.9,0.020852376119982297,0.0036091054921211976,500.0
2.0,0.009302875858306126,0.0035213074247745333,500.0
2.1,0.012435303129856884,0.0033277321414959893,500.0
2.2,0.009734934380697554,0.0032583685786420624,500.0
