Jdis,ZL,error,N
0.5,0.2947248502588518,0.003000307585940322,1000.0
1.0,0.12607804288318958,0.003572137536048943,1000.0
1.5,0.044740254077654376,0.0030595946547405848,1000.0
2.0,0.010650629719160698,0.0024700161016197996,1000.0
2.5,0.004892186618956014,0.002236785836214326,1000.0
3.0,0.006299582886063434,0.0022035453500774582,998.0
3.5,0.005923895467917861,0.0021738772134693688,988.0
4.0,0.0053529911023469405,0.0023028128275306967,973.0
4.5,0.008565413698559662,0.0024960784093890115,950.0
