ZL,error,N
0.5218313403979885,0.008373539998843752,1000.0
