ZL,error,N
0.8865561935340723,0.0013223575396365491,1000.0
