O^z,error,N,total_data
-0.21139107421242107,0.00577942738274154,1000.0,1000.0
