O^z,error,N,total_data
-0.035328769545731706,0.00016741615265606632,6999.0,223968.0
