ZL,error,N
0.8865983991541628,0.0018171765661551783,1000.0
