O^z,error,N,total_data
-0.03468138448264353,0.0005932881130382931,500.0,16000.0
