ZL,error,N
0.1528139128023294,0.002764255900524803,1000.0
