ZL,error,N
0.12180899794618276,0.003610997365546966,1000.0
