ZL,error,N
0.13245127170614254,0.003321625490164021,1000.0
