ZL,error,N
0.8945871257879118,4.500439846123824e-05,1000.0
