ZL,error,N
-0.3744267747944135,0.009287315377974809,1000.0
