ZL,error,N
-0.3688619189278624,0.009817818432153309,1000.0
