ZL,error,N
-0.3798416361891592,0.03157927936317285,100.0
