ZL,error,N
-0.3408908377026491,0.006598991526391698,1000.0
