ZL,error,N
-0.3579974971727666,0.008389054288036463,1000.0
