ZL,error,N
-0.017126343687472453,0.002601383257280987,1000.0
