O^z,error,N,total_data
0.32669653857290076,0.00028879290558581864,1000.0,24000.0
