O^z,error,N,total_data
0.34047761599897963,0.0009932720693216774,1000.0,1000.0
