O^z,error,N,total_data
0.324519127280579,0.0002517091354834211,1000.0,32000.0
