O^z,error,N,total_data
0.33258032903532125,0.00032121613031472443,1000.0,16000.0
