ZL,error,N
-0.1472168051891553,0.004231820961672724,1000.0
