ZL,error,N
0.0502532176546748,0.002917628930840954,1000.0
