ZL,error,N
-0.05829763620026344,0.003858408448085052,1000.0
