O^z,error,N,total_data
7.704337121726902e-05,2.1024690026706954e-05,1000.0,16000.0
