O^z,error,N,total_data
-1.0415128030179347e-07,6.914658412900466e-08,500.0,24000.0
