O^z,error,N,total_data
-1.8961189236375597e-06,8.793242590874204e-07,1000.0,32000.0
