O^z,error,N,total_data
2.106910644252633e-09,1.3566648393669984e-09,500.0,32000.0
