O^z,error,N,total_data
0.004591665607131181,0.00028831492562512545,1000.0,1000.0
