O^z,error,N,total_data
1.2562228642364872e-05,3.7199744179076545e-06,1000.0,24000.0
