O^z,error,N,total_data
1.9355469322591954e-06,8.461267576269156e-07,500.0,24000.0
