O^z,error,N,total_data
5.064760828669682e-05,4.001184968759777e-06,1000.0,24000.0
