O^z,error,N,total_data
-8.802369448182925e-07,2.4119151572609035e-07,500.0,32000.0
