O^z,error,N,total_data
0.01235375725432806,0.000556450937937615,1000.0,1000.0
