O^z,error,N,total_data
1.5354918180944178e-05,3.535725485868998e-06,1000.0,32000.0
