O^z,error,N,total_data
0.0006188138646281531,3.069207290185575e-05,1000.0,16000.0
