ZL,error,N
0.12809217953005042,0.0031659403843177863,1000.0
