ZL,error,N
0.07054945319462824,0.004260258423368564,1000.0
