ZL,error,N
0.0932050918899247,0.003841633769596527,1000.0
