ZL,error,N
-0.24140866832806526,0.00897503992096521,1000.0
