ZL,error,N
-0.22863743679537035,0.009570400101130258,1000.0
