ZL,error,N
-0.26966109753103534,0.007170400796350816,1000.0
