ZL,error,N
-0.20078290601308368,0.01011795109815772,1000.0
