ZL,error,N
0.03341904084864643,0.002915912892803356,1000.0
