ZL,error,N
0.004962656821461336,0.0009464135115147624,6999.0
