ZL,error,N
-0.013345830170363802,0.002688079205603323,1000.0
