ZL,error,N
0.22977346314813563,0.002598957460143371,1000.0
