ZL,error,N
0.2354134930583328,0.003115450510156024,1000.0
