ZL,error,N
0.21793070935611045,0.002051040070798926,1000.0
