O^z,error,N,total_data
-0.02331368483784827,0.0004081386735535169,1000.0,32000.0
