O^z,error,N,total_data
-0.23745029899205017,0.0008236626822524802,1000.0,16000.0
