O^z,error,N,total_data
-0.18341420609093326,0.0005882509475076027,1000.0,24000.0
