O^z,error,N,total_data
-0.15073274547018475,0.0004707756512233054,1000.0,32000.0
