O^z,error,N,total_data
-0.36906972956493805,0.0038797451421834937,1000.0,1000.0
