O^z,error,N,total_data
-0.024156664442296773,0.0003927809921717693,1000.0,32000.0
