O^z,error,N,total_data
-0.18108788649845745,0.0005776307032062265,1000.0,24000.0
