O^z,error,N,total_data
-0.23591656077345652,0.0008191846475304343,1000.0,16000.0
