O^z,error,N,total_data
-0.3675898225060694,0.004140962739436889,1000.0,1000.0
