O^z,error,N,total_data
-0.14924542678872488,0.00045494245306894885,1000.0,32000.0
