ZL,error,N
-0.23716399525043094,0.0023777177417184754,1000.0
