ZL,error,N
-0.09078430811118723,0.0017848161094308956,1000.0
