ZL,error,N
-0.3359787654408626,0.0027596081068085587,1000.0
