O^z,error,N,total_data
0.07659879260492086,0.0015586410766818917,100.0,3200.0
