O^z,error,N,total_data
0.12136857037579865,0.0007943574883645717,1000.0,16000.0
