O^z,error,N,total_data
0.09121533405158438,0.0006072135471262304,1000.0,24000.0
