O^z,error,N,total_data
0.1756090643241745,0.0033875825212557192,1000.0,1000.0
