O^z,error,N,total_data
0.07434844370499276,0.0004868735202484034,1000.0,32000.0
