O^z,error,N,total_data
2.8645522610999175e-05,1.0161387886707496e-05,250.0,6000.0
