O^z,error,N,total_data
1.757880855489712e-05,6.347911339005781e-06,1000.0,32000.0
