O^z,error,N,total_data
0.0008627114281964829,0.0001557549988296368,250.0,4000.0
