O^z,error,N,total_data
0.009418712550386706,0.0017399748768976888,250.0,250.0
