ZL,error,N
-0.24089756055000003,0.00213143835220764,1000.0
