ZL,error,N
-0.10431907006221076,0.0015989003834677104,1000.0
