ZL,error,N
-0.3207646039686511,0.0026753796144695975,1000.0
