ZL,error,N
-0.15092949442309314,0.002503628149244804,1000.0
