ZL,error,N
-0.11852478795548146,0.001291229512105829,1000.0
