ZL,error,N
-0.10289826377816276,0.00397793981694641,1000.0
