O^z,error,N,total_data
0.09706639901789817,0.0005442657672704593,1000.0,32000.0
