O^z,error,N,total_data
0.1161136209038387,0.0006541004588724215,1000.0,24000.0
