O^z,error,N,total_data
0.19301385802610468,0.003336444633671531,1000.0,1000.0
