O^z,error,N,total_data
0.1433107920290168,0.0008138682752728253,1000.0,16000.0
