O^z,error,N,total_data
0.10109859121589988,0.001737058983562356,100.0,3200.0
