O^z,error,N,total_data
-0.17881058303976374,0.0004568429136376839,1000.0,32000.0
