O^z,error,N,total_data
-0.3901235851593765,0.003475969169126383,1000.0,1000.0
