O^z,error,N,total_data
-0.20783719814176996,0.000566042137966652,1000.0,24000.0
