O^z,error,N,total_data
-0.25939735760487403,0.0007546135858851605,1000.0,16000.0
