O^z,error,N,total_data
0.1738633166045609,0.0033656889169211505,1000.0,1000.0
