O^z,error,N,total_data
0.08742971512818476,0.0005904105570309514,1000.0,24000.0
