O^z,error,N,total_data
0.07026738489303545,0.0004803280721687706,1000.0,32000.0
