O^z,error,N,total_data
0.11705648179300103,0.0007799201383415594,1000.0,16000.0
