O^z,error,N,total_data
-0.2041171618267235,0.0004097116514937903,1000.0,24000.0
