O^z,error,N,total_data
-0.4135921899656826,0.002861153518170131,1000.0,1000.0
