O^z,error,N,total_data
-0.26899946074842424,0.0006006787452974865,1000.0,16000.0
