ZL,error,N
0.008862415887180132,0.003714189448881779,499.0
