O^z,error,N,total_data
-0.0005843891545090493,7.78979553136925e-05,999.0,31968.0
