O^z,error,N,total_data
-0.26920556885066077,0.003629583157591274,1000.0,1000.0
