O^z,error,N,total_data
-0.1264472282328093,0.0007425809891466323,1000.0,16000.0
