O^z,error,N,total_data
-0.07200136833844066,0.0004811863692797275,1000.0,24000.0
