ZL,error,N
-0.09090562030827903,0.0014804534879606104,1000.0
