ZL,error,N
0.2548588274667996,0.006261266527435165,500.0
