ZL,error,N
0.019725432203441928,0.0036328322662469385,1000.0
