ZL,error,N
0.150947668927207,0.004144818677201489,1000.0
