O^z,error,N,total_data
-0.047480206324121234,0.0006322095340220431,500.0,16000.0
