ZL,error,N
-0.004548546629122259,0.004169812332327784,500.0
