O^z,error,N,total_data
-0.034899661218962603,0.00016738297844743786,7000.0,224000.0
