O^z,error,N,total_data
-0.20864796220046977,0.005832068110358944,1000.0,1000.0
