O^z,error,N,total_data
-0.03978466080345385,0.0003962090760355258,1000.0,16000.0
