O^z,error,N,total_data
-0.15265149035907635,0.0028276072968723607,1000.0,1000.0
