O^z,error,N,total_data
-0.004105818807110274,9.823221077600092e-05,500.0,16000.0
