O^z,error,N,total_data
-0.011565814306933006,0.00014483537468200242,1000.0,24000.0
