ZL,error,N
-0.27103478641595613,0.008718097244982596,1000.0
