ZL,error,N
-0.2591313431207801,0.009190868060578028,1000.0
