ZL,error,N
-0.2841478009228887,0.006867880203314604,1000.0
