ZL,error,N
-0.23972959759637474,0.009704580605852163,1000.0
