ZL,error,N
-0.012668190138518673,0.0033477511269825746,1000.0
