O^z,error,N,total_data
-0.0005024542430536214,0.00011330988344430704,498.0,15936.0
