ZL,error,N
0.23053076302861217,0.016611309404053552,250.0
