ZL,error,N
0.46052141531681967,0.015011823272398498,250.0
