ZL,error,N
0.5732560269158515,0.014344452677503377,250.0
