ZL,error,N
0.6635994039078449,0.005922922397227951,1000.0
