ZL,error,N
0.2698244574719208,0.001119956388326019,1000.0
