ZL,error,N
0.3196738487437163,0.0018327059395622052,1000.0
