ZL,error,N
0.35363127766777397,0.001994052971716462,1000.0
