O^z,error,N,total_data
0.12495840789913319,0.0007918306205379447,1000.0,16000.0
