O^z,error,N,total_data
0.07673974851879758,0.0004933000597365814,1000.0,32000.0
