O^z,error,N,total_data
0.09557924620555262,0.000613863257460453,1000.0,24000.0
