O^z,error,N,total_data
0.1784481565678242,0.0033652572856613175,1000.0,1000.0
