ZL,error,N
0.0019538212958445916,0.003190966843891501,500.0
