O^z,error,N,total_data
-0.19433271716511613,0.0005674028122299316,1000.0,24000.0
