O^z,error,N,total_data
-0.38221693964018305,0.003589652692389857,1000.0,1000.0
