O^z,error,N,total_data
-0.24999998456584155,0.0007765658066029186,1000.0,16000.0
