ZL,error,N
0.0545584736484096,0.0035081311854365587,1000.0
