ZL,error,N
-0.023386527256846288,0.004026415050995661,1000.0
