ZL,error,N
0.0029016299484840467,0.003934500342530975,1000.0
