ZL,error,N
-0.03732496070434133,0.0038398810768958537,1000.0
