O^z,error,N,total_data
0.1025330395504558,0.0005417081516726613,1000.0,32000.0
