O^z,error,N,total_data
0.11899286359347118,0.0006637825419966604,1000.0,24000.0
