O^z,error,N,total_data
0.10521013886238942,0.001777216234789671,100.0,3200.0
