O^z,error,N,total_data
0.19916312198904787,0.003293991475404039,1000.0,1000.0
