O^z,error,N,total_data
0.14752609147101492,0.0008164061340000341,1000.0,16000.0
