O^z,error,N,total_data
0.10282016213899088,0.0006241300692340593,1000.0,24000.0
