O^z,error,N,total_data
0.08421740733015322,0.0005155330805160332,1000.0,32000.0
