O^z,error,N,total_data
0.18396936442228295,0.0033162772467885838,1000.0,1000.0
