O^z,error,N,total_data
0.08756908840386936,0.0016932769572845557,100.0,3200.0
