O^z,error,N,total_data
0.13106436280404965,0.000804812328350086,1000.0,16000.0
