O^z,error,N,total_data
-0.04482394608292812,0.0006254387561275969,500.0,16000.0
