ZL,error,N
0.0031377062852491794,0.0021622371143166343,992.0
