ZL,error,N
0.01933911753438687,0.003379537587778289,946.0
