ZL,error,N
0.012660312664654698,0.0028703370372402475,981.0
