ZL,error,N
0.0226179845218658,0.003944520975942642,881.0
