O^z,error,N,total_data
-0.22268945596670148,0.0005194929664784498,1000.0,28000.0
