O^z,error,N,total_data
-0.18603883510731734,0.00041573206167281284,954.0,45792.0
