O^z,error,N,total_data
-0.19520011057213651,0.00043762914110630853,1000.0,40000.0
