O^z,error,N,total_data
-0.20507300379948779,0.0004580051658115433,1000.0,36000.0
