O^z,error,N,total_data
-0.17016798870993072,0.0004989507441485749,500.0,32000.0
