O^z,error,N,total_data
-0.21379309412272685,0.00048423816262474126,1000.0,32000.0
