O^z,error,N,total_data
-0.19349186567438464,0.0004109140856831226,1000.0,44000.0
