O^z,error,N,total_data
-0.14887844218277302,0.0005913413810276995,200.0,25600.0
