O^z,error,N,total_data
-0.23732631124391068,0.0005520209400255117,1000.0,24000.0
