O^z,error,N,total_data
-0.32191531188697275,0.0008008264910385984,1000.0,12000.0
