O^z,error,N,total_data
-0.28166518599654594,0.0006788563550614348,1000.0,16000.0
