O^z,error,N,total_data
-0.40057083153930756,0.0028293319114880947,1000.0,1000.0
