O^z,error,N,total_data
-0.1863126043122062,0.00040822880766382016,1000.0,48000.0
