O^z,error,N,total_data
-0.2548660786331258,0.0006027444077471723,1000.0,20000.0
