O^z,error,N,total_data
-0.17267079012982142,0.0003571285303780515,1000.0,64000.0
