O^z,error,N,total_data
0.20719881673886434,0.0032453144395936787,1000.0,1000.0
