O^z,error,N,total_data
0.13174198530807243,0.000663111365923259,1000.0,24000.0
