O^z,error,N,total_data
0.11604151496349356,0.0005661020971086607,1000.0,32000.0
