O^z,error,N,total_data
0.15711239146593498,0.0008257231696252151,1000.0,16000.0
