O^z,error,N,total_data
-0.013086855459987877,0.0001903113509460935,1000.0,24000.0
