O^z,error,N,total_data
-0.005349914719784162,0.00010621301701320628,1000.0,32000.0
