O^z,error,N,total_data
-0.1496880394876925,0.003322389038147923,1000.0,1000.0
