O^z,error,N,total_data
-0.04026940912441051,0.0004410428104086629,1000.0,16000.0
