O^z,error,N,total_data
-0.0607022355954632,0.0006477098405398081,1000.0,24000.0
