O^z,error,N,total_data
-0.04076826716803525,0.00017060064629534954,7000.0,224000.0
