O^z,error,N,total_data
-0.10672436210423711,0.0010291983999048114,1000.0,16000.0
