O^z,error,N,total_data
-0.22588214831172,0.005730172657532938,1000.0,1000.0
