O^z,error,N,total_data
-0.01691623022819985,0.0007063142917030177,991.0,15856.0
