O^z,error,N,total_data
-0.0023722218190295775,0.00025951686156370563,936.0,29952.0
