O^z,error,N,total_data
-0.005130513992322284,0.00038563067962883377,967.0,23208.0
