O^z,error,N,total_data
-0.06316155502491853,0.0050721085984996315,995.0,995.0
