O^z,error,N,total_data
-0.2209345115091149,0.0008463547055354703,1000.0,16000.0
