O^z,error,N,total_data
-0.16615453787113665,0.000634425126241009,1000.0,24000.0
