O^z,error,N,total_data
-0.13372879059329673,0.0005209314842259768,1000.0,32000.0
