O^z,error,N,total_data
-0.35294404654711675,0.0036792203774812693,1000.0,1000.0
