O^z,error,N,total_data
-0.12627690457703064,0.0006267585780959943,1000.0,24000.0
