O^z,error,N,total_data
-0.1818799648789389,0.0008784922441339011,1000.0,16000.0
