O^z,error,N,total_data
-0.3188143243658077,0.003998681466631788,1000.0,1000.0
