O^z,error,N,total_data
-0.09394477660250457,0.0004965743525463822,1000.0,32000.0
