O^z,error,N,total_data
0.07072838233561579,0.0004770605024665884,1000.0,32000.0
