O^z,error,N,total_data
0.08713411025651215,0.0005887137678680354,1000.0,24000.0
