O^z,error,N,total_data
0.17399325411179326,0.003368291719444745,1000.0,1000.0
