O^z,error,N,total_data
0.11592714823674471,0.0007849362820613154,1000.0,16000.0
