ZL,error,N
0.06483834038316101,0.004656905788230402,995.0
