O^z,error,N,total_data
-0.03126415512796899,0.00037332060393197443,1000.0,24000.0
