O^z,error,N,total_data
-0.016613307537525,0.00023766900082424855,1000.0,32000.0
