O^z,error,N,total_data
-0.07023240514282801,0.0006931640163015431,1000.0,16000.0
