O^z,error,N,total_data
-0.18693223147169855,0.004250812125297632,1000.0,1000.0
