ZL,error,N
0.007912947836314719,0.0031115959765207544,901.0
