ZL,error,N
0.004281308086169892,0.0025670463259749605,948.0
