ZL,error,N
0.005970006923977906,0.0020553589517731076,993.0
