ZL,error,N
0.005282159910843829,0.0023228366978125226,979.0
