ZL,error,N
-0.33113968442112246,0.008504489725263437,1000.0
