ZL,error,N
-0.33120329272589893,0.009880349469226855,1000.0
