ZL,error,N
-0.3372322136969111,0.009322698657538915,1000.0
