ZL,error,N
-0.3236358787838253,0.006715295774715173,1000.0
