O^z,error,N,total_data
-0.37262106812242657,0.0037944268979935463,1000.0,1000.0
