O^z,error,N,total_data
-0.2421954681591371,0.0008024732855551128,1000.0,16000.0
