O^z,error,N,total_data
-0.18667575515372667,0.000564606048931998,1000.0,24000.0
