O^z,error,N,total_data
-0.15389897467958477,0.000457538934967768,1000.0,32000.0
