O^z,error,N,total_data
-0.004754643451914997,0.0006430259525442833,245.0,7840.0
