O^z,error,N,total_data
-0.20745541471598386,0.000458288125368227,1000.0,24000.0
