O^z,error,N,total_data
-0.2680803551016407,0.0006459510213185197,1000.0,16000.0
