O^z,error,N,total_data
-0.40462758223256173,0.0030903957739138103,1000.0,1000.0
