O^z,error,N,total_data
-0.17358398608218364,0.0005078514980904499,500.0,16000.0
