O^z,error,N,total_data
0.189263108262676,0.0033643150189838723,1000.0,1000.0
