O^z,error,N,total_data
0.1071813999184809,0.0006416116510001046,1000.0,24000.0
