O^z,error,N,total_data
0.13685008924444556,0.00080364935354956,1000.0,16000.0
