O^z,error,N,total_data
0.08890520641905576,0.0005217898530508844,1000.0,32000.0
