O^z,error,N,total_data
-0.17581791315668352,0.0009469522257472288,1000.0,16000.0
