O^z,error,N,total_data
-0.308666372472888,0.004645510083778336,1000.0,1000.0
