O^z,error,N,total_data
-0.09121021944398633,0.0004996525417289716,1000.0,32000.0
