O^z,error,N,total_data
-0.12100471974965445,0.0006631220500972877,1000.0,24000.0
