O^z,error,N,total_data
0.09913799479764779,0.000558081577122293,1000.0,32000.0
