O^z,error,N,total_data
0.1959677416931265,0.0033187609363405503,1000.0,1000.0
