O^z,error,N,total_data
0.09956945255182036,0.0005540209992587455,1000.0,32000.0
