O^z,error,N,total_data
0.14368291150319612,0.000822197010773394,1000.0,16000.0
