O^z,error,N,total_data
0.11775451871798481,0.0006603463180521441,1000.0,24000.0
