ZL,error,N
-0.31140071934535646,0.009904424286962914,1000.0
