ZL,error,N
-0.32367686482777985,0.009062954315470105,1000.0
