ZL,error,N
-0.3223744752992324,0.008289036691043932,1000.0
