ZL,error,N
-0.32345960506970234,0.03192674445552228,100.0
