ZL,error,N
-0.31605578245263094,0.006782210185354001,1000.0
