O^z,error,N,total_data
-0.08726412887776436,0.000484244414438388,1000.0,32000.0
