O^z,error,N,total_data
-0.30867072986208255,0.0041648133297411275,1000.0,1000.0
