O^z,error,N,total_data
-0.11844251701430551,0.0006247594684817856,1000.0,24000.0
