O^z,error,N,total_data
-0.17503042896514137,0.0008822563435310389,1000.0,16000.0
