ZL,error,N
0.38757044412370295,0.006795698780083527,999.0
