ZL,error,N
0.24335727816308084,0.005579773891962025,1000.0
