ZL,error,N
0.04448343128845633,0.0043799915620779265,1000.0
