ZL,error,N
0.15674093199448852,0.005153225415213271,1000.0
