ZL,error,N
-0.05681056012367678,0.002258188906802894,1000.0
