O^z,error,N,total_data
0.08936353921617095,0.0006071472252060473,1000.0,24000.0
