O^z,error,N,total_data
0.07633206039883716,0.0015533792627368001,100.0,3200.0
