O^z,error,N,total_data
0.11919620237576734,0.0007962355870276751,1000.0,16000.0
