O^z,error,N,total_data
0.17516412865552372,0.003422015242716467,1000.0,1000.0
