O^z,error,N,total_data
0.07167605692510289,0.0004848613201660328,1000.0,32000.0
