ZL,error,N
-0.35597200049097444,0.0064494034205236335,1000.0
