ZL,error,N
-0.38213511666729394,0.008361621401087767,1000.0
