ZL,error,N
-0.40488063257544493,0.009254532711303913,1000.0
