ZL,error,N
-0.40480362178333495,0.009958227882280077,1000.0
