ZL,error,N
0.03874844220437759,0.002861193519658178,1000.0
