ZL,error,N
0.35521543633796726,0.011882941440271437,498.0
