ZL,error,N
0.24907377527793279,0.003080081297736594,1000.0
