ZL,error,N
0.5043726239981742,0.0037139879352033004,500.0
