ZL,error,N
0.002999328980561462,0.0021111200931486543,997.0
