ZL,error,N
0.006366741015946336,0.0019851652509428643,999.0
