ZL,error,N
0.014316757135551033,0.002288439319773589,999.0
