O^z,error,N,total_data
-0.012028269830948334,0.0006407308332214598,979.0,15664.0
