ZL,error,N
0.293789113164895,0.01116204102664892,1000.0
