ZL,error,N
-0.06992655179569686,0.008907283443077589,1000.0
