ZL,error,N
0.09542473172238325,0.010842461209492006,1000.0
