ZL,error,N
0.20759215668567246,0.0112693587701801,1000.0
