ZL,error,N
0.13597744851790883,0.00333281805697656,1000.0
