ZL,error,N
0.11484216277989379,0.0037537620577224894,1000.0
