ZL,error,N
0.12309039036447082,0.0036078074611056977,1000.0
