ZL,error,N
0.15485464415507236,0.002736563107709178,1000.0
