O^z,error,N,total_data
0.03823261536216319,0.0003614476214488189,1000.0,32000.0
