O^z,error,N,total_data
0.16009012022044308,0.0027706087759238186,1000.0,1000.0
