O^z,error,N,total_data
0.08772907450614774,0.0006600835665294601,1000.0,16000.0
