O^z,error,N,total_data
0.053604906789124586,0.0004626698240263586,1000.0,24000.0
