O^z,error,N,total_data
-0.023881519925671543,0.0005524893117736853,500.0,16000.0
