O^z,error,N,total_data
-0.18623661150913112,0.0058343800621165195,1000.0,1000.0
