O^z,error,N,total_data
-0.09114744651454876,0.0005045249072055729,1000.0,32000.0
