O^z,error,N,total_data
-0.1199562815990556,0.0006727954655561674,1000.0,24000.0
