O^z,error,N,total_data
-0.17451066269150586,0.000990035670953368,1000.0,16000.0
