O^z,error,N,total_data
-0.3046984765920036,0.005058895501470473,1000.0,1000.0
