ZL,error,N
0.0636346228760631,0.0036437213068351362,1000.0
