ZL,error,N
0.0990061691758943,0.0032326739671622623,1000.0
