ZL,error,N
0.045522044309533966,0.003575684905494965,1000.0
