ZL,error,N
0.032575886730064084,0.00371909708332025,1000.0
