ZL,error,N
-0.2656853379198749,0.007356876907623742,1000.0
