ZL,error,N
-0.22103183315411626,0.031891751062256286,100.0
