ZL,error,N
-0.1803196457935436,0.010919010729003855,1000.0
