ZL,error,N
-0.21337481702323474,0.010271905879184116,1000.0
