ZL,error,N
-0.23532627487031144,0.009520077352894523,1000.0
