ZL,error,N
0.12588081203673615,0.004682379884482471,1000.0
