ZL,error,N
0.18334710319222927,0.002530618996923561,1000.0
