ZL,error,N
0.15078780989921453,0.0038174409498864556,1000.0
