O^z,error,N,total_data
-0.2213821252952041,0.005330140615555702,1000.0,1000.0
