O^z,error,N,total_data
-0.03683562073148346,0.000392457073524796,1000.0,32000.0
