O^z,error,N,total_data
-0.05729830552555345,0.0005650194722413783,1000.0,24000.0
