O^z,error,N,total_data
-0.10000314986433953,0.0009435837711203387,1000.0,16000.0
