O^z,error,N,total_data
-0.009742133961211069,0.0007704076269338443,249.0,7968.0
