ZL,error,N
0.0022340595594555965,0.0010277795219681828,5508.0
