ZL,error,N
0.005616872052191604,0.0019971290483952876,989.0
