ZL,error,N
0.003696660511645284,0.002616414666183558,1194.0
