ZL,error,N
0.006724940310659439,0.001186796650377702,5083.0
