ZL,error,N
0.0036061901097514328,0.0008998160427625428,5771.0
