ZL,error,N
-0.01777492791819216,0.003248260601302311,1000.0
