ZL,error,N
0.013378090046039206,0.0015272855879833048,7000.0
