ZL,error,N
-0.009055042775771049,0.0028821232752249586,1000.0
