ZL,error,N
-0.002813420300581798,0.003564078927480702,1000.0
