ZL,error,N
-0.38076779955297235,0.009048931162135246,1000.0
