ZL,error,N
-0.3403336048445068,0.006566873076668175,1000.0
