ZL,error,N
-0.3688612862134762,0.009840254259503061,1000.0
