ZL,error,N
-0.357014011448287,0.008465448548027754,1000.0
