ZL,error,N
-0.39935226318173256,0.029143222022329468,100.0
