ZL,error,N
0.024260447899321275,0.0034568221889565128,993.0
