ZL,error,N
0.0039007416002507984,0.0024286664416017646,995.0
