ZL,error,N
0.04964912369583615,0.004628088521035248,936.0
