ZL,error,N
0.04154791368921462,0.004223897959372614,968.0
