O^z,error,N,total_data
0.12566107477287725,0.0007981759274708816,1000.0,16000.0
