O^z,error,N,total_data
0.17864470412290007,0.0033248047381185617,1000.0,1000.0
