O^z,error,N,total_data
0.07887379971751461,0.0005023116204593849,1000.0,32000.0
