O^z,error,N,total_data
0.09665531820445487,0.0006121720580173147,1000.0,24000.0
