O^z,error,N,total_data
-0.41383454119155444,0.00283803791413056,1000.0,1000.0
