O^z,error,N,total_data
-0.20986126837418703,0.00043397385297203555,1000.0,24000.0
