O^z,error,N,total_data
-0.27234990773156736,0.0006088809495328936,1000.0,16000.0
