O^z,error,N,total_data
0.10801752042683899,0.0006484156218798164,1000.0,24000.0
