O^z,error,N,total_data
0.1903966858466841,0.003339971020505076,1000.0,1000.0
