O^z,error,N,total_data
0.135295431057171,0.0008191891299896393,1000.0,16000.0
