O^z,error,N,total_data
0.09486974738195499,0.001681646728809029,100.0,3200.0
