O^z,error,N,total_data
0.0894857700197916,0.0005351926515856942,1000.0,32000.0
