ZL,error,N
-0.8064697448876897,0.0013320744398421444,1000.0
