ZL,error,N
-0.7404211539849263,0.0019325500080921874,1000.0
