ZL,error,N
-0.8434822854609608,0.0010888733863388214,1000.0
