ZL,error,N
-0.593741588483582,0.0023886115771300895,1000.0
