ZL,error,N
-0.0380352239256034,0.003401438902322273,1000.0
