ZL,error,N
-0.008625662611455379,0.004204723224730665,1000.0
