ZL,error,N
-0.036144878438952525,0.002812848035395735,1000.0
