ZL,error,N
0.02571265058075892,0.004837382279737429,1000.0
