O^z,error,N,total_data
0.0996719846628885,0.000771269399389875,1000.0,16000.0
