O^z,error,N,total_data
0.05207312051885372,0.0004394657152075588,1000.0,32000.0
