O^z,error,N,total_data
0.16032446288706706,0.0033685538528044337,1000.0,1000.0
