O^z,error,N,total_data
0.0710894661643738,0.0005703957856125535,1000.0,24000.0
