ZL,error,N
0.7266387291312487,0.004029480781341025,1000.0
