O^z,error,N,total_data
0.00028590825960936404,2.491293025088523e-05,1000.0,32000.0
