O^z,error,N,total_data
0.10429823736955791,0.000553948520684121,1000.0,32000.0
