O^z,error,N,total_data
0.08707771464632891,0.0004330975185488803,1000.0,48000.0
