O^z,error,N,total_data
0.046000075567889355,0.00035085030474012603,369.0,47188.0
