O^z,error,N,total_data
0.1046952043739909,0.0005512927903940388,1000.0,32000.0
