O^z,error,N,total_data
0.14522842359648697,0.00030776759496150413,7000.0,112000.0
