O^z,error,N,total_data
0.19949584625732528,0.003315379762620525,1000.0,1000.0
