O^z,error,N,total_data
0.07301905586437346,0.00037040862616283206,900.0,57600.0
