O^z,error,N,total_data
0.19911013274533448,0.001223205169846058,7000.0,7000.0
