O^z,error,N,total_data
0.1480580178248727,0.0008132289507479701,1000.0,16000.0
