O^z,error,N,total_data
0.12020154021074003,0.0002457533855727747,7000.0,168000.0
