O^z,error,N,total_data
0.12166428886055407,0.0006570548505544457,1000.0,24000.0
