O^z,error,N,total_data
0.35566938822026045,0.00493909236728035,1.0,16.0
