O^z,error,N,total_data
0.3389190575985077,0.004370933359261373,1.0,32.0
