O^z,error,N,total_data
0.3389190575985346,0.004370933359261167,1.0,32.0
