O^z,error,N,total_data
0.3455598212837285,0.0042542672879110534,1.0,24.0
