O^z,error,N,total_data
0.3556693882202683,0.004939092367279395,1.0,16.0
