O^z,error,N,total_data
-0.019520023325536012,0.00037429685906493446,1000.0,32000.0
