ZL,error,N
0.34687021886127867,0.0022107396882238904,1000.0
