ZL,error,N
0.3107386320575013,0.0020823777020140023,1000.0
