ZL,error,N
0.26924360535927094,0.0012682104627283139,1000.0
