O^z,error,N,total_data
0.0938434763500231,0.0006231868200773525,1000.0,24000.0
