O^z,error,N,total_data
0.1793425450576017,0.003371537035763005,1000.0,1000.0
