O^z,error,N,total_data
0.07712846825315595,0.0005021132292343172,1000.0,32000.0
