O^z,error,N,total_data
0.07662084525058308,0.0016249463102609135,100.0,3200.0
