O^z,error,N,total_data
0.12472962135696977,0.0008068413579590645,1000.0,16000.0
