O^z,error,N,total_data
-0.11513213965353208,0.0008810718090168222,1000.0,16000.0
