O^z,error,N,total_data
-0.04223008592698232,0.00037379328534165404,1000.0,32000.0
