O^z,error,N,total_data
-0.06683907014135236,0.0005637916916965524,1000.0,24000.0
