O^z,error,N,total_data
-0.24717278071378532,0.004824467715952803,1000.0,1000.0
