O^z,error,N,total_data
-2.147167462354991e-07,0.00010561774959875262,1.0,32.0
