O^z,error,N,total_data
-0.0002579264059172488,0.00013597647096524277,1.0,16.0
