O^z,error,N,total_data
-0.0005934800563734997,0.0002169376743493413,1.0,24.0
