ZL,error,N
0.03479319011092375,0.002914609662020973,1000.0
