ZL,error,N
0.09372581598803083,0.004044419562746487,1000.0
