ZL,error,N
0.15212477417367762,0.0025943943462297483,1000.0
