ZL,error,N
0.04303089820025639,0.004948995274378627,1000.0
