O^z,error,N,total_data
0.0014829393261361762,0.0008278513245669141,1.0,16.0
