O^z,error,N,total_data
-0.0007910479518283515,0.0007101016063506525,1.0,24.0
