O^z,error,N,total_data
0.00033256627151533643,0.00020585817650406997,1.0,32.0
