O^z,error,N,total_data
-0.41852694580669375,0.002948155857050652,1000.0,1000.0
