O^z,error,N,total_data
-0.19754687959536799,0.0003690077036193625,1000.0,24000.0
