O^z,error,N,total_data
-0.26428778604940195,0.000592181542798315,1000.0,16000.0
