ZL,error,N
-0.007432347463950459,0.003418621054461124,1000.0
