ZL,error,N
0.0016353013864546324,0.0013746352144517397,7000.0
