ZL,error,N
-0.00245788167651918,0.002940530242246186,1000.0
