ZL,error,N
-0.014723746148265503,0.003051563593309408,1000.0
