O^z,error,N,total_data
0.13924143686104307,0.000797623034604313,1000.0,16000.0
