O^z,error,N,total_data
0.11031672437524016,0.0006404640813615625,1000.0,24000.0
