O^z,error,N,total_data
0.19075072746801813,0.0033472695156280094,1000.0,1000.0
