O^z,error,N,total_data
0.09309136911113275,0.0005360054568254585,1000.0,32000.0
