O^z,error,N,total_data
-0.33141635975077827,0.004449183104879538,1000.0,1000.0
