O^z,error,N,total_data
-0.20475772434696035,0.0009103864251632536,1000.0,16000.0
