O^z,error,N,total_data
-0.1485995913960205,0.0006548604029229769,1000.0,24000.0
