O^z,error,N,total_data
-0.11700023235215239,0.0005114277903856965,1000.0,32000.0
