ZL,error,N
0.004092998545877633,0.0030482889838667187,498.0
