O^z,error,N,total_data
0.07976233378873443,0.0016018883073344679,100.0,3200.0
