O^z,error,N,total_data
0.17783404965106417,0.0034091052165468767,1000.0,1000.0
