O^z,error,N,total_data
0.07537847245970083,0.0005036341383976397,1000.0,32000.0
