O^z,error,N,total_data
0.09280642082137273,0.0006168842382123599,1000.0,24000.0
