O^z,error,N,total_data
0.12314581914796537,0.0007961531751021534,1000.0,16000.0
