O^z,error,N,total_data
-0.19587538670396196,0.005049781814463567,1000.0,1000.0
