O^z,error,N,total_data
-0.08060835189865069,0.0008188069653404537,1000.0,16000.0
