O^z,error,N,total_data
-0.04045611366925734,0.0004784483081464505,1000.0,24000.0
