O^z,error,N,total_data
-0.02317798117410506,0.0003107037116096361,1000.0,32000.0
