O^z,error,N,total_data
-0.32277661511726136,0.008743781648156807,1.0,16.0
