O^z,error,N,total_data
-0.29092421864484896,0.006577980360842921,1.0,32.0
