O^z,error,N,total_data
-0.30768664068691154,0.007558044215222561,1.0,24.0
