ZL,error,N
-0.25687270098091464,0.03155255880049367,100.0
