ZL,error,N
-0.2546340443146164,0.010134714155803776,1000.0
