ZL,error,N
-0.27884664354775807,0.009080274411020413,1000.0
