ZL,error,N
-0.23859204698397884,0.010733241663048896,1000.0
