ZL,error,N
-0.28935626618172744,0.007119997080104784,1000.0
