O^z,error,N,total_data
-0.4638921023839331,0.0018824351309205466,1000.0,1000.0
