O^z,error,N,total_data
-0.2857927688878365,0.00043588535562447453,1000.0,24000.0
