O^z,error,N,total_data
-0.33472671379679686,0.0005131338258341956,1000.0,16000.0
