ZL,error,N
0.02505560834763768,0.003992778131458282,500.0
