ZL,error,N
-0.37464453310657003,0.009314017011838741,1000.0
