ZL,error,N
-0.36297240198074293,0.008347441832237146,1000.0
