ZL,error,N
-0.3737217169192023,0.009811237615853953,1000.0
