ZL,error,N
-0.3432690813866791,0.006564208969813304,1000.0
