O^z,error,N,total_data
0.23721057537292617,0.003006307060608429,1000.0,1000.0
