O^z,error,N,total_data
0.16905227241262333,0.0005965193248233526,1000.0,32000.0
