O^z,error,N,total_data
0.20107639569733649,0.0007984117133037386,1000.0,16000.0
