O^z,error,N,total_data
0.1788278294940228,0.0006779896500047612,1000.0,24000.0
