ZL,error,N
0.6592587552464666,1.4159844501577276e-15,250.0
