ZL,error,N
0.9022252483954615,3.2954645869812654e-14,1000.0
