ZL,error,N
0.8136043734008795,2.88891974734034e-15,250.0
