ZL,error,N
0.8717312889840803,4.10026587518591e-15,250.0
