O^z,error,N,total_data
-0.29241752036388263,0.0005557969356941283,1000.0,16000.0
