O^z,error,N,total_data
-0.22769705971828677,0.00042068759057308863,1000.0,24000.0
