O^z,error,N,total_data
-0.44116257771643264,0.002369203250572387,1000.0,1000.0
