ZL,error,N
-0.2834254641944895,0.03137569112646591,100.0
