ZL,error,N
-0.27709847590382497,0.009800527957731928,1000.0
