ZL,error,N
-0.28773128045116564,0.00887636773768203,1000.0
