ZL,error,N
-0.25112797709001344,0.01033185142274569,1000.0
