ZL,error,N
-0.29507351171943264,0.0070529282997346555,1000.0
