O^z,error,N,total_data
-0.03330471073944161,0.00016663584904377007,6999.0,223968.0
