O^z,error,N,total_data
-0.2120242735041082,0.005790298801345435,1000.0,1000.0
