Dimerization,O^z,error
0,0.3418402034783377,0.0006742605943402116
