O^z,error,N,total_data
0.13254619289222405,0.0006571333292798841,1000.0,24000.0
