O^z,error,N,total_data
0.11974778443364112,0.0018378473751242503,100.0,3200.0
