O^z,error,N,total_data
0.1575036801663996,0.0008140546242518167,1000.0,16000.0
