O^z,error,N,total_data
0.11615751103903633,0.0005611298979331196,1000.0,32000.0
