O^z,error,N,total_data
0.20729129273936675,0.0032453052613584726,1000.0,1000.0
