O^z,error,N,total_data
0.0008651416464191296,5.61978564412394e-05,1000.0,32000.0
