ZL,error,N
0.007641832725492854,0.0032870369998097434,500.0
