O^z,error,N,total_data
-0.287357037619952,0.0005944672851112942,1000.0,16000.0
