O^z,error,N,total_data
-0.42405410263033394,0.0027810940699768603,1000.0,1000.0
