O^z,error,N,total_data
-0.2269557979757045,0.00044782532535498883,1000.0,24000.0
