O^z,error,N,total_data
-0.24688329662737526,0.0007655768032094337,1000.0,16000.0
