O^z,error,N,total_data
-0.37938318129071136,0.0037159993096067046,1000.0,1000.0
