O^z,error,N,total_data
-0.1900094070885422,0.000562088857775601,1000.0,24000.0
