O^z,error,N,total_data
-0.2748314330367723,0.0042665177063799,1000.0,1000.0
