O^z,error,N,total_data
-0.060932724464026214,0.00042769316112875784,1000.0,32000.0
