O^z,error,N,total_data
-0.08850785700098594,0.0005689954115187997,1000.0,24000.0
