O^z,error,N,total_data
-0.14421901888025246,0.0008592868228330104,1000.0,16000.0
