O^z,error,N,total_data
0.025184828144666126,0.00030988458838696043,1000.0,32000.0
