O^z,error,N,total_data
0.0393654163821218,0.0004379702485523443,1000.0,24000.0
