O^z,error,N,total_data
0.0661431107102155,0.0006491974064684069,1000.0,16000.0
