O^z,error,N,total_data
0.12904026169936117,0.003154874526842074,1000.0,1000.0
