O^z,error,N,total_data
-0.03251511221297799,0.0003936510819908209,1000.0,32000.0
