ZL,error,N
-0.3040084508134628,0.008461001074137052,1000.0
