ZL,error,N
-0.3036617503620357,0.0068726951826876635,1000.0
