ZL,error,N
-0.2839075893460871,0.009879636820263226,1000.0
