ZL,error,N
-0.29898227289944734,0.009159541195967588,1000.0
