ZL,error,N
0.0091506295043643,0.003270895504556246,500.0
