ZL,error,N
0.006979142639592049,0.002354466533376241,1000.0
