ZL,error,N
0.014442350433426452,0.0024576139944757778,1000.0
