ZL,error,N
0.005764847414033925,0.002269070001467745,1000.0
