ZL,error,N
0.007112080190784399,0.002659274385950175,766.0
