ZL,error,N
0.03236700111074313,0.0027667458637252907,1000.0
