ZL,error,N
0.19863493579435318,0.0034103498136438736,1000.0
