ZL,error,N
0.19938234132904567,0.002325512740806918,1000.0
