ZL,error,N
0.19778958095842314,0.0030167433595997017,1000.0
