ZL,error,N
0.01914586371161308,0.004078036335258818,1000.0
