ZL,error,N
-0.07805719237020206,0.0018780136789690962,1000.0
