ZL,error,N
0.13493803644236388,0.004858805936200437,1000.0
