ZL,error,N
0.004336061847713531,0.001713910431778252,1960.0
