ZL,error,N
0.0035880660225110655,0.000849086260654826,5997.0
