ZL,error,N
0.008630418910105728,0.0008947061349238569,6000.0
