ZL,error,N
0.023365909305937533,0.0025121488867532954,1000.0
