ZL,error,N
0.0047617578338712075,0.0008668150825512904,5985.0
