ZL,error,N
-0.09155066747249688,0.0032042707046153053,1000.0
