ZL,error,N
-0.11472101210842878,0.003592015070069711,1000.0
