ZL,error,N
-0.019642491889939852,0.003228971689551788,1000.0
