ZL,error,N
-0.11379101203383536,0.0039015880838682167,1000.0
