ZL,error,N
-0.04892110093971058,0.0056132643409202996,1000.0
