ZL,error,N
0.1058417578378089,0.0036824188986823796,1000.0
