ZL,error,N
0.07431079114822367,0.004217042571132672,1000.0
