ZL,error,N
-0.06742199128972885,0.006248203392873241,1000.0
