ZL,error,N
-0.02356191836188362,0.005355549396763602,1000.0
