ZL,error,N
-0.06317205054060675,0.008395465788249247,500.0
