ZL,error,N
0.13488989364748383,0.0029120645902872655,1000.0
