ZL,error,N
-0.0053901303701274685,0.00708958746079947,500.0
