ZL,error,N
-0.02404510795405322,0.007711154184071973,500.0
