ZL,error,N
-0.0551176965223816,0.007714965761927912,500.0
