ZL,error,N
-0.09539037092290804,0.01004636098940883,423.0
