ZL,error,N
-0.0900719630539746,0.0064037726390888585,1000.0
