ZL,error,N
0.04528212859413838,0.006488577038584625,500.0
