ZL,error,N
0.0461257926878511,0.004544337952499229,1000.0
