ZL,error,N
-0.08184974085027732,0.009445212315110616,444.0
