ZL,error,N
-0.0013571946805449318,0.005073877462197449,1000.0
