ZL,error,N
0.02381521647770858,0.004754406552322675,1000.0
