ZL,error,N
0.10125749631745691,0.0052383021017552095,500.0
