ZL,error,N
-0.06172807921200391,0.005914463722571407,1000.0
