O^z,error,N,total_data
0.028566433598456363,0.00031389484941590795,1000.0,32000.0
