O^z,error,N,total_data
0.04276933749636711,0.00044530506286393975,1000.0,24000.0
