O^z,error,N,total_data
0.12735157641157835,0.0034044950917763777,1000.0,1000.0
