O^z,error,N,total_data
0.06927297267748075,0.0006699004773922127,1000.0,16000.0
