O^z,error,N,total_data
0.06716943194852561,0.00046290253682454777,1000.0,32000.0
