O^z,error,N,total_data
0.11374485191323708,0.0007865486988958304,1000.0,16000.0
