O^z,error,N,total_data
0.08563254614858544,0.0005888965668013594,1000.0,24000.0
