O^z,error,N,total_data
0.17175212138388504,0.003368354446391442,1000.0,1000.0
