O^z,error,N,total_data
-9.647393032967796e-16,5.064117038603179e-16,1000.0,32000.0
