O^z,error,N,total_data
9.318309916139919e-08,4.0826879802973916e-08,1000.0,32000.0
