O^z,error,N,total_data
-0.015304347550447683,0.0005250978335354592,498.0,15936.0
