O^z,error,N,total_data
-0.05591737697740325,0.0009411384170133134,1000.0,16000.0
