O^z,error,N,total_data
-0.13972596688194863,0.0057111334526481145,1000.0,1000.0
