O^z,error,N,total_data
-0.028851943433447394,0.0005461476630138359,999.0,23976.0
