O^z,error,N,total_data
-0.01540146244309129,0.0003714279669572363,998.0,31936.0
