ZL,error,N
0.028331994521970494,0.0046081537499732764,1000.0
