ZL,error,N
0.07697601554284321,0.004049417791161237,1000.0
