ZL,error,N
0.11868204270251417,0.0033050954999704527,1000.0
