ZL,error,N
0.04995791123448302,0.0043006586706057556,1000.0
