O^z,error,N,total_data
0.08582565238483325,0.001665950760120818,100.0,3200.0
