O^z,error,N,total_data
0.12936913977316564,0.0008025096761930691,1000.0,16000.0
