O^z,error,N,total_data
0.09869175343095547,0.0006250321562856979,1000.0,24000.0
