O^z,error,N,total_data
0.1828700312960732,0.0033808862612468493,1000.0,1000.0
