O^z,error,N,total_data
0.08224054406231052,0.0005085296099392368,1000.0,32000.0
