O^z,error,N,total_data
0.00564407164905664,0.00013111569052373897,1000.0,32000.0
