ZL,error,N
-0.04708185054292749,0.0035451823990672103,1000.0
