ZL,error,N
-0.1250892657219981,0.0024816753769409962,1000.0
