ZL,error,N
-0.12559627443423235,0.0010326998800633605,1000.0
