O^z,error,N,total_data
0.02900450085135761,0.0020259418671948175,1000.0,1000.0
