O^z,error,N,total_data
0.005114434976766888,0.00018299842844271961,1000.0,16000.0
