O^z,error,N,total_data
0.001749910444282753,9.005500862762305e-05,1000.0,24000.0
