O^z,error,N,total_data
0.0005753770377425443,4.373818277179081e-05,1000.0,32000.0
