O^z,error,N,total_data
-0.04621825160587281,0.0006408468856942092,500.0,16000.0
