O^z,error,N,total_data
-0.34983669676949153,0.0019969758041314986,1000.0,1000.0
