O^z,error,N,total_data
-0.20897852317628904,0.0005937026377661756,1000.0,16000.0
