O^z,error,N,total_data
-0.13923470197239454,0.0004469428816159207,1000.0,24000.0
