O^z,error,N,total_data
0.17483144752008245,0.0033811992500770217,1000.0,1000.0
