O^z,error,N,total_data
0.08976713132463825,0.0006022295191009035,1000.0,24000.0
