O^z,error,N,total_data
0.11797161466821272,0.0007900544198328123,1000.0,16000.0
