O^z,error,N,total_data
0.0717194845361195,0.0004823130472138332,1000.0,32000.0
