O^z,error,N,total_data
-0.006530807536359383,0.00021444268847513833,1000.0,32000.0
