O^z,error,N,total_data
-0.11206899877842279,0.004999562674772468,1000.0,1000.0
