O^z,error,N,total_data
-0.033183959173385895,0.0006640021706087823,1000.0,16000.0
