O^z,error,N,total_data
-0.013419465967358128,0.0003592169031855194,1000.0,24000.0
