ZL,error,N
0.6945995824891626,0.00944959131748158,250.0
