ZL,error,N
0.3633013453307542,0.013689091678205331,250.0
