ZL,error,N
0.7563264691773111,0.005134929209694377,1000.0
