ZL,error,N
0.5812008049731028,0.011677321923240645,250.0
