O^z,error,N,total_data
0.21056803330689086,0.0025704982099622057,1000.0,1000.0
