O^z,error,N,total_data
0.1540576015699889,0.0007526764080675504,1000.0,16000.0
