O^z,error,N,total_data
0.12394004874652308,0.0006241399421269418,1000.0,24000.0
