O^z,error,N,total_data
0.10713412068383739,0.0005526845372489866,1000.0,32000.0
