ZL,error,N
0.1275076795484744,0.008551347119469517,500.0
