O^z,error,N,total_data
-0.13806088069587708,0.005523725614874983,1000.0,1000.0
