O^z,error,N,total_data
-0.012181452407278493,0.00031114174268915694,1000.0,32000.0
