O^z,error,N,total_data
-0.02313346036978295,0.0005028833684689549,1000.0,24000.0
