O^z,error,N,total_data
-0.05073056339426069,0.0008281670196448583,1000.0,16000.0
