O^z,error,N,total_data
0.3434990519742768,0.00023931129238952551,1000.0,16000.0
