O^z,error,N,total_data
0.3378029589938025,0.0002194740549431112,1000.0,24000.0
