O^z,error,N,total_data
0.3346909226970729,0.00019348243859598367,1000.0,32000.0
