O^z,error,N,total_data
0.3509803038978632,0.0006581089322399654,1000.0,1000.0
