O^z,error,N,total_data
0.18390064653996208,0.003307946192768807,1000.0,1000.0
