O^z,error,N,total_data
0.10397177403508394,0.0006242541322747789,1000.0,24000.0
