O^z,error,N,total_data
0.13058035755981734,0.0008029942801290049,1000.0,16000.0
