O^z,error,N,total_data
0.08378055821138787,0.0005103604508485505,1000.0,32000.0
