ZL,error,N
0.7341278338509977,2.9271449298145985e-07,500.0
