ZL,error,N
-0.11967253407332866,0.004076640125277617,1000.0
