ZL,error,N
-0.09522774967798414,0.0019224632067713638,1000.0
