ZL,error,N
-0.14338953212537722,0.002663322017920293,1000.0
