ZL,error,N
-0.25481330662822504,0.008638499543495883,1000.0
