ZL,error,N
-0.2319335232975828,0.009277439292827573,1000.0
