ZL,error,N
-0.2741790357262214,0.006987707665427259,1000.0
