ZL,error,N
-0.21385397024110148,0.00967080263211642,1000.0
