ZL,error,N
-0.29356816413553327,0.009862446822696217,1000.0
