ZL,error,N
-0.3067085389700389,0.006845967124730439,1000.0
