ZL,error,N
-0.30210898855838136,0.0090233610795227,1000.0
