ZL,error,N
-0.3067837366573356,0.008526611597308664,1000.0
