ZL,error,N
0.0056622353458916285,0.002915761516708436,1000.0
