O^z,error,N,total_data
-0.23770626772696948,0.0007802628715656393,1000.0,16000.0
