O^z,error,N,total_data
-0.3611171065599048,0.003282918553316137,1000.0,1000.0
