O^z,error,N,total_data
-0.18229468689658537,0.000619059378464745,1000.0,24000.0
