ZL,error,N
0.08937132666809845,0.0035088319694665062,1000.0
