ZL,error,N
0.004944636676960857,0.004303744311847007,1000.0
