ZL,error,N
-0.009290993970045812,0.004345629748588756,1000.0
