ZL,error,N
0.019724860793411025,0.004273545120181829,1000.0
