ZL,error,N
-0.018559736027874668,0.004635273365323617,1000.0
