ZL,error,N
0.036738217985793964,0.004071972957678407,1000.0
