ZL,error,N
0.05992646126558887,0.003918194858062216,1000.0
