ZL,error,N
-0.07516407279304366,0.005018636497712793,1000.0
