ZL,error,N
0.10156961850672992,0.002492338430584207,1000.0
