ZL,error,N
0.007534720265255766,0.0040933043601319285,1000.0
