ZL,error,N
0.007275642047121402,0.003193206150311972,1000.0
