ZL,error,N
0.006993567974402124,0.002663973366464761,1000.0
