ZL,error,N
-0.0008969671082552406,0.002762941276847493,1000.0
