ZL,error,N
0.003066573652114315,0.003074038830510571,1000.0
