ZL,error,N
0.010771262310095044,0.004436539727761493,500.0
