ZL,error,N
0.009313635641919544,0.003937670632562216,683.0
