O^z,error,N,total_data
-0.24859111020580663,0.000776524177530546,1000.0,16000.0
