O^z,error,N,total_data
-0.3801109950293783,0.003707544709783499,1000.0,1000.0
