O^z,error,N,total_data
-0.19166933762352154,0.0005586001654704672,1000.0,24000.0
