ZL,error,N
0.11826864357996211,0.003020511815838545,1000.0
