ZL,error,N
0.07742888189213373,0.0032903453164091086,1000.0
