ZL,error,N
0.09265104605802961,0.003296007058561329,1000.0
