ZL,error,N
0.06787146995220647,0.0032644898699111286,1000.0
