O^z,error,N,total_data
-0.15202553617375078,0.00047403142779142834,1000.0,32000.0
