O^z,error,N,total_data
-0.3692271526092116,0.003965737538014231,1000.0,1000.0
