O^z,error,N,total_data
-0.23704883800435794,0.0008319430883820258,1000.0,16000.0
