O^z,error,N,total_data
-0.18243406444702961,0.0006042439875969984,1000.0,24000.0
