ZL,error,N
0.00521711190228486,0.0016084300199140764,2000.0
