ZL,error,N
0.031139391366730346,0.0011215677685183082,6000.0
