ZL,error,N
0.021938265567407526,0.0010548067449762846,6000.0
