ZL,error,N
0.014349174260492103,0.0010268587169952798,6000.0
