ZL,error,N
0.05646974813416641,0.0030238858111944736,1000.0
