ZL,error,N
-0.16993692050627404,0.003658172383186008,1000.0
