ZL,error,N
-0.14356173026469693,0.004795257307560252,1000.0
