ZL,error,N
0.26538842078744806,0.015591304433310704,200.0
