ZL,error,N
-0.12253074738424001,0.0053823676152018485,1000.0
