ZL,error,N
-0.14715817639274223,0.0018444612303481589,1000.0
