ZL,error,N
-0.06279281847481233,0.0062354664335872775,987.0
