ZL,error,N
-0.13976104659933994,0.006912820645160809,500.0
