ZL,error,N
-0.09472895541858296,0.001909231135577587,1000.0
