ZL,error,N
-0.09476505131553459,0.0019083197019249144,1000.0
