ZL,error,N
-0.17051159085959902,0.0023849889242111245,1000.0
