ZL,error,N
-0.16951716710488274,0.0036574255304483647,1000.0
