ZL,error,N
0.011555175576810857,0.009870217250999664,500.0
