ZL,error,N
-0.06293276163666568,0.007025568809820534,798.0
