ZL,error,N
-0.15886822330824024,0.004317894575019722,1000.0
