ZL,error,N
-0.1731096239982876,0.0029701468488798027,1000.0
