ZL,error,N
-0.1704554896753964,0.0023854714027102893,1000.0
