ZL,error,N
0.011434292754327866,0.006970437587100506,1000.0
