ZL,error,N
-0.10195973086521556,0.005731643922935263,1000.0
