ZL,error,N
-0.08648107080303913,0.005948512037695001,1000.0
