ZL,error,N
0.0017507298017774024,0.003965393374949164,500.0
