ZL,error,N
0.17252619504641364,0.0026679375123605004,1000.0
