ZL,error,N
0.15915544874093807,0.003173631718767944,1000.0
