ZL,error,N
0.15765834041941001,0.0035596681674607547,954.0
