ZL,error,N
-0.25828832772948546,0.008737705292218921,1000.0
