ZL,error,N
-0.22359684897665108,0.00964752031468588,1000.0
