ZL,error,N
-0.2454193334696323,0.009074670004286495,1000.0
