ZL,error,N
-0.27766753846106623,0.006937132075179322,1000.0
