O^z,error,N,total_data
0.125808942894556,0.0008064735982340398,1000.0,16000.0
