O^z,error,N,total_data
0.09833398801071325,0.0006275909970045296,1000.0,24000.0
