O^z,error,N,total_data
0.18123602872463065,0.003390940598602603,1000.0,1000.0
