O^z,error,N,total_data
0.07958345291872511,0.000511509602208013,1000.0,32000.0
