O^z,error,N,total_data
0.08371469794827796,0.001568448428142148,100.0,3200.0
