ZL,error,N
-0.04954474838260262,0.008694816620427408,1000.0
