O^z,error,N,total_data
-0.025197842860639946,0.0002220193858742296,3000.0,96000.0
