ZL,error,N
0.009833478310889007,0.004177664180765634,1000.0
