O^z,error,N,total_data
0.0001416125577292787,2.351897719376195e-05,1000.0,32000.0
