O^z,error,N,total_data
-0.06864170914088295,0.0006168248421609402,1000.0,24000.0
