O^z,error,N,total_data
-0.11413752887483948,0.0009566729147495757,1000.0,16000.0
