O^z,error,N,total_data
-0.24017355355453404,0.005591010060639566,1000.0,1000.0
