O^z,error,N,total_data
-0.04542172536567216,0.0004199739581563256,1000.0,32000.0
