ZL,error,N
-0.12583516157815536,0.0011962162187552218,1000.0
