ZL,error,N
-0.20227331003733137,0.0019017031521498802,1000.0
