ZL,error,N
-0.19785217464979796,0.0029498138823542703,1000.0
