O^z,error,N,total_data
-3.2949227257944128e-09,1.582558287988898e-09,500.0,24000.0
