O^z,error,N,total_data
-4.407944529397642e-06,2.4609204969583698e-06,1000.0,16000.0
