O^z,error,N,total_data
-1.0787537102298809e-06,7.354227018071916e-07,1000.0,24000.0
