O^z,error,N,total_data
1.0436966688502922e-05,2.3594321595917304e-05,1000.0,1000.0
