O^z,error,N,total_data
4.0340788828415925e-11,2.5112198209180177e-11,500.0,32000.0
