O^z,error,N,total_data
-1.1134400727337932e-07,4.3029850050573704e-08,1000.0,32000.0
