ZL,error,N
-0.08429405441082403,0.0037076778784127713,1000.0
