ZL,error,N
0.042587877341719226,0.0024200280360283516,1000.0
