ZL,error,N
-0.18888017575292315,0.004393900947643669,1000.0
