O^z,error,N,total_data
-0.023245433984826185,0.0005651657601654725,500.0,16000.0
