O^z,error,N,total_data
-0.03983647156692047,0.0006022555449603455,1000.0,24000.0
