O^z,error,N,total_data
-0.023185719577346817,0.0004580614748978909,767.0,24544.0
