O^z,error,N,total_data
-0.17701984609443155,0.005863089410988205,1000.0,1000.0
