O^z,error,N,total_data
-0.022921860343260415,0.0004086151142192414,1000.0,32000.0
