O^z,error,N,total_data
-0.07457206944627255,0.0010237086647820843,1000.0,16000.0
