O^z,error,N,total_data
-0.1111006216408905,0.0006333284881119655,1000.0,24000.0
