O^z,error,N,total_data
-0.08024533823912339,0.00047716318943834225,1000.0,32000.0
