O^z,error,N,total_data
-0.1657125924217152,0.0008959557683727701,1000.0,16000.0
