O^z,error,N,total_data
-0.3014096838276911,0.004260813946227817,1000.0,1000.0
