ZL,error,N
0.6115333147903849,0.0069917089854343445,1000.0
