O^z,error,N,total_data
0.0017462490694197556,0.0010499512797241114,1.0,24.0
