ZL,error,N
0.006588055740929163,0.002692736682519798,995.0
