ZL,error,N
0.010795953850074567,0.002686230304596086,994.0
