ZL,error,N
0.005811434180949279,0.0022710158771713715,999.0
