ZL,error,N
0.0058635906569339405,0.002353603612553634,999.0
