ZL,error,N
-0.005235521186928702,0.0031921990384277082,1000.0
