O^z,error,N,total_data
-0.0006349571694343495,0.00013745704577609915,498.0,15936.0
