O^z,error,N,total_data
-0.3403119705207979,0.005492450653218401,1.0,24.0
