O^z,error,N,total_data
-0.37837925764802727,0.008896197133558386,1.0,16.0
