O^z,error,N,total_data
-0.334052175321955,0.009553862472535625,1.0,32.0
