ZL,error,N
-0.014382992900685478,0.004552518167673792,500.0
