O^z,error,N,total_data
-0.07862532446526732,0.0005956297215279816,1000.0,16000.0
