O^z,error,N,total_data
-0.03343519282052678,0.00031269634450980323,1000.0,24000.0
