O^z,error,N,total_data
-0.2105321593994754,0.0035303739586640044,1000.0,1000.0
