ZL,error,N
0.004103893135514342,0.0021562381510543023,976.0
