ZL,error,N
0.008318042858277627,0.001985978569915206,993.0
