ZL,error,N
0.0012362444469781802,0.0023412858034640204,940.0
