ZL,error,N
0.09137335617337577,0.010697000116092618,1000.0
