O^z,error,N,total_data
0.010036772525756028,0.00019001348038693016,1000.0,32000.0
