O^z,error,N,total_data
1.6201862604473866e-06,1.015163545747823e-06,1000.0,32000.0
