ZL,error,N
0.15673078772277338,0.0029734019098384018,1000.0
