ZL,error,N
0.10129161891168012,0.00436404624450347,1000.0
