ZL,error,N
0.12289941102429404,0.00390342626705106,1000.0
