ZL,error,N
-0.3738633912947513,0.019395709113961962,330.0
