ZL,error,N
-0.3882290197119382,0.009518380854487958,1000.0
