ZL,error,N
-0.3896144732144604,0.008803017638785228,1000.0
