ZL,error,N
-0.38276937844276615,0.003366703632226987,7000.0
