ZL,error,N
-0.3651341572034517,0.003111288868413996,7000.0
