ZL,error,N
-0.40498058136367754,0.011023876233519157,900.0
