ZL,error,N
-0.4093637123435009,0.010126953836156152,1000.0
