ZL,error,N
-0.3711371166286967,0.00810477883881415,1000.0
