ZL,error,N
-0.388117024619076,0.009541256594004077,1000.0
