ZL,error,N
-0.3465454293169284,0.006497051916892662,1000.0
