ZL,error,N
-0.34008275265949617,0.002477169856733516,7000.0
