O^z,error,N,total_data
-0.06624705609110616,0.005069778392450384,987.0,987.0
