O^z,error,N,total_data
-0.0009441867870333305,0.0003839067924295241,850.0,27200.0
