O^z,error,N,total_data
-0.015633776278296537,0.000738663224157213,973.0,15568.0
