O^z,error,N,total_data
-0.005294948286303522,0.0004475093414406936,903.0,21672.0
