O^z,error,N,total_data
-0.24094200798951318,0.0019185834676103825,1000.0,1000.0
