O^z,error,N,total_data
-0.02756032942896423,0.00018880544192109448,1000.0,24000.0
