O^z,error,N,total_data
-0.07805726079581073,0.00038837234028552193,1000.0,16000.0
