O^z,error,N,total_data
0.07689152782287807,0.0015446498666892938,100.0,3200.0
