O^z,error,N,total_data
0.12063489546189508,0.0007959510797619201,1000.0,16000.0
