O^z,error,N,total_data
0.1766401397881488,0.0034272043051962477,1000.0,1000.0
