O^z,error,N,total_data
0.0739389778028539,0.0004914458096481424,1000.0,32000.0
