O^z,error,N,total_data
0.0914357224324953,0.0006118176106583779,1000.0,24000.0
