O^z,error,N,total_data
0.1023635171184477,0.0005539693042373781,1000.0,32000.0
