O^z,error,N,total_data
0.12204245240967178,0.0006528957703792036,1000.0,24000.0
