O^z,error,N,total_data
0.14861166884839333,0.0008097435381840495,1000.0,16000.0
