O^z,error,N,total_data
0.19938297775783845,0.0033020477271172364,1000.0,1000.0
