ZL,error,N
-0.37089607808599356,0.011853170098123538,1000.0
