ZL,error,N
-0.37710775361986004,0.010954597341566598,1000.0
