ZL,error,N
-0.3587721477319077,0.006872533025898003,1000.0
