ZL,error,N
-0.370254147950261,0.009701490801227924,1000.0
