ZL,error,N
0.013632377773617848,0.004176629616853772,1000.0
