ZL,error,N
0.09973654103741192,0.0029122464808079064,1000.0
