ZL,error,N
-0.06265708636927682,0.004686710468938756,1000.0
