O^z,error,N,total_data
-0.005537276675106593,0.00011436147380926617,1000.0,32000.0
