O^z,error,N,total_data
-0.14840441323033712,0.0034668518985078783,1000.0,1000.0
