O^z,error,N,total_data
-0.013250070443825902,0.00019824123144363212,1000.0,24000.0
