O^z,error,N,total_data
-0.0411023368155044,0.00047001557355311354,1000.0,16000.0
