O^z,error,N,total_data
0.19404166158602834,0.0008175277694889271,1000.0,16000.0
