O^z,error,N,total_data
0.16309542213222236,0.0006013495833513415,1000.0,32000.0
