O^z,error,N,total_data
0.17539681306928645,0.0006868268130884758,1000.0,24000.0
