O^z,error,N,total_data
0.2338305845203275,0.0030296021979236915,1000.0,1000.0
