ZL,error,N
0.045130725896022454,0.0030231158807911035,1000.0
