ZL,error,N
0.006426000895050849,0.0027776768141636794,1000.0
