ZL,error,N
0.006280827854374378,0.0009996665009799593,7000.0
