ZL,error,N
0.018097998926452235,0.002839980735518413,1000.0
