O^z,error,N,total_data
0.11269460302144685,0.0006522054009497894,1000.0,24000.0
