O^z,error,N,total_data
0.19152907932362576,0.0033500806663937,1000.0,1000.0
