O^z,error,N,total_data
0.1409998991740014,0.0008101130743894694,1000.0,16000.0
