O^z,error,N,total_data
0.09276731285670424,0.000534206178831823,1000.0,32000.0
