O^z,error,N,total_data
-0.15148845437657582,0.0031538101543412338,1000.0,1000.0
