O^z,error,N,total_data
-0.03963625709531448,0.000414690640702657,1000.0,16000.0
