O^z,error,N,total_data
-0.012114396512309479,0.0001654476771696818,1000.0,24000.0
