ZL,error,N
0.5237684067782028,0.007888455434972765,1000.0
