ZL,error,N
-0.11288345944108595,0.0013149600681332321,1000.0
