ZL,error,N
0.5254157969768213,0.011442913523042225,200.0
