ZL,error,N
0.06967980003610752,0.007625514825447376,500.0
