ZL,error,N
-0.013374804271432767,0.007026195248257712,500.0
