ZL,error,N
0.13983689253440626,0.005316451210126749,1000.0
