ZL,error,N
-0.007418145667213159,0.004905772979809004,1000.0
