ZL,error,N
-0.11436695117185505,0.0030179995256746075,1000.0
