ZL,error,N
-0.08291938529586848,0.0038013889259206225,1000.0
