ZL,error,N
0.10954507518344783,0.005265513348997295,1000.0
