ZL,error,N
0.03672535773474984,0.007225540762934058,500.0
