ZL,error,N
0.27798172801018733,0.005188845312110589,1000.0
