ZL,error,N
-0.12774405154112808,0.0028882974051527405,500.0
