ZL,error,N
0.06996108063554157,0.005313298802216079,1000.0
