ZL,error,N
0.17309681711764457,0.0054075252059777945,1000.0
