ZL,error,N
0.2791575545163511,0.0074005008806736685,500.0
