ZL,error,N
0.14841548767895815,0.007897229892104972,473.0
