ZL,error,N
-0.051209491872926026,0.004392557448650911,1000.0
