ZL,error,N
-0.0790919497548054,0.005362121743817313,500.0
