ZL,error,N
0.03298583851808896,0.005041974475468331,1000.0
