ZL,error,N
0.11227861302580257,0.007666389796224296,493.0
