ZL,error,N
0.18691950994451778,0.00877228900854349,387.0
