ZL,error,N
-0.13108970654816862,0.0019559102325906142,1000.0
