ZL,error,N
-0.3099007336565873,0.006184113255705972,460.0
