ZL,error,N
-0.3272495711674694,0.006966589871462182,402.0
