ZL,error,N
-0.2774800415334987,0.0033228810121547145,1000.0
