ZL,error,N
-0.10318531252813987,0.004184701728192138,500.0
