ZL,error,N
-0.2983796997131037,0.005764673828084228,500.0
