ZL,error,N
-0.296459410126999,0.003588224007627342,1000.0
