ZL,error,N
-0.19681144306269316,0.0030251294552204205,1000.0
