ZL,error,N
-0.3382593165980492,0.004400687814049,1000.0
