ZL,error,N
-0.2514204430433759,0.004365198483473846,500.0
