ZL,error,N
-0.15796286642967527,0.002850550314270102,1000.0
