ZL,error,N
-0.2553766533886454,0.003028365016402226,1000.0
