ZL,error,N
-0.2295952769364989,0.0029340042177515998,1000.0
