ZL,error,N
-0.1965378832279403,0.004214437170222839,500.0
