ZL,error,N
-0.27377289274372,0.004645347861806915,500.0
