ZL,error,N
-0.30588781291248285,0.00402277349070749,1000.0
