ZL,error,N
-0.29051356207296475,0.005185428619255977,500.0
