ZL,error,N
-0.036650626632873974,0.002759426230430847,1000.0
