ZL,error,N
-0.1022469504150221,0.0029319242572411848,1000.0
