ZL,error,N
-0.32366079717755375,0.004015922880879582,1000.0
