ZL,error,N
-0.29783083520994225,0.007031250369386698,1000.0
