ZL,error,N
-0.28560698767237547,0.008899854829869875,1000.0
