ZL,error,N
-0.27724581242401064,0.009688588460331988,1000.0
