ZL,error,N
-0.2446367808122943,0.010343704460220047,1000.0
