ZL,error,N
0.005898266183287572,0.0009205870471996115,6998.0
