ZL,error,N
0.03829149807924017,0.0028744982143929128,1000.0
