O^z,error,N,total_data
-0.36120363990582516,0.006213842476122895,1.0,24.0
