O^z,error,N,total_data
-0.38048390479565586,0.009179023214169713,1.0,16.0
