O^z,error,N,total_data
-0.34828386862274985,0.00831054473501756,1.0,32.0
