ZL,error,N
0.0025260907841987415,0.002739737119917569,1000.0
