ZL,error,N
0.008326351142480322,0.002964222643869175,999.0
