ZL,error,N
0.016876818298927253,0.0034077218003936436,997.0
