ZL,error,N
0.0012592478889068518,0.0024469745145553347,1000.0
