ZL,error,N
-0.09682295057983371,0.0036558554087727847,1000.0
