ZL,error,N
0.008998882652309597,0.003141729805036299,1000.0
