ZL,error,N
-0.17186221551831024,0.0036054814108410767,1000.0
