O^z,error,N,total_data
-0.022045027863441764,0.0005513272893594282,500.0,16000.0
