ZL,error,N
-0.019223664364557292,0.002699849556621094,1000.0
