ZL,error,N
0.008103048881915714,0.0033871533829596882,1000.0
