ZL,error,N
-0.10883478025192349,0.003789176948810482,1000.0
