ZL,error,N
-0.12460563172255289,0.003845890786582985,1000.0
