ZL,error,N
-0.0673223792866556,0.0036908630668702792,1000.0
