O^z,error,N,total_data
-1.6377920360561148e-07,1.7206554828962722e-06,1000.0,32000.0
