O^z,error,N,total_data
-0.17665693453048634,0.005729477271257326,1000.0,1000.0
