O^z,error,N,total_data
0.1084004414427179,0.003189893140239473,1000.0,1000.0
