O^z,error,N,total_data
0.017218010185260445,0.00024841158223995127,1000.0,32000.0
