O^z,error,N,total_data
0.05098694916956505,0.0005919801855863479,1000.0,16000.0
