O^z,error,N,total_data
0.028310625430951326,0.00037209639973103287,1000.0,24000.0
