O^z,error,N,total_data
-0.2165242764510815,0.0005638764761402477,1000.0,24000.0
