O^z,error,N,total_data
-0.2675317849510825,0.0007343410767207152,1000.0,16000.0
