O^z,error,N,total_data
-0.3965149017441808,0.003295635442354039,1000.0,1000.0
