O^z,error,N,total_data
-0.18987114972585042,0.00046531962819620914,1000.0,32000.0
