O^z,error,N,total_data
1.655723364984813e-05,7.027588489654484e-06,1000.0,32000.0
