ZL,error,N
0.00542136896940966,0.0028562738105181516,1043.0
