ZL,error,N
0.0058590585996460675,0.0019361840992787732,985.0
