ZL,error,N
0.005326588340433623,0.0009560385785946665,5637.0
