ZL,error,N
0.007373591004478071,0.0011302864459420223,5197.0
