ZL,error,N
0.0077402768338836365,0.001273167882117696,4735.0
