O^z,error,N,total_data
0.0016689827410217354,6.62593615189381e-05,1000.0,32000.0
