O^z,error,N,total_data
-0.02500481795258397,0.0004197486524333714,1000.0,32000.0
