ZL,error,N
-0.24503126041708867,0.01098212831708283,1000.0
