ZL,error,N
-0.2771551584456759,0.03355920465545294,100.0
