ZL,error,N
-0.2683943001489618,0.010481768660447815,1000.0
