ZL,error,N
-0.2796594086434909,0.009403245089050626,1000.0
