ZL,error,N
-0.2959350746468551,0.007151020730404084,1000.0
