O^z,error,N,total_data
-0.0029981165901323123,0.000250315260315533,500.0,16000.0
