ZL,error,N
0.6888982098377118,0.00016640093859620535,1000.0
