ZL,error,N
0.9118349912098777,4.691742215714382e-05,1000.0
