ZL,error,N
0.9403245193079953,5.567838411110618e-05,500.0
