ZL,error,N
0.9549808390125462,3.745312351903133e-05,500.0
