ZL,error,N
0.8311216485502985,8.669281101090287e-05,1000.0
