ZL,error,N
0.8841247523589965,5.581652459324157e-05,1000.0
