ZL,error,N
0.22611624711601713,0.0037378226656463436,1000.0
