ZL,error,N
0.2716207123524975,0.011637856316242097,161.0
