ZL,error,N
0.20718563659904476,0.0027997252344663277,1000.0
