ZL,error,N
0.21802340587475635,0.003416189973021201,1000.0
