ZL,error,N
0.21179955981271598,0.0031464058785392874,1000.0
