ZL,error,N
0.20495091266162083,0.0022058188950039997,1000.0
