O^z,error,N,total_data
-0.3567072660354387,0.0004505962929033012,1000.0,16000.0
