O^z,error,N,total_data
-0.32574414386144784,0.0004238537468135411,1000.0,24000.0
