O^z,error,N,total_data
-0.4542783413886272,0.0016970115104168934,1000.0,1000.0
