ZL,error,N
-0.8668317455857997,0.00037817130350199617,1000.0
