ZL,error,N
-0.7828583416893174,0.0006411449312665844,1000.0
