ZL,error,N
-0.8363965341653229,0.0004315588927246073,1000.0
