ZL,error,N
-0.6442273085752158,0.0009480182656376708,1000.0
