O^z,error,N,total_data
-0.41487579831431065,0.0029751053021803216,1000.0,1000.0
