O^z,error,N,total_data
-0.2669698080116445,0.0005897921624312074,1000.0,16000.0
