O^z,error,N,total_data
-0.2016464361502893,0.0003898424097245354,1000.0,24000.0
