ZL,error,N
0.23530089233678234,0.0017871286355538223,1000.0
