ZL,error,N
0.25600345955800696,0.0023830284300700635,1000.0
