ZL,error,N
0.28000720844090116,0.004407656343767514,500.0
