ZL,error,N
0.27310271379638973,0.002809184608273558,1000.0
