ZL,error,N
0.05061679169594023,0.004532468943582301,962.0
