ZL,error,N
-0.000786334695582488,0.001070856437066236,6999.0
