ZL,error,N
0.023434364985269136,0.0029703613555984994,1000.0
