O^z,error,N,total_data
7.197056372816073e-05,7.767974215255539e-06,1000.0,32000.0
