O^z,error,N,total_data
0.12744617916284454,0.0007985009648850646,1000.0,16000.0
