O^z,error,N,total_data
0.07966630342230183,0.0005047978465769017,1000.0,32000.0
