O^z,error,N,total_data
0.1798870617716383,0.003308865152896485,1000.0,1000.0
