O^z,error,N,total_data
0.09813420477497982,0.0006167073604089905,1000.0,24000.0
