O^z,error,N,total_data
1.444899223304724e-09,8.09357594916338e-09,1000.0,32000.0
