ZL,error,N
0.16851222319777054,0.004247800965416039,1000.0
