ZL,error,N
0.17584781840639838,0.0034056227203575554,1000.0
