ZL,error,N
0.16967193665247232,0.003814222820536076,1000.0
