ZL,error,N
0.19154751617838425,0.0025241730075651206,1000.0
