ZL,error,N
0.07957350050632254,0.0032544813895387095,1000.0
