ZL,error,N
0.10617616795808456,0.003071879916505982,1000.0
