ZL,error,N
0.065468866626473,0.003229852085129817,1000.0
