ZL,error,N
0.055549122971158736,0.003190459938824959,1000.0
