O^z,error,N,total_data
0.0009354839130585136,5.547859832083722e-05,1000.0,32000.0
