O^z,error,N,total_data
-0.1275742409194236,0.004556703122522459,1000.0,1000.0
