O^z,error,N,total_data
-0.03961787414135878,0.0006187654404855752,1000.0,16000.0
