O^z,error,N,total_data
-0.007032916010446339,0.00018128534919296412,1000.0,32000.0
