O^z,error,N,total_data
-0.015900785128053745,0.0003140518584858062,1000.0,24000.0
