ZL,error,N
0.8198823485029818,0.004682425597641081,1000.0
