ZL,error,N
-0.05118743631710158,0.0023915884751551913,1000.0
