ZL,error,N
0.1291541959295777,0.006006916520581,1000.0
