ZL,error,N
-0.0008573995445242133,0.004120767614573194,1000.0
