ZL,error,N
0.06510032642582371,0.0052306261371994735,1000.0
