ZL,error,N
-0.08780071213876649,0.0020057024733762833,1000.0
