ZL,error,N
0.05185077939771218,0.00557430925056809,1000.0
