ZL,error,N
-0.08117085322760685,0.003396016943842195,1000.0
