ZL,error,N
-0.023134520423443484,0.0046004899858350535,1000.0
