O^z,error,N,total_data
-3.2430417725572615e-07,2.2882793075293156e-07,1000.0,32000.0
