ZL,error,N
-0.07114710215154778,0.0035253542700871736,1000.0
