ZL,error,N
-0.08066250280475573,0.0021064550529632416,1000.0
