ZL,error,N
-0.014127796540457307,0.0047465952344437215,1000.0
