ZL,error,N
0.054693939387094666,0.005558002176090335,1000.0
