O^z,error,N,total_data
-0.1424090821450514,0.0054055191289263714,1000.0,1000.0
