O^z,error,N,total_data
-0.27139718622628745,0.0010987932163526498,1000.0,12000.0
