O^z,error,N,total_data
-0.2222049990246505,0.0008790581243498067,1000.0,16000.0
