O^z,error,N,total_data
-0.13679616430297362,0.0004916016138737119,1000.0,32000.0
