O^z,error,N,total_data
-0.1927896971064635,0.0007310288711671788,1000.0,20000.0
