O^z,error,N,total_data
-0.150035518807959,0.0005489521069904382,1000.0,28000.0
