O^z,error,N,total_data
-0.35432316609813097,0.00417356443390866,1000.0,1000.0
