O^z,error,N,total_data
-0.16637883798996894,0.0006329106097596943,1000.0,24000.0
