O^z,error,N,total_data
-0.055523524185734474,0.0009406240009990441,1000.0,16000.0
