O^z,error,N,total_data
-0.027624304593482613,0.0005838189043483024,998.0,23952.0
