O^z,error,N,total_data
-0.14435014007059452,0.005639553122662417,1000.0,1000.0
