O^z,error,N,total_data
-2.65285635427219e-07,1.0492446205783196e-07,500.0,16000.0
