ZL,error,N
0.7637994769690596,0.004232893403040316,1000.0
