ZL,error,N
0.18542743950775809,0.002835482254427361,1000.0
