ZL,error,N
-0.08977730769738967,0.0008963544456056323,1000.0
