ZL,error,N
0.04969664822994036,0.002416260035946349,1000.0
