ZL,error,N
0.008768856286789648,0.003926517917534813,500.0
