O^z,error,N,total_data
-0.2772943012950245,0.0005820495449681065,1000.0,16000.0
