O^z,error,N,total_data
-0.21330144007987697,0.00041816048748090866,1000.0,24000.0
