O^z,error,N,total_data
-0.42260612803502284,0.002758791752200201,1000.0,1000.0
