ZL,error,N
-0.2753729870736137,0.007868427683933879,1000.0
