ZL,error,N
-0.25860886626745416,0.009755497132287023,1000.0
