ZL,error,N
-0.31091269541659977,0.004610853401110986,1000.0
