ZL,error,N
-0.2562338795875163,0.011231552549890533,1000.0
