O^z,error,N,total_data
9.065898812605666e-06,2.619561381946784e-06,1000.0,32000.0
