ZL,error,N
0.8966191889806927,0.001260247798470186,1000.0
