O^z,error,N,total_data
-0.1193421220054679,0.0009307765853810004,1000.0,16000.0
