O^z,error,N,total_data
-0.04661015787638706,0.00041574882318653697,1000.0,32000.0
