O^z,error,N,total_data
-0.2441405527017877,0.005190489555893432,1000.0,1000.0
