O^z,error,N,total_data
-0.07028578969464215,0.0005901097497126172,1000.0,24000.0
