O^z,error,N,total_data
0.08206353792896943,0.000584332705006344,1000.0,24000.0
