O^z,error,N,total_data
0.16881170008884297,0.0033903413499296003,1000.0,1000.0
