O^z,error,N,total_data
0.11113899742927429,0.0007929047668063667,1000.0,16000.0
