O^z,error,N,total_data
0.06436136621526718,0.0004641480235711797,1000.0,32000.0
