O^z,error,N,total_data
-0.10934073752154944,0.0006527745147959113,1000.0,24000.0
