O^z,error,N,total_data
-0.2927094464517074,0.004878741127540392,1000.0,1000.0
