O^z,error,N,total_data
-0.16187469806329088,0.0009593651201756428,1000.0,16000.0
