O^z,error,N,total_data
-0.0786559172336082,0.0004849121533562882,1000.0,32000.0
