O^z,error,N,total_data
-0.14468523785282578,0.0009035038059254048,1000.0,16000.0
