O^z,error,N,total_data
-0.1910434325817593,0.0011536636825310927,1000.0,12000.0
