O^z,error,N,total_data
-0.27533296311270095,0.00458141149345182,1000.0,1000.0
