O^z,error,N,total_data
-0.11004631943654297,0.0007242313145364079,1000.0,20000.0
