O^z,error,N,total_data
-0.06261488923604144,0.0004411889195000069,1000.0,32000.0
