O^z,error,N,total_data
-0.0873449468439995,0.0006012255898750691,1000.0,24000.0
