ZL,error,N
0.08681874990168305,0.003223171209597643,1000.0
