ZL,error,N
0.041555511547683145,0.0031230909081744326,1000.0
