ZL,error,N
0.0337001194389541,0.0031235939581140595,1000.0
