ZL,error,N
0.05835649784551804,0.0032976433274977224,1000.0
