ZL,error,N
-0.10460463208535259,0.0014973966667789088,1000.0
