ZL,error,N
-0.07876958628921668,0.003379639857491237,1000.0
