ZL,error,N
0.0020732580093970974,0.004636927820008061,1000.0
