O^z,error,N,total_data
-0.07928263606747228,0.004064681625766645,1.0,24.0
