O^z,error,N,total_data
-0.03740443014339169,0.004142390214180691,1.0,32.0
