O^z,error,N,total_data
-0.16275869388119346,0.006009045593807099,1.0,16.0
