O^z,error,N,total_data
0.20375118657076058,0.0030888590222717476,1000.0,1000.0
