O^z,error,N,total_data
0.10275927567999833,0.000579231627725704,1000.0,32000.0
