O^z,error,N,total_data
0.14863354001414722,0.0008363153953302299,1000.0,16000.0
