O^z,error,N,total_data
0.12085538105265002,0.0006820510745034872,1000.0,24000.0
