ZL,error,N
0.0628974430144908,0.0033502542963904625,1000.0
