ZL,error,N
0.004393723546827243,0.003612240311799131,1000.0
