ZL,error,N
0.020836448537436134,0.0035817548793859594,1000.0
