ZL,error,N
-0.010030317806401814,0.0035165603844605417,1000.0
