ZL,error,N
-0.08246283670800299,0.004337999662910167,1000.0
