ZL,error,N
-0.1259958500385038,0.0029433118493617364,1000.0
