ZL,error,N
-0.10114691136427457,0.001729834256268517,1000.0
