O^z,error,N,total_data
5.359957951232123e-08,4.710896913544231e-08,1000.0,32000.0
