O^z,error,N,total_data
2.9312469859142375e-06,2.8109315509111596e-06,1000.0,16000.0
