O^z,error,N,total_data
1.6720818854769302e-13,9.264271322275757e-14,500.0,32000.0
