O^z,error,N,total_data
-1.9826873245569607e-07,2.5388718323073617e-07,1000.0,24000.0
