O^z,error,N,total_data
0.000515319772500563,8.835511658458593e-05,1000.0,1000.0
