O^z,error,N,total_data
2.084287318679411e-12,1.6222948702146722e-12,500.0,24000.0
