O^z,error,N,total_data
-0.4196619084184078,0.002871301096323633,1000.0,1000.0
