O^z,error,N,total_data
-0.2096836565667314,0.000404867455033762,1000.0,24000.0
