O^z,error,N,total_data
-0.27467384086991864,0.0005758635399399128,1000.0,16000.0
