ZL,error,N
0.022560387489168617,0.0032475896188270182,1000.0
