ZL,error,N
0.04785519581870258,0.004605507949354275,931.0
