ZL,error,N
0.02940567004804729,0.003736218920655968,979.0
