ZL,error,N
0.061411667032626904,0.005012371192339843,898.0
