ZL,error,N
0.006647124355088043,0.0025382461737399743,991.0
