ZL,error,N
0.21232923587895408,0.003984445721451013,1000.0
