ZL,error,N
0.21850342259616454,0.0021271378519413073,1000.0
