ZL,error,N
0.2131554604304422,0.003322976493375206,1000.0
