O^z,error,N,total_data
0.14965582409638822,0.0008275872814414574,1000.0,16000.0
