O^z,error,N,total_data
0.10803458200346427,0.0005617186505899465,1000.0,32000.0
