O^z,error,N,total_data
0.19989623392039413,0.003329399448396194,1000.0,1000.0
