O^z,error,N,total_data
0.1158935377286725,0.0018082287860885391,100.0,3200.0
