O^z,error,N,total_data
0.12232852793980496,0.0006679975936542874,1000.0,24000.0
