O^z,error,N,total_data
-0.16922269948262755,0.005576716001152812,1000.0,1000.0
