O^z,error,N,total_data
-0.02134305147090412,0.00013603341127830355,7000.0,224000.0
