ZL,error,N
0.2776469777144504,0.01119907770444673,1000.0
