O^z,error,N,total_data
0.15106165314385284,0.0008147126108898666,1000.0,16000.0
