O^z,error,N,total_data
0.20124162618666427,0.0032916443903656107,1000.0,1000.0
