O^z,error,N,total_data
0.1250392246716341,0.000650245097481804,1000.0,24000.0
