O^z,error,N,total_data
0.10648636592295757,0.0005553101646409778,1000.0,32000.0
