O^z,error,N,total_data
-0.03127136832690958,0.0002466688965843256,3000.0,96000.0
