O^z,error,N,total_data
0.11077941896672695,0.0017534173511753097,100.0,3200.0
