O^z,error,N,total_data
0.14984216757037172,0.0008147215514341852,1000.0,16000.0
