O^z,error,N,total_data
0.12171512234770994,0.0006661638529739301,1000.0,24000.0
