O^z,error,N,total_data
0.19902463325466913,0.0033005752616526644,1000.0,1000.0
