O^z,error,N,total_data
0.10647739047154027,0.000555939732489829,1000.0,32000.0
