ZL,error,N
-0.01622724582692582,0.004191277476538565,1000.0
