ZL,error,N
0.013597476918193102,0.004913545956977656,1000.0
