ZL,error,N
-0.04178281998863582,0.0027727484382429014,1000.0
