ZL,error,N
-0.04600974528423817,0.0033938757009898883,1000.0
