ZL,error,N
0.18223002631028326,0.0026496185565880815,1000.0
