ZL,error,N
0.138277892126928,0.004298995200382748,1000.0
