ZL,error,N
0.15686070457665335,0.0037708371900972443,1000.0
