ZL,error,N
0.04850541737905549,0.011536741850904255,1000.0
