ZL,error,N
0.2337760761173438,0.0037192889654129044,1000.0
