ZL,error,N
0.2325951391658318,0.0030174306632479186,1000.0
