ZL,error,N
0.22871615686522764,0.002091973668323793,1000.0
