ZL,error,N
-0.7500769020671781,0.003655172009975467,1000.0
