ZL,error,N
-0.6772731234582218,0.0053860169242361975,510.0
