ZL,error,N
-0.5437427794783959,0.003758010381101121,1000.0
