ZL,error,N
-0.7955319391124951,0.0027510782446894875,1000.0
