O^z,error,N,total_data
0.1517442755043952,0.0008231581982159083,1000.0,16000.0
