O^z,error,N,total_data
0.1076465886187857,0.000562929592890526,1000.0,32000.0
