O^z,error,N,total_data
0.20266703589234095,0.003281007962014762,1000.0,1000.0
