O^z,error,N,total_data
0.1121305835803475,0.0017939187988814374,100.0,3200.0
