O^z,error,N,total_data
0.1261810437689946,0.000663967135372683,1000.0,24000.0
