O^z,error,N,total_data
-0.060091285239111926,0.0006881062689762176,500.0,16000.0
