ZL,error,N
-0.2927191048417877,0.010077729192334543,1000.0
