ZL,error,N
-0.3036811141127623,0.009570396424895041,1000.0
