ZL,error,N
-0.3113026094028375,0.006882146547033375,1000.0
