ZL,error,N
-0.32243524740498175,0.03238844209195076,100.0
