ZL,error,N
-0.307522055854247,0.008737326278066492,1000.0
