ZL,error,N
0.01317747738844749,0.002836685432289427,1000.0
