ZL,error,N
-0.0012120729425145734,0.004195050927871434,500.0
