O^z,error,N,total_data
-0.05124306178414355,0.0004536911035509253,1000.0,32000.0
