O^z,error,N,total_data
0.07700833250222783,0.0004918062460491768,1000.0,32000.0
