O^z,error,N,total_data
0.0967624743971663,0.0006156190987346457,1000.0,24000.0
