O^z,error,N,total_data
0.07983547375902729,0.0016075460686361578,100.0,3200.0
