O^z,error,N,total_data
0.12387415569029751,0.0007957533506721372,1000.0,16000.0
