O^z,error,N,total_data
0.17994576595988548,0.00337122784764643,1000.0,1000.0
