ZL,error,N
0.20567532299294727,0.002292681110352223,1000.0
