ZL,error,N
0.20164072024392227,0.0031219203931286896,1000.0
