ZL,error,N
0.20102587215613543,0.003711785070272681,1000.0
