ZL,error,N
0.8899126294716191,0.0012101789116967109,1000.0
