ZL,error,N
-0.8686664969098974,0.0003438725769792545,1000.0
