ZL,error,N
-0.7860392643909673,0.0005882461369629532,1000.0
