ZL,error,N
-0.6481490958316137,0.0008284371889029256,1000.0
