ZL,error,N
-0.839014766010912,0.00038436529645887086,1000.0
