ZL,error,N
-0.3304738556806347,0.008236197859682057,1000.0
