ZL,error,N
-0.33200833194009316,0.009048532921607013,1000.0
