ZL,error,N
-0.3214211518091343,0.006753506748253151,1000.0
