ZL,error,N
-0.32047523577280135,0.009726645592156183,1000.0
