ZL,error,N
-0.32677924576373535,0.03316849505568269,100.0
