O^z,error,N,total_data
-0.02377375194030809,0.00014231668868435948,7000.0,224000.0
