O^z,error,N,total_data
-0.1824986774286826,0.005642438868316369,1000.0,1000.0
