O^z,error,N,total_data
0.352422174523405,0.00021845769244783068,663.0,10608.0
