O^z,error,N,total_data
0.34284398506316244,0.00014525743707307056,1000.0,32000.0
