O^z,error,N,total_data
0.34631474165204074,0.0001614620802512193,1000.0,24000.0
