O^z,error,N,total_data
0.36097168633899224,0.00040874196416621514,1000.0,1000.0
