O^z,error,N,total_data
0.35236648407351917,0.00017817302388437842,1000.0,16000.0
