ZL,error,N
0.27675379873286665,0.0037528880036646105,1000.0
