ZL,error,N
0.2408462607550569,0.0015795885253971841,1000.0
