ZL,error,N
0.259727699023995,0.002858152312968938,1000.0
