O^z,error,N,total_data
-0.0882012915055849,0.0054138276568047,997.0,997.0
