O^z,error,N,total_data
-0.025406155431599534,0.0007972673679346193,995.0,15920.0
