O^z,error,N,total_data
-0.010799547785493096,0.00041896004919838686,978.0,23472.0
