O^z,error,N,total_data
-0.0047385383711960735,0.0003239398183459715,976.0,31232.0
