O^z,error,N,total_data
-0.32119034715357114,0.00040616387821437944,1000.0,24000.0
