O^z,error,N,total_data
-0.3551250520079566,0.00047455627116164045,1000.0,16000.0
