O^z,error,N,total_data
-0.4593227549904056,0.0017202659129108807,1000.0,1000.0
