ZL,error,N
0.14895331448838547,0.0028239208227902367,1000.0
