ZL,error,N
0.1289863029165787,0.0034044014814114203,1000.0
