ZL,error,N
0.11604976251632823,0.0037319016040255125,1000.0
