O^z,error,N,total_data
-0.272950490896991,0.0006707121276123054,1000.0,16000.0
