O^z,error,N,total_data
-0.41002912776535866,0.003165729547556904,1000.0,1000.0
