O^z,error,N,total_data
-0.21967428650269924,0.0005023809487463224,1000.0,24000.0
