O^z,error,N,total_data
-0.3963550036010188,0.003051495014007585,1000.0,1000.0
