O^z,error,N,total_data
-0.27165809786363154,0.0007156019566941749,1000.0,16000.0
