O^z,error,N,total_data
-0.22584327936460857,0.0005680123339423017,1000.0,24000.0
