ZL,error,N
-0.09165820226260463,0.003030153033353635,1000.0
