ZL,error,N
-0.11783494704838761,0.0011265216422494562,1000.0
