ZL,error,N
0.0007336501720241552,0.004048635211063887,1000.0
