ZL,error,N
0.8656965567993475,0.00023979613301585215,1000.0
