O^z,error,N,total_data
-0.22334193770357266,0.005743735960387363,1000.0,1000.0
