O^z,error,N,total_data
-0.06140287051947561,0.0006647288989795177,1000.0,24000.0
