O^z,error,N,total_data
-0.11139829718091572,0.001041417612626742,1000.0,16000.0
