O^z,error,N,total_data
-0.04102123401343069,0.0001720781711027315,7000.0,224000.0
