ZL,error,N
0.02093272693196668,0.002679415669921183,1000.0
