O^z,error,N,total_data
-0.11216903114499449,0.0004975076906566224,1000.0,32000.0
