O^z,error,N,total_data
-0.3256738842978504,0.004750083502233695,1000.0,1000.0
