O^z,error,N,total_data
-0.14339987656030304,0.0006554542950735664,1000.0,24000.0
