O^z,error,N,total_data
-0.19986980329033271,0.0009366062569205081,1000.0,16000.0
