O^z,error,N,total_data
7.467458141119826e-07,3.227506213907478e-07,500.0,32000.0
