O^z,error,N,total_data
9.739246838781904e-07,5.141514482442216e-07,500.0,24000.0
