O^z,error,N,total_data
1.6747907888751573e-06,1.0122534016827144e-06,1000.0,32000.0
