O^z,error,N,total_data
0.009234950058503992,0.00027909088552796585,1000.0,1000.0
