O^z,error,N,total_data
0.00026516742770604454,1.2884697736924904e-05,1000.0,16000.0
