O^z,error,N,total_data
2.3349355278270175e-05,3.698500741502329e-06,1000.0,24000.0
