ZL,error,N
0.011275778366283977,0.0008791766923531525,6999.0
