ZL,error,N
0.0474472853529527,0.002856353663385456,1000.0
