ZL,error,N
0.232951844138694,0.003256596518725459,1000.0
