ZL,error,N
0.2242212409534531,0.002686156867629889,1000.0
