ZL,error,N
0.21608464583076806,0.0021091214832086765,1000.0
