ZL,error,N
0.0027022249618274654,0.0026903515456724856,918.0
