ZL,error,N
0.002285050593233949,0.002252080424081339,967.0
