ZL,error,N
0.004073046127616622,0.003052481335079735,851.0
