ZL,error,N
0.006356659144562939,0.0020446095145032965,990.0
