ZL,error,N
0.02064634751986201,0.003335028381407113,934.0
