ZL,error,N
0.01172177513722331,0.002723069101143449,990.0
