ZL,error,N
0.002871548135561033,0.0021245788669249414,996.0
