ZL,error,N
0.011803733929639928,0.0031085629174130314,969.0
