ZL,error,N
0.018267926400950617,0.0028186660217078426,1000.0
