O^z,error,N,total_data
0.19556595826589498,0.0033237934560654153,1000.0,1000.0
