O^z,error,N,total_data
0.11705614326182957,0.0006464094929725175,1000.0,24000.0
