O^z,error,N,total_data
0.1444788593010644,0.0008060190772158222,1000.0,16000.0
