O^z,error,N,total_data
0.09920589885885378,0.0005352467124370896,1000.0,32000.0
