O^z,error,N,total_data
0.10273033398352219,0.0018069452597214342,100.0,3200.0
