ZL,error,N
0.27425838272721637,0.011011536255419585,1000.0
