ZL,error,N
-0.29126201416221564,0.008658784792332475,1000.0
