ZL,error,N
-0.2906689440151256,0.009217258246847413,1000.0
