ZL,error,N
-0.2978328390823747,0.006917654187021735,1000.0
