ZL,error,N
-0.2696491727720015,0.009998344383096247,1000.0
