ZL,error,N
-0.2715748268100493,0.03307443692043466,100.0
