O^z,error,N,total_data
-0.0038789096756866614,8.601579784661879e-05,1000.0,16000.0
