O^z,error,N,total_data
-5.384890465906722e-05,7.661337478446947e-06,500.0,16000.0
