ZL,error,N
0.8572759641718916,0.00016089424445667698,1000.0
