O^z,error,N,total_data
-0.022324799651194133,0.0001729750377479099,1000.0,24000.0
