O^z,error,N,total_data
-0.2248403334449428,0.0018688517715091685,1000.0,1000.0
