O^z,error,N,total_data
-0.0674461150107225,0.00035482819278329477,1000.0,16000.0
