O^z,error,N,total_data
0.1855386965068922,0.0033673346530090935,1000.0,1000.0
