O^z,error,N,total_data
0.0825361525037244,0.000518521134847398,1000.0,32000.0
