O^z,error,N,total_data
0.10377011524461272,0.0006319609366832626,1000.0,24000.0
