O^z,error,N,total_data
0.1307998556690639,0.0008061527176851656,1000.0,16000.0
