ZL,error,N
0.0436163304815854,0.003670408109190141,1000.0
