ZL,error,N
0.02645755541938931,0.003694443881689499,1000.0
