ZL,error,N
0.08649816118387016,0.003296828012058204,1000.0
