ZL,error,N
0.014425610363098822,0.0037810337775763094,1000.0
