O^z,error,N,total_data
5.586840228608205e-06,1.4991574280026991e-05,1000.0,32000.0
