O^z,error,N,total_data
3.0038870358860777e-09,2.6818648654407327e-09,1000.0,32000.0
