ZL,error,N
-0.22921950613098616,0.007504504817059892,1000.0
