ZL,error,N
-0.1441732663189586,0.01006373780870793,1000.0
