ZL,error,N
-0.18571555074453883,0.009421234619333566,1000.0
