ZL,error,N
-0.10404931311915547,0.010454048793743844,1000.0
