O^z,error,N,total_data
-0.025633215890667815,0.0005713755875518367,500.0,16000.0
