O^z,error,N,total_data
-0.19183287059965184,0.005761277435689272,1000.0,1000.0
