O^z,error,N,total_data
-0.05114809985000124,0.00048510939213391606,1000.0,32000.0
