O^z,error,N,total_data
-0.2905789262894917,0.0041378724347940704,1000.0,1000.0
