O^z,error,N,total_data
-0.10009589960375959,0.000585715823725995,1000.0,24000.0
