O^z,error,N,total_data
-0.15582323748714444,0.000856317767959403,1000.0,16000.0
