O^z,error,N,total_data
-0.07148334261708511,0.000824386306770465,1000.0,16000.0
