O^z,error,N,total_data
-0.034270310218505205,0.00047656757407044754,1000.0,24000.0
