O^z,error,N,total_data
-0.020274337195997808,0.0003028749908435351,1000.0,32000.0
