O^z,error,N,total_data
-0.1832954574929336,0.0051825933304420506,1000.0,1000.0
