O^z,error,N,total_data
-0.015870140020567008,0.0005349126980000582,500.0,16000.0
