ZL,error,N
0.0141370626846596,0.0015229644200047295,6999.0
