ZL,error,N
-0.009468989743791153,0.0028591364347518664,1000.0
