O^z,error,N,total_data
-0.22560448226700228,0.004176261494195978,1000.0,1000.0
