O^z,error,N,total_data
-0.0964639617142007,0.0007449843788082627,1000.0,16000.0
