O^z,error,N,total_data
-0.04937586703488639,0.00043740030781279593,1000.0,24000.0
