O^z,error,N,total_data
0.0005722894650037576,0.0004311822067459168,1.0,24.0
