O^z,error,N,total_data
-0.00048670400143267827,0.0006796254190957399,1.0,32.0
