O^z,error,N,total_data
-3.853392215121404e-06,7.837904639831704e-07,1.0,16.0
