O^z,error,N,total_data
0.0001710649344129303,1.919101416946955e-05,1000.0,32000.0
