O^z,error,N,total_data
0.06505244118604465,0.0004608450705650401,1000.0,32000.0
