O^z,error,N,total_data
0.11297131132402867,0.0007818014196236715,1000.0,16000.0
