O^z,error,N,total_data
0.08407795691604046,0.0005878117930502614,1000.0,24000.0
