O^z,error,N,total_data
0.1706907772976119,0.003390144548366861,1000.0,1000.0
