ZL,error,N
-0.4650483209797512,0.009890094016916708,1000.0
