ZL,error,N
-0.4289297648265032,0.00828950089762389,1000.0
