ZL,error,N
-0.44940484212606613,0.009341229415084425,1000.0
