ZL,error,N
-0.38306100113293917,0.006285764585013499,1000.0
