ZL,error,N
0.8440165380485724,0.0008315499131551737,1000.0
