ZL,error,N
0.38932299770202816,0.01671890157577383,250.0
