ZL,error,N
0.49852342203679506,0.01665454378308695,250.0
