ZL,error,N
0.5917265101514921,0.007222586550945765,1000.0
