ZL,error,N
0.16003834267870953,0.017419261297936334,250.0
