O^z,error,N,total_data
-0.03396959168818963,0.00016723445160388996,6999.0,223968.0
