O^z,error,N,total_data
-0.21378974161594974,0.005979404139510748,1000.0,1000.0
