O^z,error,N,total_data
-0.10056135286380422,0.001016465213472516,1000.0,16000.0
