O^z,error,N,total_data
-0.05456189912740176,0.0006327447435447358,1000.0,24000.0
