O^z,error,N,total_data
-0.33780961001184057,0.00039468939697873107,1000.0,24000.0
