O^z,error,N,total_data
-0.4661756820532915,0.0016235828898658554,1000.0,1000.0
