O^z,error,N,total_data
-0.369067150077607,0.000426055220771684,1000.0,16000.0
