O^z,error,N,total_data
-1.3186358105675106e-06,9.292662272414586e-07,1000.0,32000.0
