Dimerization,O^z,error,N
0.0,-0.13612619289779568,0.0,500.0
0.1,-0.13482375687215745,0.0,500.0
0.2,-0.1331935151643406,0.0,500.0
0.3,-0.12751178264316232,0.0,500.0
0.4,-0.101224711019084,0.0,500.0
0.5,-0.06752242159063186,0.0,500.0
