O^z,error,N,total_data
-0.3834556985703544,0.003634773631096156,1000.0,1000.0
