O^z,error,N,total_data
-0.16046634070905913,0.0004232976934909906,1000.0,32000.0
