O^z,error,N,total_data
-0.2516458609086655,0.0007410130350287694,1000.0,16000.0
