O^z,error,N,total_data
-0.12243543681651403,0.00029113825811960526,1000.0,48000.0
