O^z,error,N,total_data
-0.1914482084650395,0.0005393745784944625,1000.0,24000.0
