Dimerization,O^z,error,N
0.0,-0.014394635514399902,0.0,498.0
0.1,-0.015182824377962981,0.0,496.0
0.2,-0.01329813189487357,0.0,496.0
0.3,-0.012652488290133842,0.0,496.0
0.4,-0.01083198506473114,0.0,495.0
0.5,-0.009167679827881114,0.0,494.0
