O^z,error,N,total_data
0.2273931966399881,0.0007545861674586996,1000.0,16000.0
