O^z,error,N,total_data
0.25681387194960237,0.0026975653818219997,1000.0,1000.0
