O^z,error,N,total_data
0.20980111163631868,0.0006634942458383711,1000.0,24000.0
