O^z,error,N,total_data
0.2025406487838248,0.0005883886774002172,1000.0,32000.0
