ZL,error,N
0.004806462844460523,0.003105110990590798,627.0
