ZL,error,N
0.009048593517740493,0.00249736398153972,1000.0
