ZL,error,N
0.0017587590055034334,0.0024243307249780244,1000.0
