ZL,error,N
0.003946375632012344,0.0023964802775453408,1000.0
