ZL,error,N
0.02644004106336073,0.0027148423020271414,1000.0
