ZL,error,N
0.008036996151753472,0.003368030434984364,500.0
