ZL,error,N
0.8438370198211682,0.006124067745180469,1000.0
