ZL,error,N
0.8281343546180523,0.005175482861846779,1000.0
