ZL,error,N
0.7776425246948929,0.0043005565846443786,1000.0
