ZL,error,N
0.8671738372178315,0.012523216649844484,499.0
