ZL,error,N
0.8700299296282151,0.009273822952572735,500.0
