ZL,error,N
0.648655579323542,0.003660389327632121,1000.0
