ZL,error,N
0.005696696917364023,0.0029450927767908823,867.0
