ZL,error,N
0.0053191420325879105,0.003246600267378859,785.0
