ZL,error,N
0.003874367786283441,0.0023579197669962317,751.0
