ZL,error,N
0.00528407166387484,0.002052444878861233,983.0
