ZL,error,N
0.005648775488706812,0.002486047335888784,947.0
