O^z,error,N,total_data
-0.22386088314281405,0.005728095140280322,1000.0,1000.0
