O^z,error,N,total_data
-0.11076769270045987,0.0010319633083913612,1000.0,16000.0
