O^z,error,N,total_data
-0.04236296631382733,0.0001748061638749888,7000.0,224000.0
