O^z,error,N,total_data
-0.06660643958316669,0.0006552261861286652,1000.0,24000.0
