O^z,error,N,total_data
-0.0807368977174138,0.005178556140334921,996.0,996.0
