O^z,error,N,total_data
-0.02505468781519868,0.0008285923744532043,990.0,15840.0
