O^z,error,N,total_data
-0.008000545067568492,0.0004445194029526473,978.0,23472.0
