O^z,error,N,total_data
-0.003644417062828126,0.0003396730406441521,946.0,30272.0
