ZL,error,N
-0.09392012765623904,0.0033613785587201296,1000.0
