ZL,error,N
-0.10409953961976881,0.0036157402742857682,1000.0
