ZL,error,N
-0.01723527000262248,0.0032814836750764587,1000.0
