ZL,error,N
-0.08361572138606888,0.00328736333871722,1000.0
