ZL,error,N
-0.060622991286515195,0.003224530991543353,1000.0
