ZL,error,N
-0.09875795595528863,0.004043579174218545,1000.0
