ZL,error,N
-0.10214996576551766,0.0037347150940159036,989.0
