O^z,error,N,total_data
-0.2087011890915199,0.005893878333097127,1000.0,1000.0
