O^z,error,N,total_data
-0.03537835903314152,0.00016655029214729283,7000.0,224000.0
