O^z,error,N,total_data
-0.36890145656465184,0.01066011732362234,1.0,16.0
