O^z,error,N,total_data
-0.31718382190301925,0.0074896356117557334,1.0,24.0
