O^z,error,N,total_data
-0.3285981371199896,0.009146039177269624,1.0,24.0
