O^z,error,N,total_data
-0.07101652840010625,0.0005000574263530765,1000.0,32000.0
