ZL,error,N
0.01717432160378119,0.0033044069230363246,930.0
