ZL,error,N
0.012081035188801112,0.002954897787882039,970.0
