ZL,error,N
0.002888191399852459,0.0021827772270035005,995.0
