ZL,error,N
0.01137046166802751,0.002466129548570973,992.0
