O^z,error,N,total_data
1.716147973461103e-17,1.9201026895273352e-17,1000.0,32000.0
