ZL,error,N
-0.30309008937507664,0.009653136861652757,1000.0
