ZL,error,N
-0.2876404796469213,0.010208786604012393,1000.0
