ZL,error,N
-0.31253151152746567,0.008723450466500233,1000.0
