ZL,error,N
-0.3119439511636919,0.006896851114331397,1000.0
