ZL,error,N
0.1805468324543049,0.003382582685820232,1000.0
