ZL,error,N
0.18755431294135738,0.0024837658481469613,1000.0
