ZL,error,N
0.18172888868381162,0.003002246658374148,1000.0
