O^z,error,N,total_data
-0.14289070661946157,0.0016031673947777558,1000.0,1000.0
