O^z,error,N,total_data
-0.02802144555326482,0.00023006592196468513,1000.0,16000.0
