O^z,error,N,total_data
-0.006531929324319022,9.2748916911506e-05,1000.0,24000.0
