O^z,error,N,total_data
0.1741782542555896,0.0032827816164390424,1000.0,1000.0
