O^z,error,N,total_data
0.11291406814929797,0.0007937801794843977,1000.0,16000.0
