O^z,error,N,total_data
0.06799430951645498,0.000490250770446111,1000.0,32000.0
