O^z,error,N,total_data
0.08486170972787666,0.0006128131506484283,1000.0,24000.0
