O^z,error,N,total_data
0.13851890037294107,0.0008048836717386263,1000.0,16000.0
