O^z,error,N,total_data
0.09194598731769055,0.0005311205163717741,1000.0,32000.0
