O^z,error,N,total_data
0.10943921685774656,0.0006519966558435361,1000.0,24000.0
