O^z,error,N,total_data
0.18986748329373224,0.00333523566684314,1000.0,1000.0
