O^z,error,N,total_data
-0.10863102397499153,0.000685105403699997,1000.0,24000.0
