O^z,error,N,total_data
-0.29090902003506025,0.0052149710209427845,1000.0,1000.0
