O^z,error,N,total_data
-0.16187425404308078,0.0010202261513232466,1000.0,16000.0
