O^z,error,N,total_data
-0.08016225143537545,0.000502848106321253,1000.0,32000.0
