O^z,error,N,total_data
0.13038363514641033,0.0008034154876740792,1000.0,16000.0
