O^z,error,N,total_data
0.08344080552923835,0.0005106397159458473,1000.0,32000.0
