O^z,error,N,total_data
0.10223891483350077,0.0006308695036952785,1000.0,24000.0
