O^z,error,N,total_data
0.08584280850366957,0.0016757597723839003,100.0,3200.0
