O^z,error,N,total_data
0.18359748035588677,0.0033566911295030265,1000.0,1000.0
