O^z,error,N,total_data
3.0936529785971904e-16,2.6388562804908854e-16,250.0,6000.0
