O^z,error,N,total_data
-2.4287363535608587e-16,1.7265039577209528e-16,250.0,4000.0
