O^z,error,N,total_data
-1.8829680513252415e-16,9.126132523894783e-16,250.0,250.0
