O^z,error,N,total_data
1.3878216418175653e-16,2.274503832615818e-16,1000.0,32000.0
