O^z,error,N,total_data
-0.13221327464941454,0.0005726498741817948,1000.0,28000.0
