O^z,error,N,total_data
-0.1511926287995574,0.0006540586128180214,1000.0,24000.0
