O^z,error,N,total_data
-0.3353002628323586,0.0043332954965807175,1000.0,1000.0
