O^z,error,N,total_data
-0.1192215014947172,0.0005107774442335394,1000.0,32000.0
