O^z,error,N,total_data
-0.2541820252565397,0.0011353713325720424,1000.0,12000.0
