O^z,error,N,total_data
-0.17360559938385872,0.0007548247987183217,1000.0,20000.0
