O^z,error,N,total_data
-0.2060438194902835,0.0009001233086283617,1000.0,16000.0
