O^z,error,N,total_data
-0.14329778732027987,0.0006438954199158237,1000.0,24000.0
