O^z,error,N,total_data
-0.32732078941200166,0.004798138598261159,1000.0,1000.0
