O^z,error,N,total_data
-0.11231750702575202,0.0005011498765095934,1000.0,32000.0
