O^z,error,N,total_data
-0.19782049389398715,0.0009358858426596496,1000.0,16000.0
