O^z,error,N,total_data
0.12471761656238034,0.0006763686752845397,1000.0,24000.0
