O^z,error,N,total_data
0.15257357500089752,0.0008171391268795036,1000.0,16000.0
