O^z,error,N,total_data
0.10948915013481861,0.0005615171556697079,1000.0,32000.0
