O^z,error,N,total_data
0.113468909798359,0.0017698773924662069,100.0,3200.0
