O^z,error,N,total_data
0.20053826703278554,0.003285752485094954,1000.0,1000.0
