O^z,error,N,total_data
-1.6559924986082118e-12,1.7030399451801888e-12,1000.0,32000.0
