O^z,error,N,total_data
0.09903149460090527,0.0005445649425897153,1000.0,32000.0
