O^z,error,N,total_data
0.19647738810676282,0.003316940614589225,1000.0,1000.0
