O^z,error,N,total_data
0.14426503161389498,0.000812644646832055,1000.0,16000.0
