O^z,error,N,total_data
0.11711599900862335,0.0006544169711103868,1000.0,24000.0
