O^z,error,N,total_data
-0.13958219479457795,0.005369742306198771,1000.0,1000.0
