ZL,error,N
-0.033721486069765265,0.0036596876251486416,1000.0
