ZL,error,N
-0.10003343850937092,0.0014467466619797016,1000.0
