ZL,error,N
0.07279799637348038,0.004552224546405745,1000.0
