O^z,error,N,total_data
0.15018693336109384,0.0008152565217386068,1000.0,16000.0
