O^z,error,N,total_data
0.12339198783671913,0.0006629460726476193,1000.0,24000.0
