O^z,error,N,total_data
0.10782219189035822,0.0005527936227027027,1000.0,32000.0
