O^z,error,N,total_data
0.11237999385501854,0.0017886921020246116,100.0,3200.0
