O^z,error,N,total_data
0.20210206722319043,0.003308911297905516,1000.0,1000.0
