ZL,error,N
0.0015213433479902973,0.0010318219561302282,7000.0
