ZL,error,N
0.49507739555273483,0.007544315582745561,1000.0
