ZL,error,N
0.5754711842701845,0.007180058716032885,1000.0
