ZL,error,N
0.3572498977870775,0.008333111553554356,1000.0
