ZL,error,N
0.6671387335235704,0.009837593741396559,500.0
