ZL,error,N
0.11101975036481099,0.008227306510231566,1000.0
