ZL,error,N
0.7140602585003072,0.010317001164000044,500.0
