O^z,error,N,total_data
-0.1922334401225993,0.0006625257363302799,1000.0,20000.0
