O^z,error,N,total_data
-0.07003640057557513,0.0002909514042624949,1000.0,64000.0
