O^z,error,N,total_data
-0.2731015576214487,0.000872056824156733,1000.0,12000.0
