O^z,error,N,total_data
-0.12145890440561545,0.00046935081320583,1000.0,36000.0
