O^z,error,N,total_data
-0.13135914546270422,0.0007225508970448941,500.0,16000.0
