O^z,error,N,total_data
-0.16768317599064905,0.0006004660152322541,1000.0,24000.0
