O^z,error,N,total_data
-0.1497426878005454,0.0005388987550495617,1000.0,28000.0
