O^z,error,N,total_data
-0.16774265522209084,0.000603371389499472,1000.0,24000.0
