O^z,error,N,total_data
-0.1323172456007894,0.000504640358999274,1000.0,32000.0
