O^z,error,N,total_data
-0.35515957823940436,0.0030019903323131518,1000.0,1000.0
