O^z,error,N,total_data
-0.0943934816132634,0.00037417900227445524,1000.0,48000.0
