O^z,error,N,total_data
-0.2250242697776652,0.0007676332381594515,1000.0,16000.0
