O^z,error,N,total_data
-0.027053909457853565,0.0003331471143384572,200.0,25600.0
