O^z,error,N,total_data
-0.06859266254223013,0.0004122871174678313,500.0,32000.0
