O^z,error,N,total_data
-0.1063767199392388,0.0004178457387868429,1000.0,40000.0
