O^z,error,N,total_data
-0.2249830139395163,0.0007680456608913923,1000.0,16000.0
