O^z,error,N,total_data
-0.3551827055884887,0.003003149897600721,1000.0,1000.0
