O^z,error,N,total_data
-0.10122611691813259,0.00039305329633520895,1000.0,44000.0
