O^z,error,N,total_data
-0.09581655523184861,0.0003912898287309417,920.0,44122.0
