O^z,error,N,total_data
-0.0925043839723826,0.005167108469499346,999.0,999.0
