O^z,error,N,total_data
-0.005699974209579657,0.00029989043202873996,989.0,31648.0
