O^z,error,N,total_data
-0.027473201030722875,0.0007554210100972684,999.0,15984.0
