O^z,error,N,total_data
-0.010994865867627308,0.00044903056368473317,998.0,23952.0
