O^z,error,N,total_data
-0.4318019003768145,0.002623436712913531,1000.0,1000.0
