O^z,error,N,total_data
-0.20437258021413343,0.00036355095387099074,1000.0,24000.0
