O^z,error,N,total_data
-0.2727356564883361,0.0005659737283505675,1000.0,16000.0
