ZL,error,N
0.01324162987128499,0.0009384720220207908,7000.0
