ZL,error,N
-0.33479849817878604,0.006615637953990576,1000.0
