ZL,error,N
-0.35841852920194267,0.00893879467229308,1000.0
