ZL,error,N
-0.3477921304092318,0.008406918405827076,1000.0
