ZL,error,N
-0.35224143202445035,0.009952054794675504,1000.0
