O^z,error,N,total_data
0.30645284860310573,0.0003351274513224853,1000.0,32000.0
