O^z,error,N,total_data
0.32252417009822093,0.0014791213270397912,1000.0,1000.0
