O^z,error,N,total_data
0.30949496585232683,0.00037285868525619706,1000.0,24000.0
