O^z,error,N,total_data
0.31544169157424196,0.00042077270956497636,1000.0,16000.0
