O^z,error,N,total_data
-0.35366402884884474,0.002385120614193227,1000.0,1000.0
