O^z,error,N,total_data
-0.15847995178641935,0.0005139526978186888,1000.0,24000.0
