O^z,error,N,total_data
-0.22154175009774593,0.0006564715264334099,1000.0,16000.0
