ZL,error,N
0.8579075015651455,0.0035170947770576497,1000.0
