O^z,error,N,total_data
-0.41823454134102,0.0030576510385000233,1000.0,1000.0
