O^z,error,N,total_data
-0.2833043479105144,0.0006260484027386803,1000.0,16000.0
