O^z,error,N,total_data
-0.22732130885094334,0.0004665627195114238,1000.0,24000.0
