O^z,error,N,total_data
-0.1968925791468448,0.0005450166145741743,500.0,16000.0
