O^z,error,N,total_data
0.34677799304635387,0.00022523157611366182,1000.0,16000.0
