O^z,error,N,total_data
0.3408242388400644,0.00020719730520808515,1000.0,24000.0
