O^z,error,N,total_data
0.3377363086920659,0.00018433231963721247,1000.0,32000.0
