O^z,error,N,total_data
0.35382725896541206,0.0006242723857923471,1000.0,1000.0
