ZL,error,N
0.0035642101156816066,0.002215707306445633,989.0
