ZL,error,N
0.015088503574623855,0.0034238170409623013,896.0
