ZL,error,N
0.022548835427690993,0.00396921467227511,856.0
