ZL,error,N
0.011715736246551658,0.0030028862110743843,968.0
