ZL,error,N
-0.13320668816824785,0.011885339909432066,1000.0
