ZL,error,N
-0.25237334077326107,0.007720849845777388,1000.0
