ZL,error,N
-0.20137717483908368,0.010160171917361677,1000.0
