ZL,error,N
-0.1680023429497037,0.01118206531892765,1000.0
