ZL,error,N
-0.14812591360033656,0.0064652473314784735,918.0
