ZL,error,N
-0.161130419617722,0.0056612026981425765,1000.0
