ZL,error,N
-0.17663851492825075,0.002346787384200419,1000.0
