ZL,error,N
-0.14428877861671605,0.001985760409793543,1000.0
