ZL,error,N
-0.08489366319092755,0.010123873588412083,500.0
