ZL,error,N
-0.1832316726974439,0.005048309279735022,1000.0
