ZL,error,N
-0.16273181312099871,0.005498182553684071,1000.0
