ZL,error,N
-0.08495309765793514,0.0021480785883623175,1000.0
