ZL,error,N
-0.14849501103298274,0.00617871154091464,1000.0
