ZL,error,N
-0.20032624886144118,0.00391664899654573,1000.0
