ZL,error,N
-0.19989907104854654,0.0032903965762789934,1000.0
