ZL,error,N
0.1331397765643856,0.018762936940836757,200.0
