ZL,error,N
-0.09124646086464831,0.007095689340840296,1000.0
