ZL,error,N
-0.1941826042355261,0.0027535704493053064,1000.0
