ZL,error,N
-0.18687721476208577,0.006443564142964525,500.0
