ZL,error,N
-0.08497705740989563,0.0021489377909423807,1000.0
