ZL,error,N
-0.1768090069068852,0.0023510526492697614,1000.0
