ZL,error,N
-0.18800810164284948,0.004504785213425839,1000.0
