ZL,error,N
-0.20004650164877766,0.0032744012124464447,1000.0
