O^z,error,N,total_data
-0.10195339576744478,0.0004965658090925123,1000.0,32000.0
