O^z,error,N,total_data
-0.13351217333965817,0.0006700323113835861,1000.0,24000.0
