O^z,error,N,total_data
-0.18522507849796838,0.0009717599705155747,1000.0,16000.0
