O^z,error,N,total_data
-0.31600623694082147,0.004959450109842648,1000.0,1000.0
