ZL,error,N
-0.3527987866963074,0.03148184553767753,100.0
