ZL,error,N
-0.32439470182587227,0.0068595202514093985,1000.0
