ZL,error,N
-0.3283820833674423,0.010327660228777454,1000.0
