ZL,error,N
-0.3329939463856184,0.008763280675672789,1000.0
