ZL,error,N
-0.3332707746673072,0.009661651925072554,1000.0
