ZL,error,N
0.0075578938544001596,0.0020487162926347046,996.0
