ZL,error,N
0.0033361723139437604,0.0008404235835282701,5944.0
