ZL,error,N
0.005752529297401385,0.0021863500013871383,1629.0
