ZL,error,N
0.0057278504202937335,0.0010169576630046308,5678.0
