ZL,error,N
0.0030913957469001435,0.0009198472811376753,5807.0
