ZL,error,N
0.2979453311329032,0.003251856855445197,1000.0
