ZL,error,N
0.25103958844712554,0.0015890942015423803,1000.0
