ZL,error,N
0.277038937488017,0.0025525504674076323,1000.0
