ZL,error,N
-0.01994743956254811,0.002633752222721028,1000.0
