ZL,error,N
0.00770186411311606,0.002301627288434007,1000.0
