ZL,error,N
0.7341268477920214,1.2893291823110964e-06,500.0
