ZL,error,N
-0.3579390802616929,0.00972286252993041,1000.0
