ZL,error,N
-0.3367179849415381,0.006605678997785548,1000.0
