ZL,error,N
-0.351160183899359,0.008172886284188085,1000.0
