ZL,error,N
-0.3617251432713079,0.008933254800222392,1000.0
