ZL,error,N
-0.3637573832874995,0.032054136275594655,100.0
