ZL,error,N
0.001814762485044375,0.0015563532989067575,3000.0
