Dimerization,O^z,error
0,0.35641354835113226,0.0005080195368336992
