ZL,error,N
0.014023629353880714,0.0037141303384906634,500.0
