O^z,error,N,total_data
0.011847323384767605,0.00020496905545148324,1000.0,32000.0
