O^z,error,N,total_data
0.10426766663360357,0.006360364321485389,250.0,250.0
