O^z,error,N,total_data
0.02030031562762901,0.0005818445159532233,250.0,6000.0
