O^z,error,N,total_data
0.03818386527418647,0.0010130810484392534,250.0,4000.0
