ZL,error,N
0.22812215182533474,0.003579033010757059,1000.0
