ZL,error,N
0.2249554826816722,0.005822427359535171,500.0
