ZL,error,N
0.2263993228068364,0.0030549043881653148,1000.0
