ZL,error,N
0.22263376045755195,0.002045338740562053,1000.0
