ZL,error,N
0.048578870327339374,0.002875733027974256,1000.0
