ZL,error,N
0.011789018982918682,0.0008986269545356574,6999.0
