ZL,error,N
-0.2429559165899699,0.009019817045129663,1000.0
