ZL,error,N
-0.2695440091491615,0.0072164019142966895,1000.0
