ZL,error,N
-0.19642915350275914,0.01009286420598764,1000.0
