ZL,error,N
-0.22026136464756962,0.009861532012056225,1000.0
