ZL,error,N
0.01090827303206687,0.0035145770677969066,999.0
