ZL,error,N
0.02702803401100408,0.005438692455673856,500.0
