ZL,error,N
0.023310177000824953,0.0037428699624059494,1000.0
