ZL,error,N
0.024321750354064003,0.0049240999535890536,590.0
