ZL,error,N
-0.004928114619435691,0.00265984216733114,1000.0
