ZL,error,N
-0.0015309172886706851,0.0031137727198577003,1000.0
