ZL,error,N
-0.032297169515277085,0.003383304384175197,1000.0
