ZL,error,N
0.00854758369154604,0.0034178862170590406,1000.0
