ZL,error,N
-0.039088028966335814,0.0035972441504475722,1000.0
