ZL,error,N
-0.04021694962825075,0.0035406267071732304,1000.0
