O^z,error,N,total_data
-0.020604882675007055,0.0005518362110017088,500.0,16000.0
