ZL,error,N
0.051715529711843615,0.0040244761732458395,1000.0
