ZL,error,N
-0.07331377370734407,0.0018674454408729683,1000.0
