ZL,error,N
0.18254948110466512,0.0044679973121661,1000.0
