ZL,error,N
0.28841048922265405,0.004570843576871164,1000.0
