O^z,error,N,total_data
-0.2553351629481754,0.0007161801142709644,1000.0,16000.0
