O^z,error,N,total_data
-0.16561598938890373,0.0004098143455704284,1000.0,32000.0
