O^z,error,N,total_data
-0.19803067734155347,0.000519492178599451,1000.0,24000.0
