O^z,error,N,total_data
-0.39007786996624144,0.0036649573841051573,1000.0,1000.0
