O^z,error,N,total_data
-0.01380907192475579,0.0006981315881424841,981.0,15696.0
