O^z,error,N,total_data
-0.002394803226880407,0.0002992859620293383,905.0,28960.0
