O^z,error,N,total_data
-0.005720165554246765,0.00042821448664454563,942.0,22608.0
