O^z,error,N,total_data
-0.06666859192729262,0.005079249163547204,994.0,994.0
