O^z,error,N,total_data
0.0794888529835355,0.0005027515291205197,1000.0,32000.0
