O^z,error,N,total_data
0.12622489735900694,0.0007987591106921065,1000.0,16000.0
