O^z,error,N,total_data
0.09878856064262594,0.0006216139267997651,1000.0,24000.0
