O^z,error,N,total_data
0.18160496970341328,0.0033682436378468968,1000.0,1000.0
