O^z,error,N,total_data
0.0790686001227349,0.0016555339521223402,100.0,3200.0
