ZL,error,N
0.29504582143306224,0.0023523852401505004,1000.0
