ZL,error,N
0.26032609278560503,0.001299245025753422,1000.0
