ZL,error,N
0.32243174737194386,0.00291335246929948,1000.0
