ZL,error,N
-0.2545554302019711,0.01044171892379566,1000.0
