ZL,error,N
-0.2890912553508574,0.007222968561047588,1000.0
