ZL,error,N
-0.2345565331047466,0.010972110886774319,1000.0
