ZL,error,N
-0.26646409370793495,0.009486934958948387,1000.0
