ZL,error,N
-0.2677426666642784,0.03321767202133688,100.0
