ZL,error,N
0.29236362098307994,0.011305037665381556,1000.0
