ZL,error,N
0.21622373628420222,0.010949032789521095,1000.0
