ZL,error,N
-0.09928189797976038,0.008324329640609638,1000.0
