ZL,error,N
0.08180487388236947,0.010701646468851467,1000.0
