O^z,error,N,total_data
-0.018210449303443267,0.0007943415394599749,967.0,15472.0
