O^z,error,N,total_data
-0.004970866737255375,0.00047616712813605694,917.0,22008.0
