O^z,error,N,total_data
-0.0028254438601845394,0.0003856870738859048,846.0,27072.0
