O^z,error,N,total_data
-0.06793979790521507,0.005206107336651953,991.0,991.0
