O^z,error,N,total_data
-0.004790590715130472,0.0005378664352669993,886.0,21264.0
