O^z,error,N,total_data
-0.059931437077061264,0.004684042028948173,982.0,982.0
