O^z,error,N,total_data
-0.015336011193643924,0.0007902540783818687,948.0,15168.0
