O^z,error,N,total_data
-0.001608628547206799,0.0004062534444993985,780.0,24960.0
