O^z,error,N,total_data
8.806413475085953e-05,2.300759747348818e-05,1000.0,32000.0
