O^z,error,N,total_data
-0.05644424141272418,0.0047001659435503915,983.0,983.0
