O^z,error,N,total_data
-0.015598839876035362,0.0008196868354058448,946.0,15136.0
