O^z,error,N,total_data
-0.0012099864362752563,0.0003905426845841102,775.0,24800.0
