O^z,error,N,total_data
-0.003560157615970014,0.00054270533150797,879.0,21096.0
