O^z,error,N,total_data
2.61561903269943e-15,3.4118940470535347e-15,1000.0,16000.0
