O^z,error,N,total_data
-2.6796937083139417e-16,1.0476770194747713e-15,1000.0,1000.0
