O^z,error,N,total_data
1.1008260653301228e-15,1.7578536150617517e-15,1000.0,24000.0
