O^z,error,N,total_data
-2.659755061613286e-14,1.4206870466901785e-14,1000.0,32000.0
