ZL,error,N
0.20293335992169234,0.003363717113645984,1000.0
