ZL,error,N
0.20037289996655672,0.002321504161340072,1000.0
