ZL,error,N
0.20101796640326322,0.0029022409478327987,1000.0
