ZL,error,N
0.1985655807554891,0.003698754852620933,1000.0
