ZL,error,N
-0.00718497980467092,0.0027783892480732755,1000.0
