ZL,error,N
0.016804565305305774,0.0014902392632297934,6998.0
