ZL,error,N
-0.3217234364961957,0.009075847472728634,1000.0
