ZL,error,N
-0.31946389126982144,0.008370925022096808,1000.0
