ZL,error,N
-0.31331848622712316,0.006815890069265752,1000.0
