ZL,error,N
-0.31683558471737616,0.009860052050712215,1000.0
