ZL,error,N
0.010773631900629294,0.004319869651117502,500.0
