O^z,error,N,total_data
-0.01976529035093236,0.0005283322189913442,500.0,16000.0
