O^z,error,N,total_data
-0.028626717638250757,0.00014981193657425754,7000.0,224000.0
