O^z,error,N,total_data
-0.1940169322967462,0.005672875637859129,1000.0,1000.0
