ZL,error,N
0.0025705056248508393,0.002182300010289114,988.0
