ZL,error,N
0.010023964759703102,0.0022026404372236137,998.0
