ZL,error,N
0.005716022163921692,0.002415174889688992,971.0
