ZL,error,N
0.005494557143077382,0.002099730686098696,997.0
