O^z,error,N,total_data
-0.07107190166485788,0.0005046531432840435,1000.0,32000.0
