O^z,error,N,total_data
-0.008843919394812556,0.00036918284224254184,500.0,16000.0
