ZL,error,N
0.2599363892513812,0.0013809679913848022,1000.0
