ZL,error,N
0.3247311038077402,0.0024617049525162958,1000.0
