ZL,error,N
0.2961425571638856,0.002136048832318959,1000.0
