ZL,error,N
-0.23125773040252462,0.0094585974494568,1000.0
