ZL,error,N
-0.2879706898477045,0.006029574565775331,1000.0
