ZL,error,N
-0.15759346571718275,0.012614308399515939,1000.0
