ZL,error,N
-0.1816292397958793,0.011249082598639697,1000.0
