O^z,error,N,total_data
-0.12101515107419306,0.005129931278871319,1000.0,1000.0
