O^z,error,N,total_data
-0.09040759108517767,0.005424799794801959,996.0,996.0
