O^z,error,N,total_data
-0.026636012522764173,0.0008190048190665982,993.0,15888.0
