O^z,error,N,total_data
-0.00951523532882556,0.0004846922015785124,972.0,23328.0
