ZL,error,N
0.006535481261259734,0.0009431043570300152,7000.0
