ZL,error,N
0.04146701001525718,0.0029405453392365643,1000.0
