O^z,error,N,total_data
-7.5846143915631655e-06,0.00034530809093077724,1.0,24.0
