O^z,error,N,total_data
-0.00024975519558110345,0.0001761949290567512,1.0,16.0
