O^z,error,N,total_data
-0.00010469149886414917,0.0001167271114639898,1.0,32.0
