O^z,error,N,total_data
-0.01383622411216595,0.00045087944816754236,995.0,23880.0
