O^z,error,N,total_data
-0.10027572866821177,0.005443493331966309,999.0,999.0
