O^z,error,N,total_data
-0.03300251757045881,0.0007675633209819225,997.0,15952.0
