O^z,error,N,total_data
-0.006017240343480529,0.00031242368597662125,990.0,31680.0
