ZL,error,N
0.5547235916650864,0.005921197446730889,1000.0
