ZL,error,N
-0.1111281880709699,0.0008160137569215782,1000.0
