ZL,error,N
-0.013314835592943998,0.0022257110471051644,1000.0
