ZL,error,N
0.11314391762007674,0.0027626637102547854,1000.0
