O^z,error,N,total_data
-0.06385167943149458,0.0004787065360244871,1000.0,32000.0
