O^z,error,N,total_data
-0.0912417400557778,0.0006646309213039383,1000.0,24000.0
