O^z,error,N,total_data
-0.2729956317617356,0.005279018764135845,1000.0,1000.0
