O^z,error,N,total_data
-0.14587742453952676,0.000995877101627203,1000.0,16000.0
