O^z,error,N,total_data
-0.05415259548326467,0.00048731826573957036,1000.0,32000.0
