ZL,error,N
0.002180546484510077,0.0009958831019322896,7000.0
