ZL,error,N
0.029075431588106774,0.002915431176417927,1000.0
