Dimerization,O^z,error
0,0.346635333390359,0.0004078247155289049
