Dimerization,O^z,error
0,0.34140225201047625,0.0010116643679931308
