O^z,error,N,total_data
0.1069252558856075,0.0007769834853340239,1000.0,16000.0
