O^z,error,N,total_data
0.05954658233150858,0.00045380363000378337,1000.0,32000.0
