O^z,error,N,total_data
0.16407427061173602,0.0033825990991364083,1000.0,1000.0
