O^z,error,N,total_data
0.07708686486338283,0.0005722688685031574,1000.0,24000.0
