ZL,error,N
0.040831447697615396,0.0028822105749530115,1000.0
