ZL,error,N
0.0034136342395948496,0.0034019664221122533,500.0
