O^z,error,N,total_data
3.466990703094403e-16,2.416412912057179e-15,500.0,16000.0
