ZL,error,N
0.3364244712252412,0.011145032662447964,499.0
