O^z,error,N,total_data
-0.024138748676910803,0.00017121942055679963,5999.0,191968.0
