O^z,error,N,total_data
-0.005638270826073817,0.00012361590752789863,1994.0,127616.0
