O^z,error,N,total_data
-0.041771945573517356,0.0002448738668012288,5999.0,143976.0
