O^z,error,N,total_data
-0.07790589145398481,0.0004111581666269805,6000.0,96000.0
