O^z,error,N,total_data
-0.18216943727233664,0.005874313987700653,1000.0,1000.0
