O^z,error,N,total_data
-0.050577346985363335,0.000475611171586482,1000.0,24000.0
