O^z,error,N,total_data
-0.1415415067741121,0.0010980890798838977,1000.0,12000.0
