O^z,error,N,total_data
-0.22319756200383625,0.004645973695668013,1000.0,1000.0
