O^z,error,N,total_data
-0.06821952364286249,0.0006265679587642981,1000.0,20000.0
