O^z,error,N,total_data
-0.029917458311965215,0.00030633859166357053,1000.0,32000.0
