O^z,error,N,total_data
-0.09715390001473082,0.0008057237947487955,1000.0,16000.0
