ZL,error,N
0.1703713735815679,0.0027050462561194373,1000.0
