ZL,error,N
0.15589110157786173,0.01072532362592546,189.0
