ZL,error,N
0.1488942372432265,0.0038029564824968018,1000.0
