ZL,error,N
0.15940438784675612,0.0033572317499927506,1000.0
