ZL,error,N
0.1499656750161751,0.0036281939719436463,1000.0
