ZL,error,N
0.15940530439792552,0.0031534581680552356,1000.0
