ZL,error,N
0.003471924495872908,0.003171425817813827,500.0
