O^z,error,N,total_data
-0.0061465079970498175,0.00040299915784569693,942.0,22608.0
