O^z,error,N,total_data
-0.0027867646019067633,0.0003068210386852996,902.0,28864.0
