O^z,error,N,total_data
-0.06440567291056876,0.00495223541503716,993.0,993.0
