O^z,error,N,total_data
-0.015893153014701514,0.0007492458067758665,978.0,15648.0
