O^z,error,N,total_data
0.0683448515345466,0.00047539259710066664,1000.0,32000.0
