O^z,error,N,total_data
0.17111422056069228,0.0033719360859755187,1000.0,1000.0
