O^z,error,N,total_data
0.08515686643467546,0.0005965047491852356,1000.0,24000.0
