O^z,error,N,total_data
0.11529008320525294,0.0007919172166349924,1000.0,16000.0
