O^z,error,N,total_data
-0.1668021954283125,0.001145728526392607,1000.0,12000.0
