O^z,error,N,total_data
-0.04515804042559695,0.00039556711156751357,1000.0,32000.0
