O^z,error,N,total_data
-0.11950170284438058,0.0008701360980034813,1000.0,16000.0
