O^z,error,N,total_data
-0.09001287855153572,0.0006784956662633274,1000.0,20000.0
