O^z,error,N,total_data
-0.06951617463004858,0.0005430963014409091,1000.0,24000.0
