O^z,error,N,total_data
-0.2519531699583307,0.0046651152046222055,1000.0,1000.0
