O^z,error,N,total_data
-2.629896046381353e-13,3.6239420450572872e-12,500.0,16000.0
