O^z,error,N,total_data
-1.508384366150402e-10,1.2307925917015293e-10,999.0,15984.0
