O^z,error,N,total_data
0.17723796933152464,0.0033578805008066654,1000.0,1000.0
