O^z,error,N,total_data
0.0923519544901381,0.0006041333706724804,1000.0,24000.0
