O^z,error,N,total_data
0.12093121947937094,0.0007970518494269055,1000.0,16000.0
