O^z,error,N,total_data
0.0744440240526902,0.0004853004000217492,1000.0,32000.0
