O^z,error,N,total_data
0.15946297887737226,0.000820428313360311,1000.0,16000.0
