O^z,error,N,total_data
0.11907118547738292,0.0005698089189057552,1000.0,32000.0
