O^z,error,N,total_data
0.10317452177828525,0.0004524281175156761,1000.0,48000.0
