O^z,error,N,total_data
0.061810441883257274,0.000417217233705074,331.0,42368.0
