O^z,error,N,total_data
0.11906551826379412,0.0005683521818077933,1000.0,32000.0
