O^z,error,N,total_data
0.15752738849184178,0.000309689405047334,7000.0,112000.0
