O^z,error,N,total_data
0.20839468351169146,0.003239523064987749,1000.0,1000.0
