O^z,error,N,total_data
0.13599435437998417,0.0006616396408737848,1000.0,24000.0
