O^z,error,N,total_data
0.2086552522790354,0.001196941354908535,7000.0,7000.0
