O^z,error,N,total_data
0.13395199536469213,0.0002507643271007288,7000.0,168000.0
