O^z,error,N,total_data
0.08974087750223987,0.00040142236286378174,900.0,57600.0
