ZL,error,N
0.019386636162863527,0.004259139540463239,1000.0
