ZL,error,N
0.12240706477050871,0.005139814407896827,1000.0
