ZL,error,N
-0.06725318209173793,0.002135970086934318,1000.0
