ZL,error,N
0.2618621271064017,0.0031285721586322168,1000.0
