ZL,error,N
0.26541412899540506,0.004929346016265981,500.0
