ZL,error,N
0.2493720509855225,0.0025256797199717912,1000.0
