ZL,error,N
0.23170894831548108,0.0018772073876191684,1000.0
