ZL,error,N
0.0034267427147933738,0.0022437628237144025,996.0
