ZL,error,N
0.01452777797278175,0.0028947915593232334,990.0
