ZL,error,N
0.029897164791012495,0.0035705737111297224,941.0
