ZL,error,N
0.017364748810010263,0.0032595527668996243,966.0
