O^z,error,N,total_data
-0.1976006134560149,0.0005146433725457774,1000.0,24000.0
