O^z,error,N,total_data
-0.3904209389871248,0.0035785942006510444,1000.0,1000.0
