O^z,error,N,total_data
-0.25431286081998417,0.0007335182557236424,1000.0,16000.0
