ZL,error,N
0.040872335516885364,0.0029609134382563144,1000.0
