ZL,error,N
0.005927468172655458,0.0009904659264267923,7000.0
