ZL,error,N
-0.13105423122338758,0.010390082708417063,900.0
