ZL,error,N
-0.05426855104142506,0.015525615928987902,348.0
