ZL,error,N
-0.25186233969159333,0.0027018456603856546,7000.0
