ZL,error,N
-0.18483273844561202,0.009378724860674535,1000.0
