ZL,error,N
-0.20898187011780017,0.0034616934195811494,7000.0
