ZL,error,N
-0.225004136930983,0.0032838411324175214,7000.0
