ZL,error,N
-0.15584891041030835,0.009869133988773584,1000.0
