ZL,error,N
0.7944148030045791,0.016173941837864237,500.0
