ZL,error,N
0.7824424842370332,0.006673886933567034,1000.0
