ZL,error,N
0.6146429884421765,0.0050373728653453085,1000.0
