ZL,error,N
0.8124349725900156,0.006699247008844022,1000.0
