ZL,error,N
0.7400107072118484,0.00560084895863651,1000.0
