ZL,error,N
0.8141003543829199,0.012823165112703597,500.0
