ZL,error,N
0.0037568776681219536,0.0021975155707736125,972.0
