ZL,error,N
0.0021823714715999507,0.0025919241622413994,943.0
