ZL,error,N
0.0054420804944672035,0.002117540265279892,989.0
