ZL,error,N
0.007852274445707118,0.002128869435894555,996.0
