ZL,error,N
-0.33166822506461435,0.00849950252523221,1000.0
