ZL,error,N
-0.3634071043310485,0.030185338569360738,100.0
