ZL,error,N
-0.3219282665206232,0.00996488192020666,1000.0
