ZL,error,N
-0.3244107137893556,0.006728504051369744,1000.0
