ZL,error,N
-0.3447596802066837,0.009237462772548336,1000.0
