O^z,error,N,total_data
0.01263276939679871,0.00017635466120253376,349.0,44588.0
