O^z,error,N,total_data
0.06153949435760956,0.0004459678648878618,1000.0,32000.0
