O^z,error,N,total_data
0.07881759021291453,0.00021432716823574597,7000.0,168000.0
