O^z,error,N,total_data
0.031209699442808284,0.0002504329280814206,900.0,57600.0
