O^z,error,N,total_data
0.043070508086396765,0.000317229383836849,1000.0,48000.0
