O^z,error,N,total_data
0.10626967662738063,0.0002912265453150483,7000.0,112000.0
