O^z,error,N,total_data
0.16651415184538854,0.0012793355000427907,7000.0,7000.0
