ZL,error,N
-0.2591421276343408,0.009222904803049752,1000.0
