ZL,error,N
-0.2717871478460828,0.00874966223220448,1000.0
