ZL,error,N
-0.28554858666090166,0.007015099848476576,1000.0
