ZL,error,N
-0.2313846882683847,0.009878378139772463,1000.0
