ZL,error,N
0.013898531030606391,0.0040936722483507085,248.0
