O^z,error,N,total_data
-0.11778823570111943,0.005250665786260062,1000.0,1000.0
