ZL,error,N
-0.30072255721842495,0.008411418188348594,1000.0
