ZL,error,N
-0.27845860107125414,0.009795192819265337,1000.0
