ZL,error,N
-0.3020709758688533,0.006824491606832663,1000.0
