ZL,error,N
-0.2940560589743276,0.00908839770915464,1000.0
