ZL,error,N
-0.2741242640357569,0.032705620467445067,100.0
