O^z,error,N,total_data
0.10444023809194442,0.000633292894553355,1000.0,24000.0
