O^z,error,N,total_data
0.1860418523833386,0.003359051625079752,1000.0,1000.0
