O^z,error,N,total_data
0.13200201418650054,0.0008101295329247329,1000.0,16000.0
