O^z,error,N,total_data
0.09005908526904663,0.001643942703038774,100.0,3200.0
