O^z,error,N,total_data
0.0850287202472019,0.0005107208645418425,1000.0,32000.0
