O^z,error,N,total_data
-0.02923807839789105,0.00023773192829022489,3000.0,96000.0
