O^z,error,N,total_data
0.050405878419033906,0.0004861005619836707,1000.0,24000.0
