O^z,error,N,total_data
0.13654939792992254,0.0033801721665271747,1000.0,1000.0
