O^z,error,N,total_data
0.03590425746945036,0.0003627770896306156,1000.0,32000.0
