O^z,error,N,total_data
0.07632226645965681,0.0007031917349615918,1000.0,16000.0
