O^z,error,N,total_data
-0.04569684482903434,0.00043479751428694734,1000.0,32000.0
