O^z,error,N,total_data
1.1478596074764979e-05,5.550087406589424e-06,250.0,4000.0
