O^z,error,N,total_data
3.2834225527638926e-10,1.2422384281255112e-10,250.0,6000.0
