O^z,error,N,total_data
-5.763599472379093e-09,3.594976592186352e-09,1000.0,32000.0
