O^z,error,N,total_data
0.0001533739308059233,6.567829204084132e-05,250.0,250.0
