O^z,error,N,total_data
-0.2929947920654428,0.00044198649759335016,1000.0,24000.0
