O^z,error,N,total_data
-0.42757099151865224,0.001716220864728135,1000.0,1000.0
