O^z,error,N,total_data
-0.32522247907008106,0.0004946755242168013,1000.0,16000.0
