O^z,error,N,total_data
0.17271999193720225,0.003420138452617398,1000.0,1000.0
