O^z,error,N,total_data
0.08709414242534652,0.0005966089305878822,1000.0,24000.0
