O^z,error,N,total_data
0.07353610300072798,0.001523524976637051,100.0,3200.0
