O^z,error,N,total_data
0.06947001195994695,0.00048144455042336686,1000.0,32000.0
