O^z,error,N,total_data
0.1173506893354676,0.000794376254523084,1000.0,16000.0
