O^z,error,N,total_data
0.1784572370555292,0.003334930290807579,1000.0,1000.0
