O^z,error,N,total_data
0.0758025475189817,0.0004958358353861787,1000.0,32000.0
