O^z,error,N,total_data
0.12427673579730499,0.0007956124575881293,1000.0,16000.0
