O^z,error,N,total_data
0.09417973195481211,0.0006089241685457275,1000.0,24000.0
