O^z,error,N,total_data
0.1152775467446055,0.000793197612581071,1000.0,16000.0
