O^z,error,N,total_data
0.08436633112493307,0.0006015315397744992,1000.0,24000.0
