O^z,error,N,total_data
0.06773001471153886,0.00047507452972471724,1000.0,32000.0
