O^z,error,N,total_data
0.1717091665010522,0.003404990176751158,1000.0,1000.0
