ZL,error,N
0.27512302706162334,0.004754032167563055,500.0
