ZL,error,N
0.23392141704002817,0.0018095756640634183,1000.0
