ZL,error,N
0.2531532699717594,0.002471821996515333,1000.0
