ZL,error,N
0.2663222943031485,0.002943172048915263,1000.0
