O^z,error,N,total_data
-0.44302105349145027,0.002274582906049186,1000.0,1000.0
