O^z,error,N,total_data
-0.2965176243382819,0.0005633876865887662,1000.0,16000.0
