O^z,error,N,total_data
-0.2276887590233316,0.0004361529737672736,1000.0,24000.0
