ZL,error,N
-0.11626254559033758,0.003814835766067167,1000.0
