ZL,error,N
0.010936039117707222,0.003381163944764325,1000.0
