ZL,error,N
-0.06429491323133942,0.003610432855832262,1000.0
