ZL,error,N
-0.10379702014495223,0.003657742338911204,1000.0
