ZL,error,N
0.02836454683151411,0.003885118699386865,1000.0
