ZL,error,N
-0.012667769512372544,0.003979579867792071,1000.0
