ZL,error,N
0.004503430312094746,0.004031125973850946,1000.0
