ZL,error,N
0.07727350369144191,0.0034679234074287894,1000.0
