O^z,error,N,total_data
-0.06313721949584242,0.0006769162555143074,1000.0,16000.0
