O^z,error,N,total_data
-0.025929114747690735,0.00033297277383990335,1000.0,24000.0
