O^z,error,N,total_data
-0.1751122434901526,0.004316959211016373,1000.0,1000.0
