ZL,error,N
0.012178987497926643,0.004953457532311484,1000.0
