ZL,error,N
-0.05281557937880882,0.0034711346565645257,1000.0
