ZL,error,N
-0.04721602666160331,0.0027539026455393107,1000.0
