ZL,error,N
-0.02701210628834397,0.0042752725616952755,1000.0
