ZL,error,N
0.0023804281226172002,0.003593138261180892,500.0
