ZL,error,N
0.2865069461022483,0.010298248911182006,1000.0
