O^z,error,N,total_data
0.35854519988625283,0.004686159744714849,1.0,16.0
