O^z,error,N,total_data
0.3435020041017915,0.004203502448178335,1.0,32.0
