O^z,error,N,total_data
0.34921562627108926,0.004082466109218363,1.0,24.0
