O^z,error,N,total_data
0.3435020041017853,0.0042035024481778685,1.0,32.0
