O^z,error,N,total_data
0.3585451998862302,0.004686159744713981,1.0,16.0
