O^z,error,N,total_data
0.07569583769562632,0.0004901537856439897,1000.0,32000.0
