O^z,error,N,total_data
0.1787862205859022,0.0033517501838373244,1000.0,1000.0
