O^z,error,N,total_data
0.12299775002922174,0.000804348575164424,1000.0,16000.0
