O^z,error,N,total_data
0.09503504689453207,0.0006101674429229939,1000.0,24000.0
