O^z,error,N,total_data
8.3979457317148e-05,0.0003924565700659852,1.0,24.0
