O^z,error,N,total_data
-0.0004923823041142042,0.0003599902112473291,1.0,16.0
