O^z,error,N,total_data
3.6960946250759394e-05,0.00025090178860630086,1.0,32.0
