O^z,error,N,total_data
-0.011070227539015485,0.00035234597022809627,996.0,31872.0
