O^z,error,N,total_data
-0.129581591804138,0.00575264496127903,1000.0,1000.0
