O^z,error,N,total_data
-0.019334891000964544,0.0004970072933902469,1000.0,24000.0
