O^z,error,N,total_data
-0.04698275677133822,0.0008576920665345843,1000.0,16000.0
