O^z,error,N,total_data
-0.010774171118973897,0.0004949037120228645,499.0,15968.0
