ZL,error,N
0.9022252483826797,1.2576722231550463e-11,1000.0
