ZL,error,N
-0.19799245038648633,0.0030911568170155185,1000.0
