ZL,error,N
-0.05388662637494436,0.0026891751091401334,1000.0
