ZL,error,N
-0.15389931272396465,0.0026798872424275053,1000.0
