O^z,error,N,total_data
1.013163417505607e-06,8.553873542062543e-07,1000.0,32000.0
