O^z,error,N,total_data
-1.5784019436473034e-08,7.792329477569342e-09,500.0,32000.0
