O^z,error,N,total_data
2.3290052637552607e-05,7.106644025080258e-06,1000.0,16000.0
