O^z,error,N,total_data
3.0831024600926355e-06,1.696400965030483e-06,1000.0,24000.0
