O^z,error,N,total_data
1.2738434550562695e-07,5.598920619116973e-08,500.0,24000.0
