O^z,error,N,total_data
0.002555539426836158,0.00011443714268229071,1000.0,1000.0
