O^z,error,N,total_data
-0.09458330570203095,0.0006364476820665143,1000.0,24000.0
