O^z,error,N,total_data
-0.06530564571139555,0.0004533768898969933,1000.0,32000.0
