O^z,error,N,total_data
-0.2774258946834624,0.004978207377457617,1000.0,1000.0
