O^z,error,N,total_data
-0.14539174279934003,0.0009529935001162173,1000.0,16000.0
