O^z,error,N,total_data
-0.019886684646270372,0.0002974112448158165,1000.0,24000.0
