O^z,error,N,total_data
-0.05248230963308979,0.000616179790382482,1000.0,16000.0
