O^z,error,N,total_data
-0.15802364270328895,0.004080693850934998,1000.0,1000.0
