ZL,error,N
-0.15741541184271507,0.0025132765510317728,1000.0
