ZL,error,N
-0.13736887649277404,0.003980125887865384,1000.0
