ZL,error,N
-0.10415276147617272,0.0016979645162535292,1000.0
