ZL,error,N
-0.010859762780157765,0.0059762413202636986,1000.0
