ZL,error,N
-0.054807090852660625,0.005434355340798546,1000.0
