ZL,error,N
0.1089045192575436,0.006472864321169003,1000.0
