ZL,error,N
-0.11062142358175926,0.004573618562442479,1000.0
