ZL,error,N
-0.14990037709269788,0.00326336331542721,1000.0
