ZL,error,N
-0.14509986660322682,0.0018463429195769766,1000.0
