ZL,error,N
-0.13686588434884198,0.003987802381168069,1000.0
