ZL,error,N
-0.08908564843033381,0.005086193993632271,1000.0
