ZL,error,N
-0.02537788489026075,0.005673157406589332,1000.0
