ZL,error,N
-0.08271554793805126,0.007126318334284842,500.0
