ZL,error,N
0.11346175746990733,0.008963784964366136,500.0
