ZL,error,N
0.02033968039918386,0.006060698284672453,1000.0
