ZL,error,N
-0.10415276147614196,0.0016979645162523015,1000.0
