ZL,error,N
0.022105592841710254,0.006467630572547643,873.0
