ZL,error,N
-0.1575284234012463,0.002515430278155931,1000.0
