ZL,error,N
0.3716132407251855,0.012922667595698979,200.0
