O^z,error,N,total_data
0.06301041840667103,0.00048238528123023636,1000.0,32000.0
