O^z,error,N,total_data
0.17421412096985822,0.003111237056101807,1000.0,1000.0
