O^z,error,N,total_data
0.08068962619298238,0.0005960270449710148,1000.0,24000.0
