O^z,error,N,total_data
0.11329282039710571,0.0007878988147065726,1000.0,16000.0
