O^z,error,N,total_data
-0.31939436323080034,0.0005589623991722467,1000.0,16000.0
