O^z,error,N,total_data
-0.2713784601640564,0.00043100220475254233,1000.0,24000.0
