O^z,error,N,total_data
-0.4468879656407859,0.00222258934663871,1000.0,1000.0
