ZL,error,N
0.15362941431383847,0.002857822023007486,1000.0
