ZL,error,N
0.10865369083838688,0.004170976049813595,1000.0
