ZL,error,N
0.12060799414521395,0.0037203364430440085,1000.0
