ZL,error,N
0.1298586310717769,0.0035554865252284814,1000.0
