ZL,error,N
0.06111925741424488,0.004684844682549373,983.0
