ZL,error,N
0.004648515200373147,0.002548524250463658,998.0
