ZL,error,N
0.027410607682931614,0.003802025010005501,996.0
