ZL,error,N
0.07151841760887283,0.005091507080225712,970.0
