ZL,error,N
-0.029399898226034785,0.006180073035064901,500.0
