ZL,error,N
-0.21243776660232402,0.0055965856557519565,1000.0
