ZL,error,N
0.05150861166687934,0.0036844823804883012,1000.0
