ZL,error,N
-0.09435554251369273,0.006820601790017412,500.0
