ZL,error,N
-0.1507371522025844,0.007309044115365455,500.0
