ZL,error,N
-0.18651200445143015,0.00540485701881196,1000.0
