ZL,error,N
-0.05744160995287849,0.004732997984872409,1000.0
