ZL,error,N
0.01114490774165287,0.004243906521154336,1000.0
