ZL,error,N
-0.09461582284214069,0.0048524316039638676,1000.0
