ZL,error,N
-0.19745423860275288,0.008375193173354445,436.0
