ZL,error,N
-0.11676056830412138,0.007506453685397792,500.0
