ZL,error,N
-0.17263265184935758,0.005268478325854866,1000.0
