ZL,error,N
-0.17377160745408105,0.007536847496138144,500.0
