ZL,error,N
-0.1514114773453494,0.0050477787253828624,1000.0
