ZL,error,N
-0.11893085118184529,0.005187607863055479,1000.0
