ZL,error,N
-0.21447157319349622,0.00931386035951579,402.0
