ZL,error,N
0.05036206904958775,0.005271328431359452,500.0
