ZL,error,N
-0.028251097090235412,0.004371663297546128,1000.0
