ZL,error,N
0.09448126940377503,0.003076203551431231,1000.0
