O^z,error,N,total_data
0.09740794568253243,0.000546923125768077,1000.0,32000.0
