O^z,error,N,total_data
0.1407446641424622,0.0008180909685844186,1000.0,16000.0
