O^z,error,N,total_data
0.11275620754720612,0.0006603760858305876,1000.0,24000.0
