O^z,error,N,total_data
0.19236781838778044,0.00332529993162747,1000.0,1000.0
