O^z,error,N,total_data
0.10437518918455388,0.0017901027679440105,100.0,3200.0
