O^z,error,N,total_data
-2.756520319369456e-06,7.959024818929519e-06,500.0,24000.0
