O^z,error,N,total_data
4.271262131042716e-06,9.629374368004044e-06,500.0,32000.0
