O^z,error,N,total_data
-2.6900377615568443e-05,1.3436995270479902e-05,1000.0,32000.0
