O^z,error,N,total_data
0.011619552156023569,0.0010707366411556998,1000.0,1000.0
