O^z,error,N,total_data
0.00017520017332007997,3.363175055883816e-05,1000.0,24000.0
