O^z,error,N,total_data
0.0011962730445029752,7.008780095345097e-05,1000.0,16000.0
