ZL,error,N
0.006532170162473315,0.004161095076651908,1000.0
