ZL,error,N
-0.017129443643774358,0.004287023415662025,1000.0
