ZL,error,N
0.08234067416953687,0.0035006122007528676,1000.0
