ZL,error,N
0.02955642440292898,0.003950127304551111,1000.0
