ZL,error,N
0.004098020589421983,0.003570485187605836,500.0
