ZL,error,N
0.029598453884497153,0.0028798565761815596,1000.0
