ZL,error,N
-0.36661504082696744,0.00980066762100857,1000.0
