ZL,error,N
-0.3648133455357145,0.00935140009774784,1000.0
