ZL,error,N
-0.35525401441088866,0.008473649961972234,1000.0
