ZL,error,N
-0.33850142077626755,0.006612943709696029,1000.0
