O^z,error,N,total_data
-1.7191746314582834e-07,7.909555250147993e-07,1000.0,32000.0
