ZL,error,N
-0.02996496334948813,0.004575413860402002,1000.0
