ZL,error,N
-0.052517489181191424,0.004093651644642115,1000.0
