ZL,error,N
-0.06914880609430689,0.0024294028300580386,1000.0
