ZL,error,N
-0.08384441532430764,0.0027174933870195367,1000.0
