ZL,error,N
0.026807897575056763,0.0054254049761925105,1000.0
