ZL,error,N
-0.07340408092633188,0.0035150864542737898,1000.0
