ZL,error,N
-0.004888331253139301,0.005449261279391174,865.0
