ZL,error,N
-0.07179167469101569,0.0019448221558810235,1000.0
