ZL,error,N
0.05023445592198728,0.004106963086798597,1000.0
