ZL,error,N
0.1782164334784071,0.004536636309053663,1000.0
