ZL,error,N
0.28229504555521917,0.004705501655364125,1000.0
