ZL,error,N
0.8180329533122844,0.004266962957728197,1000.0
