O^z,error,N,total_data
0.15237284158024986,0.0008206057016976118,1000.0,16000.0
