O^z,error,N,total_data
0.20305210507644492,0.0032930938075060754,1000.0,1000.0
