O^z,error,N,total_data
0.1086802815074991,0.0005631383646065898,1000.0,32000.0
