O^z,error,N,total_data
0.12574507965710954,0.0006606439269719937,1000.0,24000.0
