ZL,error,N
0.003299746967748611,0.004297756297170843,1000.0
