ZL,error,N
-0.0706857979983479,0.004562903560723589,1000.0
