ZL,error,N
-0.03407184346037275,0.00450389800678871,1000.0
