ZL,error,N
0.0714132575105416,0.0035745202664130213,1000.0
