O^z,error,N,total_data
0.0006056550281688413,3.69224215870742e-05,1000.0,32000.0
