O^z,error,N,total_data
-0.0660321986243739,0.0004924895502188357,1000.0,32000.0
