O^z,error,N,total_data
-0.4409765411027617,0.0024827164149112003,1000.0,1000.0
