O^z,error,N,total_data
-0.2815390465539771,0.0005690494342190219,1000.0,16000.0
