O^z,error,N,total_data
-0.21355866014261582,0.0003775554116642178,1000.0,24000.0
