ZL,error,N
0.21100563572130304,0.0029903629556686314,1000.0
