ZL,error,N
0.20933879381065917,0.0021621917626999097,1000.0
