ZL,error,N
0.21410706246595282,0.0035251548338789324,1000.0
