O^z,error,N,total_data
0.08047297773768311,0.0005095712793264197,1000.0,32000.0
