O^z,error,N,total_data
0.09962671672062916,0.000619929599024657,1000.0,24000.0
