O^z,error,N,total_data
0.1820801632850067,0.0033772841957942215,1000.0,1000.0
