O^z,error,N,total_data
0.126701738624242,0.0008048308113639283,1000.0,16000.0
