ZL,error,N
-0.3554846128363754,0.009859992502184257,1000.0
