ZL,error,N
-0.3498488768833304,0.008417805766742021,1000.0
