ZL,error,N
-0.360724838690311,0.009295941142941135,1000.0
