ZL,error,N
-0.33481094765251235,0.006619778523861323,1000.0
