O^z,error,N,total_data
0.0007987147616191037,8.871962817485556e-05,1000.0,1000.0
