O^z,error,N,total_data
-7.136808051476968e-11,4.315886601786858e-11,500.0,24000.0
