O^z,error,N,total_data
1.0801205226837501e-05,3.181425861222763e-06,1000.0,16000.0
