O^z,error,N,total_data
-5.003986543970585e-09,3.3283768418591e-09,500.0,32000.0
