O^z,error,N,total_data
1.14203340991934e-05,5.6018592375816185e-06,1000.0,24000.0
