O^z,error,N,total_data
-2.0447173485686093e-07,1.0649629277796874e-07,1000.0,32000.0
