ZL,error,N
0.07055857822769407,0.004948845782506325,1000.0
