ZL,error,N
0.1588702865160291,0.0055685426273362855,1000.0
