ZL,error,N
-0.08286588430679426,0.0019262211781910475,1000.0
