ZL,error,N
-0.02311258521651496,0.0039457454957106865,1000.0
