O^z,error,N,total_data
-0.23243944165245817,0.0004891779731908007,1000.0,28000.0
