O^z,error,N,total_data
-0.21019775562905646,0.0004263529140608454,1000.0,40000.0
