O^z,error,N,total_data
-0.2464114940059284,0.0005424830654778844,1000.0,24000.0
