O^z,error,N,total_data
-0.2880746084360591,0.000661375806713235,1000.0,16000.0
