O^z,error,N,total_data
-0.32866695631343845,0.0007825046685701869,1000.0,12000.0
