O^z,error,N,total_data
-0.2249841308152912,0.0004632307132991652,1000.0,32000.0
