O^z,error,N,total_data
-0.187452065680874,0.0003453662632900885,1000.0,64000.0
