O^z,error,N,total_data
-0.21719444977867028,0.00044171645422969437,1000.0,36000.0
