O^z,error,N,total_data
-0.20571209255912046,0.0003974181168394486,1000.0,44000.0
