O^z,error,N,total_data
-0.40604899906513414,0.0027665389842346324,1000.0,1000.0
