O^z,error,N,total_data
-0.1829193484582178,0.00048434323806165175,500.0,32000.0
