O^z,error,N,total_data
-0.19961472121238102,0.00039684878432792725,985.0,47280.0
