O^z,error,N,total_data
-0.17718310388943756,0.0005341787027836389,200.0,25600.0
