O^z,error,N,total_data
-0.26402741792501205,0.0005838869245599258,1000.0,20000.0
