O^z,error,N,total_data
-0.1994660226447089,0.0003946372951395501,1000.0,48000.0
