ZL,error,N
0.03358729062038323,0.005442190575145609,499.0
