ZL,error,N
-0.27457642149546313,0.03232180802437151,100.0
