ZL,error,N
-0.25317628081122434,0.010075334154970337,1000.0
