ZL,error,N
-0.29682590883615495,0.006948881927599468,1000.0
