ZL,error,N
-0.28587590377316896,0.008728373532781731,1000.0
