ZL,error,N
-0.27558938344996065,0.00960419394505535,1000.0
