O^z,error,N,total_data
6.585723575753365e-11,4.481560860965982e-11,1000.0,32000.0
