ZL,error,N
0.016435196346663673,0.004352647622110603,500.0
