ZL,error,N
-0.23202721813683438,0.010335945358537716,1000.0
