ZL,error,N
-0.2860777123824622,0.007110418670633506,1000.0
