ZL,error,N
-0.2452379079574386,0.032875497162359164,100.0
