ZL,error,N
-0.27311446040179754,0.008873842838524087,1000.0
