ZL,error,N
-0.2588435706746926,0.009805606933281941,1000.0
