O^z,error,N,total_data
-0.0781984274821286,0.00046847093236201135,1000.0,32000.0
