O^z,error,N,total_data
-0.16131753617098976,0.0009187013148872606,1000.0,16000.0
