O^z,error,N,total_data
-0.21050504923927116,0.00116948273022205,1000.0,12000.0
