O^z,error,N,total_data
-0.10752600122560095,0.0006304198339178196,1000.0,24000.0
