O^z,error,N,total_data
-0.12919060682738723,0.0007611940977355859,1000.0,20000.0
