O^z,error,N,total_data
-0.29228944059228107,0.00454983760986333,1000.0,1000.0
