ZL,error,N
0.04353233681763558,0.003431639281798102,1000.0
