ZL,error,N
-0.03993324739707533,0.004023806185222943,1000.0
