ZL,error,N
-0.13007461353097127,0.004293981921730557,1000.0
