ZL,error,N
-0.09094318791952828,0.004157191219331443,1000.0
