ZL,error,N
0.8684089264714875,0.0001202099474083708,1000.0
