ZL,error,N
0.13905138880646678,0.0036325930736534474,1000.0
