ZL,error,N
0.16372950392751082,0.0027217675604280225,1000.0
