ZL,error,N
0.12341867522665656,0.011504644377184525,153.0
