ZL,error,N
0.13813113432297922,0.003589750278687673,1000.0
