ZL,error,N
0.14539984806290654,0.003380543678740451,1000.0
