ZL,error,N
0.15199562167644012,0.003202617919632263,1000.0
