O^z,error,N,total_data
-0.1318043938700227,0.0008778060482419679,1000.0,16000.0
