O^z,error,N,total_data
-0.2654083857256877,0.004546629575554443,1000.0,1000.0
