O^z,error,N,total_data
-0.07955137566829495,0.0005711766809865576,1000.0,24000.0
