O^z,error,N,total_data
-0.05257390133093873,0.0004109239502302662,1000.0,32000.0
