O^z,error,N,total_data
-0.025363885755930123,0.00014078477163514673,7000.0,224000.0
