O^z,error,N,total_data
-0.22140234564978573,0.0007163824366099566,1000.0,16000.0
