O^z,error,N,total_data
-0.3530156583259353,0.002780361693392888,1000.0,1000.0
