O^z,error,N,total_data
-0.1611038959433249,0.0005717818529553648,1000.0,24000.0
