O^z,error,N,total_data
-0.1495284941342568,0.005538823538695093,1000.0,1000.0
