ZL,error,N
0.8434268465772027,0.0002110990154529304,1000.0
