ZL,error,N
-0.012178805896982536,0.0027115057065613558,1000.0
