O^z,error,N,total_data
-0.02823719759188673,0.00032942555367026035,1000.0,24000.0
