O^z,error,N,total_data
-0.06602329681070974,0.0006176291376018505,1000.0,16000.0
