O^z,error,N,total_data
-0.1885648767709455,0.003909902777344506,1000.0,1000.0
