ZL,error,N
-0.8423142058544124,0.00033084175033172743,1000.0
