ZL,error,N
-0.7906406827007305,0.00046655705808304075,1000.0
