ZL,error,N
-0.6535700840015091,0.0006719202932337342,1000.0
