ZL,error,N
-0.8718817353915339,0.0002962002865483254,1000.0
