ZL,error,N
-0.1538520348921478,0.013447999594956933,1000.0
