ZL,error,N
-0.19510699782238164,0.012425378324499579,1000.0
