ZL,error,N
-0.2327625020254523,0.01112581069022975,1000.0
