ZL,error,N
-0.2831250348755346,0.007783496620164804,1000.0
