ZL,error,N
0.10024728926194083,0.003797865636760418,1000.0
