ZL,error,N
0.08155645897630504,0.004187236968375743,1000.0
