ZL,error,N
0.06086474858830062,0.004380738509946134,1000.0
