ZL,error,N
0.13245928314766695,0.0031240574136856877,1000.0
