O^z,error,N,total_data
0.08081000867895304,0.000506573055008308,1000.0,32000.0
