O^z,error,N,total_data
0.18209471035417535,0.0033091246518733033,1000.0,1000.0
