O^z,error,N,total_data
0.10070515236457099,0.0006199080750913891,1000.0,24000.0
