O^z,error,N,total_data
0.1285394720141465,0.0007992229221439622,1000.0,16000.0
