ZL,error,N
0.009522912764941943,0.0026637465549709067,956.0
