ZL,error,N
0.007216669780557749,0.0029228927450803805,903.0
