ZL,error,N
0.008339874896525093,0.0024329474068439695,982.0
