ZL,error,N
0.004981751264486315,0.0020428509408029543,992.0
