ZL,error,N
0.05250021743870323,0.0029885893226578664,1000.0
