ZL,error,N
0.010404752491970615,0.0009365006622222246,6999.0
