ZL,error,N
0.026763702633874047,0.0035716887678638154,951.0
