ZL,error,N
0.03908553684945848,0.0043196313831506674,849.0
