ZL,error,N
0.0044246453876821325,0.0024612010248388364,985.0
