ZL,error,N
0.03178280295727461,0.00484802486825659,792.0
