ZL,error,N
-0.1069110601016639,0.004488984744290413,1000.0
