ZL,error,N
-0.05129731482099488,0.0028278524044604274,1000.0
