ZL,error,N
-0.12332264479853144,0.003692776698712318,1000.0
