ZL,error,N
-0.11459681504985156,0.0030078214324241108,1000.0
