ZL,error,N
-0.10063493591993607,0.011897246923189697,1000.0
