O^z,error,N,total_data
-0.0040519265608656,0.0005154761158321484,849.0,20376.0
