O^z,error,N,total_data
-0.01092053669966771,0.0007017110435696114,951.0,15216.0
