O^z,error,N,total_data
-0.042761347530400506,0.004618812860051937,985.0,985.0
