O^z,error,N,total_data
-0.001261516421157932,0.00041853884010669773,792.0,25344.0
