O^z,error,N,total_data
-0.0981155413385349,0.00039077013823806273,1000.0,24000.0
