O^z,error,N,total_data
-0.32520816202206115,0.0020249308632432107,1000.0,1000.0
