O^z,error,N,total_data
-0.17337329529703302,0.0005734650033748338,1000.0,16000.0
