O^z,error,N,total_data
-0.060305596290699016,0.004986143974742683,980.0,980.0
