O^z,error,N,total_data
-0.0005248827974657617,0.00042494030359111975,774.0,24768.0
