O^z,error,N,total_data
-0.010874257960527055,0.000705269859121986,945.0,15120.0
