O^z,error,N,total_data
-0.00374596530066679,0.0005627848931244871,864.0,20736.0
