O^z,error,N,total_data
0.27960270825639016,0.0023750529991505534,1000.0,1000.0
