O^z,error,N,total_data
0.26013761885534176,0.0006646595130651826,1000.0,16000.0
