O^z,error,N,total_data
0.24936155905679705,0.0005830756372301492,1000.0,24000.0
