O^z,error,N,total_data
0.24614108587877193,0.0005115289663628004,1000.0,32000.0
