O^z,error,N,total_data
-0.0035318897829802478,0.0003713829869077963,893.0,28576.0
