O^z,error,N,total_data
-0.07926510208760101,0.00520684144934667,992.0,992.0
