O^z,error,N,total_data
-0.007491022735228067,0.0004782134154165542,953.0,22872.0
