O^z,error,N,total_data
-0.019727164210254552,0.000820794535466463,985.0,15760.0
