ZL,error,N
-0.35089493578593944,0.006750046717600674,1000.0
