ZL,error,N
-0.3737637832134557,0.010254703020420999,1000.0
