ZL,error,N
-0.3646568743727693,0.009078219646372131,1000.0
