ZL,error,N
-0.36917676587782233,0.00968888823420675,1000.0
