ZL,error,N
-0.34029027431084746,0.006563891130592024,1000.0
