ZL,error,N
-0.3709406563915213,0.008886601205120486,1000.0
