ZL,error,N
-0.3653948740215253,0.03237365096966047,100.0
