ZL,error,N
-0.35838403899809845,0.008128346073049105,1000.0
