O^z,error,N,total_data
0.17928200448886766,0.0006095180606541429,1000.0,32000.0
