O^z,error,N,total_data
0.19155313727889467,0.0006776891500485468,1000.0,24000.0
