O^z,error,N,total_data
0.20838484940946292,0.0007930934130887842,1000.0,16000.0
