O^z,error,N,total_data
0.24544904837456408,0.0027871853341455296,1000.0,1000.0
