ZL,error,N
0.0023682705287589602,0.0021249396826496215,994.0
