ZL,error,N
0.013355756276385192,0.00320222979946678,930.0
