ZL,error,N
0.011403973600787891,0.002855248495545803,973.0
