ZL,error,N
0.004915551003374749,0.002518590304819769,990.0
