ZL,error,N
0.004123571800868675,0.003997795200183268,1000.0
