ZL,error,N
-0.046703917478843435,0.004179959761480672,1000.0
