ZL,error,N
0.05846747362685057,0.003560840705225895,1000.0
