ZL,error,N
-0.029306784744553796,0.0041617581871240695,1000.0
