ZL,error,N
0.007694619156742216,0.003935472846407163,500.0
