O^z,error,N,total_data
-0.2701309717899621,0.0005884273127218732,1000.0,16000.0
