O^z,error,N,total_data
-0.2030258198547433,0.0003960429321512775,1000.0,24000.0
