O^z,error,N,total_data
-0.41933416623787734,0.0028572594618788845,1000.0,1000.0
