O^z,error,N,total_data
0.00017595104410622,2.1551576554659813e-05,1000.0,32000.0
