O^z,error,N,total_data
-0.03743262800656862,0.00016820002263252579,6999.0,223968.0
