O^z,error,N,total_data
-0.21937274786070102,0.005794602718049763,1000.0,1000.0
