O^z,error,N,total_data
-0.23295940373199178,0.0004216173809451675,1000.0,24000.0
