O^z,error,N,total_data
-0.4360032446067859,0.0025373722988307618,1000.0,1000.0
