O^z,error,N,total_data
-0.2932995958342147,0.0005719871098423205,1000.0,16000.0
