O^z,error,N,total_data
-0.22166730142749705,0.003555488229959384,1000.0,1000.0
