O^z,error,N,total_data
-0.04011292369657015,0.0003501326178472297,1000.0,24000.0
