O^z,error,N,total_data
-0.08860840757630184,0.0006384458128140525,1000.0,16000.0
