ZL,error,N
0.007810640907316619,0.0026990339782079036,973.0
