ZL,error,N
0.014549211570918574,0.0031285712721589136,903.0
