ZL,error,N
0.015380762106920283,0.0033131103972444463,850.0
