ZL,error,N
0.006108032914034784,0.0020997611451219274,987.0
