ZL,error,N
-0.045805937185262977,0.002449930886484175,1000.0
