ZL,error,N
0.1237343415892154,0.0059534204960241515,1000.0
