ZL,error,N
0.0011207148485929757,0.0040580052683498345,1000.0
