ZL,error,N
0.06770930967776653,0.0051697007673326524,1000.0
