O^z,error,N,total_data
-0.0539779640163908,0.004837703413815768,991.0,991.0
