O^z,error,N,total_data
-0.0018289215629154088,0.0002946344581074924,898.0,28736.0
