O^z,error,N,total_data
-0.004764710618196608,0.00038726669539241405,931.0,22344.0
