O^z,error,N,total_data
-0.014529157460909008,0.0007508911634714272,979.0,15664.0
