ZL,error,N
0.7996334368580998,0.0013836660819900202,1000.0
