O^z,error,N,total_data
0.0005591513189341506,3.577951425171684e-05,1000.0,24000.0
