O^z,error,N,total_data
0.00016528266247400674,1.8670443749410887e-05,1000.0,32000.0
