O^z,error,N,total_data
0.0020951305340686233,9.619328100690556e-05,1000.0,16000.0
