O^z,error,N,total_data
0.01764168258225192,0.0011716357391180095,1000.0,1000.0
