O^z,error,N,total_data
-8.560994122095164e-06,9.938457500132754e-06,500.0,24000.0
