O^z,error,N,total_data
2.169274325411654e-07,1.991071859428556e-06,500.0,32000.0
