O^z,error,N,total_data
-0.19679940495044998,0.0005356253373707696,1000.0,24000.0
