O^z,error,N,total_data
-0.3834509507962634,0.0035581437431278255,1000.0,1000.0
