O^z,error,N,total_data
-0.2529348592206425,0.000743089699395794,1000.0,15992.0
