O^z,error,N,total_data
-0.16487316718507253,0.00042595598400531646,1000.0,32000.0
