ZL,error,N
0.15155569694058058,0.003477307953114858,953.0
