ZL,error,N
0.15744576408855263,0.0032059272952655133,1000.0
