ZL,error,N
0.17092230904975922,0.002664862713377573,1000.0
