ZL,error,N
-0.29204867022988273,0.003587466804735479,1000.0
