ZL,error,N
-0.313461742709171,0.004142208961982844,1000.0
