ZL,error,N
-0.2551439037517969,0.003110715362642731,1000.0
