ZL,error,N
-0.34062644702544514,0.0058220886950141534,1000.0
