ZL,error,N
-0.37923721427379786,0.019276083889584548,200.0
