ZL,error,N
-0.16211177143773958,0.002773453488269772,1000.0
