ZL,error,N
-0.2700159880802633,0.003435948989810316,1000.0
