ZL,error,N
-0.3345085194164118,0.008209601340494428,500.0
