ZL,error,N
-0.19967794024871652,0.002897930873863826,1000.0
