ZL,error,N
-0.10978899164494783,0.0028483408092387303,1000.0
