ZL,error,N
-0.3189727829070577,0.0047292168352504535,1000.0
