ZL,error,N
-0.04502519754136253,0.0026792434658117685,1000.0
