ZL,error,N
-0.23328844167428942,0.0028732424117892657,1000.0
