ZL,error,N
-0.2978893152603113,0.004185190022627965,1000.0
