ZL,error,N
-0.3186430949802726,0.004895749891791091,937.0
