ZL,error,N
0.011092996936705863,0.00411987608994329,500.0
