ZL,error,N
-0.0035458328391442208,0.0037630306025397187,1000.0
