ZL,error,N
0.7168884756753183,0.00684735149410366,1000.0
