O^z,error,N,total_data
0.2469287181880615,0.0005842334365107066,1000.0,24000.0
