O^z,error,N,total_data
0.25812693183371993,0.0006749880493655146,1000.0,16000.0
