O^z,error,N,total_data
0.27857830979291237,0.002336076600921685,1000.0,1000.0
