O^z,error,N,total_data
0.24247066886296634,0.0005255788592267349,1000.0,32000.0
