O^z,error,N,total_data
0.35626293761807737,0.0005670420146249933,1000.0,1000.0
