O^z,error,N,total_data
0.3402615736669802,0.0001746152103335537,1000.0,32000.0
