O^z,error,N,total_data
0.34307756509030835,0.00019592941987887552,1000.0,24000.0
