O^z,error,N,total_data
0.34900964963992054,0.00021033182342893917,1000.0,16000.0
