O^z,error,N,total_data
-0.005201523862377278,0.0003672169869001034,500.0,16000.0
