O^z,error,N,total_data
-0.016839297776506758,0.0007088586653223133,981.0,15696.0
