O^z,error,N,total_data
-0.00637961788876205,0.0004313996824944604,946.0,22704.0
