O^z,error,N,total_data
-0.002977734925050313,0.00032693578636803567,881.0,28192.0
