O^z,error,N,total_data
-0.06756376110368033,0.005008408292082261,992.0,992.0
