ZL,error,N
-0.25478380225003333,0.009642337797400357,1000.0
