ZL,error,N
-0.2705950567586018,0.008907420920712896,1000.0
