ZL,error,N
-0.225970721190875,0.010353328904449814,1000.0
