ZL,error,N
-0.28760494421980715,0.007094852063922415,1000.0
