ZL,error,N
-0.012125487659477697,0.00397235442270754,1000.0
