ZL,error,N
-0.0841077262686032,0.001774836822089897,1000.0
