ZL,error,N
0.08923970050865218,0.0049206672727831885,1000.0
