ZL,error,N
-0.028698627037281422,0.003938869115528749,1000.0
