ZL,error,N
0.05365270666585391,0.0049410955145622,1000.0
