ZL,error,N
-0.07582954681151383,0.002077825803418872,1000.0
