O^z,error,N,total_data
0.09623228609840243,0.0005379770528940958,1000.0,32000.0
