O^z,error,N,total_data
0.1140886179649373,0.0006445158488921893,1000.0,24000.0
