O^z,error,N,total_data
0.1936045456876708,0.003327998807668749,1000.0,1000.0
