O^z,error,N,total_data
0.10056106926593958,0.0017779655712754933,100.0,3200.0
