O^z,error,N,total_data
0.14157540051342377,0.0008022891264039021,1000.0,16000.0
