O^z,error,N,total_data
0.1376860648394806,0.0005872866005765745,1000.0,32000.0
