O^z,error,N,total_data
0.11829536529100948,0.0004747405892069939,1000.0,48000.0
