O^z,error,N,total_data
0.1487967564376307,0.0002547921569945687,7000.0,168000.0
