O^z,error,N,total_data
0.10658175985878118,0.000427816872795402,900.0,57600.0
