O^z,error,N,total_data
0.171001798935843,0.0003086106680023323,7000.0,112000.0
