O^z,error,N,total_data
0.08348099403736639,0.0004450000120879985,382.0,48896.0
