O^z,error,N,total_data
0.21767566804217803,0.0011664243709517202,7000.0,7000.0
