ZL,error,N
0.025082637797448577,0.0041079690143538935,500.0
