ZL,error,N
0.014011218054318035,0.002906340187603224,996.0
