ZL,error,N
0.019597999272501176,0.0033619682571464147,989.0
