ZL,error,N
0.0005201070319733114,0.0023419011067435025,998.0
