ZL,error,N
0.021527007654743243,0.003537045275398813,967.0
