O^z,error,N,total_data
0.1859124882864396,0.003314290138660716,1000.0,1000.0
