O^z,error,N,total_data
0.0867583659654269,0.0005206923569997974,1000.0,32000.0
