O^z,error,N,total_data
0.13326376652510094,0.0007995049340920169,1000.0,16000.0
