O^z,error,N,total_data
0.10387146862046394,0.0006306249156576001,1000.0,24000.0
