ZL,error,N
0.7930352887905779,0.005760563938216826,1000.0
