ZL,error,N
0.7422137046271591,0.004898583253902336,1000.0
