ZL,error,N
0.8209720078650565,0.006098758538497264,1000.0
