ZL,error,N
0.8493019922396181,0.011103927733331527,500.0
