ZL,error,N
0.6242854738330638,0.004239555395724281,1000.0
