ZL,error,N
0.7974874270423163,0.01464294073652641,500.0
