ZL,error,N
-0.8342615105735363,0.0013696744544284894,1000.0
