ZL,error,N
-0.7935465230081029,0.0018925282105905212,1000.0
