ZL,error,N
-0.5818503761479632,0.00278605596159743,1000.0
