ZL,error,N
-0.7224938910393901,0.0032747168983775048,565.0
