ZL,error,N
-0.5342110773396405,0.006732133083553277,1000.0
