ZL,error,N
-0.6194325919423072,0.00792796020725998,1000.0
