ZL,error,N
-0.44451866061649137,0.00545946718309196,1000.0
