ZL,error,N
-0.5811280014491499,0.007481769166568082,1000.0
