O^z,error,N,total_data
-0.12714562934856188,0.0006717166917381494,1000.0,24000.0
