O^z,error,N,total_data
-0.31303849121174243,0.004897609570777531,1000.0,1000.0
