O^z,error,N,total_data
-0.18403267329749196,0.0009726552301660197,1000.0,16000.0
