O^z,error,N,total_data
-0.09654631718272791,0.000511131249535717,1000.0,32000.0
