O^z,error,N,total_data
-0.01933425843178503,0.0005665713039516566,500.0,16000.0
