O^z,error,N,total_data
-0.1938335429773655,0.0006571989883386105,500.0,18000.0
