O^z,error,N,total_data
-0.27719366278036234,0.0006846323673867383,1000.0,16000.0
