O^z,error,N,total_data
-0.21605588592393735,0.0005243335895452175,1000.0,28000.0
