O^z,error,N,total_data
-0.23084870791700762,0.0005647063623310458,1000.0,24000.0
