O^z,error,N,total_data
-0.18307972025760666,0.0004210393089044319,1000.0,44000.0
