O^z,error,N,total_data
-0.20567655879980573,0.0004942392118207113,1000.0,32000.0
