O^z,error,N,total_data
-0.18605125259272098,0.00044697986292315255,1000.0,40000.0
