O^z,error,N,total_data
-0.2022611166026715,0.0007040879648684981,500.0,16000.0
