O^z,error,N,total_data
-0.31541903774045016,0.0011340783162953178,500.0,6000.0
