O^z,error,N,total_data
-0.18300348974735176,0.0006358322975363662,500.0,20000.0
