O^z,error,N,total_data
-0.2468574642004397,0.0008699710203500526,500.0,10000.0
