O^z,error,N,total_data
-0.2501589013870098,0.0006119850953521552,1000.0,20000.0
