O^z,error,N,total_data
-0.3941936937710294,0.002857862325945304,1000.0,1000.0
