O^z,error,N,total_data
-0.2131172063565747,0.0007476938305893639,500.0,14000.0
