O^z,error,N,total_data
-0.3182711636749059,0.0007958897911853268,1000.0,12000.0
