O^z,error,N,total_data
-0.17916830647781637,0.0004090963252925884,1000.0,48000.0
