O^z,error,N,total_data
-0.19673119766992975,0.00046758380801242524,1000.0,36000.0
