O^z,error,N,total_data
-0.17700257439422248,0.0006212889370843216,461.0,20284.0
