ZL,error,N
-0.2622385515078733,0.0027703906589932005,1000.0
