ZL,error,N
-0.05054320985320841,0.0025225742323995294,1000.0
