ZL,error,N
-0.18051240223668436,0.0027020847318201466,1000.0
