O^z,error,N,total_data
0.14863336965365453,0.0033520241944134384,1000.0,1000.0
