O^z,error,N,total_data
0.05929459254294143,0.0005194280740231113,1000.0,24000.0
