O^z,error,N,total_data
0.043820530443949346,0.00040011148088400626,1000.0,32000.0
