O^z,error,N,total_data
0.0877952673712801,0.000738265219281646,1000.0,16000.0
