O^z,error,N,total_data
-1.4775463976570613e-16,1.0563027158096742e-16,1.0,16.0
