O^z,error,N,total_data
-2.057150058177345e-16,1.4504729461499328e-16,1.0,32.0
