O^z,error,N,total_data
8.547104310561717e-28,7.146511243350402e-29,1.0,24.0
