ZL,error,N
0.17836669797100443,0.01003385462888441,1000.0
