ZL,error,N
0.07217635127107377,0.009550677525964647,1000.0
