ZL,error,N
0.13255438303484068,0.00983026316082567,1000.0
