ZL,error,N
-0.026690198943065967,0.008322903349035345,1000.0
