ZL,error,N
0.24522025850839094,0.0028987659368275385,1000.0
