ZL,error,N
0.23400735822962135,0.002540958178420913,1000.0
