ZL,error,N
0.22135774704704417,0.001996151283826435,1000.0
