O^z,error,N,total_data
0.11242286047801682,0.0018404862396594194,100.0,3200.0
