O^z,error,N,total_data
0.15256460081277243,0.0008167695813755138,1000.0,16000.0
