O^z,error,N,total_data
0.10971060326966274,0.0005565546616356501,1000.0,32000.0
