O^z,error,N,total_data
0.20417134711915633,0.0032931631686621663,1000.0,1000.0
