O^z,error,N,total_data
0.12690780316833397,0.0006509353926863379,1000.0,24000.0
