ZL,error,N
0.7664334464155408,0.0007808467205857795,1000.0
