ZL,error,N
0.006744505316236332,0.0029192348394024114,1000.0
