ZL,error,N
-0.30348869007790885,0.0070444206421849155,1000.0
