ZL,error,N
-0.28134930820470827,0.009911212501816655,1000.0
