ZL,error,N
-0.2994608621544448,0.008854107927762232,1000.0
