ZL,error,N
-0.2855366495509716,0.03328410619187458,100.0
