ZL,error,N
-0.26519570865011266,0.01035431358199154,1000.0
