ZL,error,N
-6.161930760921106e-05,0.0028764511548311313,1000.0
