ZL,error,N
0.005242428921467159,0.0013597265661409856,7000.0
