ZL,error,N
-0.07430528591820956,0.0018879057746318767,1000.0
