ZL,error,N
-0.22594298978129002,0.0025420597053139316,1000.0
