ZL,error,N
-0.33204237416052224,0.002970060336932922,1000.0
