ZL,error,N
0.12193043903191382,0.0032437506043498034,1000.0
