ZL,error,N
0.14271697322965002,0.0029142648118438016,1000.0
