ZL,error,N
0.10462389171277035,0.0035642663717094193,1000.0
