ZL,error,N
0.11160092874902772,0.0034880401176875884,1000.0
