O^z,error,N,total_data
0.2362040927649706,0.0026808207858658997,1000.0,1000.0
