O^z,error,N,total_data
0.1573056898684968,0.0006070440829787455,1000.0,32000.0
