O^z,error,N,total_data
0.16923864434292857,0.0006885208502707753,1000.0,24000.0
