O^z,error,N,total_data
0.19201200779846925,0.0007935933051322279,1000.0,16000.0
