O^z,error,N,total_data
-0.23153501609119548,0.0008460047145225486,1000.0,16000.0
