O^z,error,N,total_data
-0.1478555834053385,0.0004988108273336813,1000.0,32000.0
