O^z,error,N,total_data
-0.17925973207249327,0.0006208316930503745,1000.0,24000.0
