O^z,error,N,total_data
-0.3596119604297868,0.0038957063658869393,1000.0,1000.0
