ZL,error,N
-0.05372316789780374,0.0048003527871206125,895.0
