ZL,error,N
-0.07231257261394895,0.004062544465389013,1000.0
