ZL,error,N
-0.0808427045992827,0.003732195006012878,1000.0
