ZL,error,N
-0.08818963086242888,0.0032376878758537788,1000.0
