ZL,error,N
-0.035020189097631035,0.00503677472000816,1000.0
