ZL,error,N
-0.05956361601977517,0.0027004443107725793,1000.0
