ZL,error,N
-0.08724796961735,0.002725117561036637,1000.0
