ZL,error,N
0.0020018558464192275,0.0025623534692121477,926.0
