ZL,error,N
0.006199878839035329,0.0022079418000895486,966.0
