ZL,error,N
0.0071550991140168115,0.002017569282552867,990.0
