ZL,error,N
0.007139896370641678,0.0029828916291967434,857.0
