ZL,error,N
0.05625570690038453,0.004312498114426689,1000.0
