ZL,error,N
-0.024959649540366332,0.005070148904853406,1000.0
