ZL,error,N
0.013599157562030978,0.004702532961601337,1000.0
