ZL,error,N
0.11931927250766497,0.003281568861326745,1000.0
