O^z,error,N,total_data
0.08171623064474157,0.0005044184561575213,1000.0,32000.0
