O^z,error,N,total_data
0.08108938318062922,0.0005082638555347419,1000.0,32000.0
