O^z,error,N,total_data
0.18045381137919217,0.003324094918709368,1000.0,1000.0
