O^z,error,N,total_data
0.046264155667019434,0.00030242316771827125,900.0,57600.0
