O^z,error,N,total_data
0.09693153427895768,0.00023141474732955966,7000.0,168000.0
