O^z,error,N,total_data
0.062132888973508944,0.00037290579485939985,1000.0,48000.0
