O^z,error,N,total_data
0.1819776911021075,0.0012546999204140973,7000.0,7000.0
