O^z,error,N,total_data
0.1270265047616483,0.0008003855652907992,1000.0,16000.0
