O^z,error,N,total_data
0.12425090505682494,0.00030139894104240457,7000.0,112000.0
