O^z,error,N,total_data
0.09885027456186461,0.0006167613605740853,1000.0,24000.0
