O^z,error,N,total_data
0.022091115901882275,0.0002526692380117697,349.0,44636.0
