ZL,error,N
0.17375371846824184,0.0037868251602004954,1000.0
