ZL,error,N
0.19668352173350184,0.002378520564936666,1000.0
