ZL,error,N
0.1597815273455258,0.004434203417872242,1000.0
