ZL,error,N
-0.27390019417829714,0.01079529597054848,1000.0
