ZL,error,N
-0.3155421831685494,0.03284384306410964,100.0
