ZL,error,N
-0.3040524146624586,0.0070746249417545475,1000.0
