ZL,error,N
-0.29092494606052194,0.010173470271083656,1000.0
