ZL,error,N
-0.29716240477899986,0.009020156193103404,1000.0
