O^z,error,N,total_data
-0.16351965796585927,0.004871590446891575,1000.0,1000.0
