O^z,error,N,total_data
-0.014345208072275026,0.00024297688432261096,1000.0,32000.0
