O^z,error,N,total_data
-0.026623269354565646,0.00038458939811808777,1000.0,24000.0
