O^z,error,N,total_data
-0.05785385019448925,0.0007110412600257722,1000.0,16000.0
