O^z,error,N,total_data
-0.1101387554983459,0.004973116815602291,1000.0,1000.0
