O^z,error,N,total_data
0.05718682964883215,0.0004162214581681431,1000.0,24000.0
