O^z,error,N,total_data
0.1711853864541433,0.0022351523913830547,1000.0,1000.0
