O^z,error,N,total_data
0.09355111530686072,0.0005755295718023626,1000.0,16000.0
