O^z,error,N,total_data
0.039146225431304346,0.00032226621826028564,1000.0,32000.0
