O^z,error,N,total_data
0.07554435890542101,0.0030233088200031536,1000.0,1000.0
