O^z,error,N,total_data
0.02922241651169275,0.0004679306552158251,1000.0,16000.0
