O^z,error,N,total_data
0.013306679339023152,0.0002553575427076915,1000.0,24000.0
