O^z,error,N,total_data
0.00826793074959476,0.0001810855566595681,1000.0,32000.0
