ZL,error,N
0.3226258303515559,0.0017493742234979967,1000.0
