ZL,error,N
0.3614297725562602,0.0018619215556774026,1000.0
