ZL,error,N
0.27438219202331154,0.0011922380816272332,1000.0
