ZL,error,N
0.007831351469177199,0.003193265355241954,1000.0
