O^z,error,N,total_data
-0.03452616365082287,0.00025323240239690984,2999.0,95968.0
