ZL,error,N
0.19518048805096672,0.010060054150297473,500.0
