ZL,error,N
-0.2875256078602448,0.0027080412676437388,1000.0
