ZL,error,N
-0.11589196613122558,0.0014249292459071776,1000.0
