ZL,error,N
-0.2347123066196604,0.0019738572657719104,1000.0
