O^z,error,N,total_data
-0.022753458243240147,0.00013875483553039522,7000.0,224000.0
