O^z,error,N,total_data
-0.17475692738403492,0.005650261067823774,1000.0,1000.0
