ZL,error,N
0.8245552429121473,0.006099728849564859,1000.0
