ZL,error,N
-0.03450494030409762,0.004313236895991566,1000.0
