ZL,error,N
-0.016157288670905268,0.004266626705156444,1000.0
