ZL,error,N
-0.05802677153838888,0.004341835054717552,1000.0
