ZL,error,N
0.0308506415848235,0.003944898694812661,1000.0
