ZL,error,N
0.06511746046048764,0.003586763735962744,1000.0
