ZL,error,N
-0.04455123575940868,0.004334561084717865,1000.0
