ZL,error,N
0.001460674927539556,0.004070169063942575,1000.0
