O^z,error,N,total_data
-0.19446619864367845,0.0005312937321783579,500.0,16000.0
