O^z,error,N,total_data
-0.4159151643421798,0.003056888979434115,1000.0,1000.0
