O^z,error,N,total_data
-0.22605275214567347,0.0004676681837263324,1000.0,24000.0
