O^z,error,N,total_data
-0.2802233732884879,0.0006296963895525374,1000.0,16000.0
