ZL,error,N
0.0035720439514859556,0.0027196266914129475,1000.0
