ZL,error,N
0.009206172498232829,0.0033170325532279285,1000.0
