ZL,error,N
-0.08474620831630872,0.003746584057316704,1000.0
