ZL,error,N
-0.13898453294221297,0.0036399687507196704,1000.0
