ZL,error,N
-0.17550885741389632,0.0037103857679671158,1000.0
