O^z,error,N,total_data
0.34144751109630384,0.0008050769949678631,1000.0,1000.0
