O^z,error,N,total_data
0.3287118066392624,0.00024300379969183637,1000.0,24000.0
