O^z,error,N,total_data
0.32486145815917666,0.00022084496529987068,1000.0,32000.0
