O^z,error,N,total_data
0.3336667689409306,0.0002721297934825355,1000.0,16000.0
