ZL,error,N
-0.310580335361515,0.01002480009308861,1000.0
