ZL,error,N
-0.3164684100817007,0.0067473106142114875,1000.0
