ZL,error,N
-0.3244289886100681,0.008529072448387373,1000.0
