ZL,error,N
-0.325194971738244,0.009262098975552694,1000.0
