ZL,error,N
-0.3266200476848005,0.03226611772488513,100.0
