O^z,error,N,total_data
-0.33585380483776156,0.004580384155527772,1000.0,1000.0
