O^z,error,N,total_data
-0.12049234562785872,0.0005088105615672133,1000.0,32000.0
