O^z,error,N,total_data
-0.15210619341583362,0.0006490868715385058,1000.0,24000.0
