O^z,error,N,total_data
-0.20796553395632422,0.0009168217084351139,1000.0,16000.0
