ZL,error,N
0.884412294829634,6.324530687436145e-05,1000.0
