ZL,error,N
0.00032644732040223334,0.0015841876765002943,3000.0
