O^z,error,N,total_data
-0.3250465141406805,0.012307904951357947,1.0,16.0
