O^z,error,N,total_data
-0.2095636715324998,0.0072560930393664545,1.0,32.0
