O^z,error,N,total_data
-0.2446908740004773,0.01070855085823338,1.0,24.0
