ZL,error,N
-0.1344468201595416,0.003445307657357337,1000.0
