ZL,error,N
-0.14131773043922055,0.0038702532582060526,1000.0
