ZL,error,N
-0.10341415807157874,0.003328966168956704,1000.0
