ZL,error,N
-0.0219237564431008,0.003204499325591535,1000.0
