O^z,error,N,total_data
0.0002157724761864916,7.358977707231116e-05,250.0,6000.0
