O^z,error,N,total_data
3.232715430908876e-05,5.091944748985049e-06,1000.0,32000.0
