O^z,error,N,total_data
0.0020343558100719187,0.00024319346498057672,250.0,4000.0
