O^z,error,N,total_data
0.01519873134157018,0.0023253852933004127,250.0,250.0
