O^z,error,N,total_data
-0.011573474838041312,0.0004657570214716472,498.0,15936.0
