ZL,error,N
-0.0423062593597713,0.00247789185236707,1000.0
