ZL,error,N
0.03813944172680494,0.00455911905530274,1000.0
