ZL,error,N
0.20858793511411217,0.006183268268812241,1000.0
