ZL,error,N
0.12945245787325946,0.005617701871103154,1000.0
