ZL,error,N
0.07155109287752252,0.00754715408730383,500.0
