ZL,error,N
0.17265717049604343,0.0026832334598052565,1000.0
