ZL,error,N
0.13494106867303876,0.003925713226688632,1000.0
