ZL,error,N
0.102642652495743,0.004596495812113835,1000.0
