ZL,error,N
-0.21843131504685961,0.032166088131499446,100.0
