ZL,error,N
-0.23942719455506614,0.00948632867032158,1000.0
