ZL,error,N
-0.21847980674836492,0.010260976880728499,1000.0
