ZL,error,N
-0.18786156244309993,0.010949443319521412,1000.0
