ZL,error,N
-0.2675466780494383,0.007373034767784914,1000.0
