O^z,error,N,total_data
-3.032927009751281e-15,3.0344561670248895e-15,1000.0,32000.0
