ZL,error,N
-0.3324058525043703,0.008380519881090946,1000.0
