ZL,error,N
-0.3367513112269663,0.009075281659630327,1000.0
