ZL,error,N
-0.32885518447856593,0.009633308512916399,1000.0
