ZL,error,N
-0.32304997951620973,0.006759544444424298,1000.0
