ZL,error,N
0.005856396639611308,0.002702709756692075,953.0
