ZL,error,N
0.003532202662368608,0.002099822956493792,992.0
