ZL,error,N
0.0084871060947389,0.003067655929619993,893.0
