ZL,error,N
0.006366205806604516,0.002520036887231144,985.0
