O^z,error,N,total_data
-0.0317550847431765,0.0008426822267235554,997.0,15952.0
