O^z,error,N,total_data
-0.013920910085212082,0.0005045196532323352,992.0,23808.0
