O^z,error,N,total_data
-0.1048984391538176,0.0056942678606538896,998.0,998.0
