O^z,error,N,total_data
0.3473776431779812,0.006422548184491085,1.0,16.0
