O^z,error,N,total_data
0.33431576897038867,0.004604001066232243,1.0,32.0
