O^z,error,N,total_data
0.3473776431779763,0.006422548184490032,1.0,16.0
