O^z,error,N,total_data
0.3388821629441167,0.004682473856809786,1.0,24.0
