O^z,error,N,total_data
0.3343157689703978,0.004604001066232525,1.0,32.0
