ZL,error,N
-0.21441587972085457,0.010606592301536063,1000.0
