ZL,error,N
-0.23142445882134613,0.03205609693142705,100.0
