ZL,error,N
-0.23699098325977117,0.010058520923883771,1000.0
