ZL,error,N
-0.25915023947243254,0.009205391023072445,1000.0
