ZL,error,N
-0.27790018645487646,0.007185877892027899,1000.0
