ZL,error,N
-0.6931465528218826,0.0024850577107412815,1000.0
