ZL,error,N
-0.8120181057182381,0.0012407778528300353,1000.0
