ZL,error,N
-0.5516993195667331,0.002524238735243315,1000.0
