ZL,error,N
-0.7701161961855665,0.0016668119828602372,1000.0
