O^z,error,N,total_data
1.9692426258526747e-05,6.982541623816209e-05,1.0,24.0
