ZL,error,N
0.05135220771310806,0.0033677527151851866,1000.0
