ZL,error,N
0.09803857564344926,0.0031998469733853082,1000.0
