ZL,error,N
0.04013783195142107,0.003384295266948117,1000.0
