ZL,error,N
0.0695588184426222,0.0033333042756554165,1000.0
