O^z,error,N,total_data
-0.019545051822295684,0.000555102565150536,500.0,16000.0
