ZL,error,N
-0.241352944795635,0.010025896930262065,1000.0
