ZL,error,N
-0.26077265993483806,0.009449130967365028,1000.0
