ZL,error,N
-0.2512065874361233,0.03180119489447376,100.0
