ZL,error,N
-0.29079224301421475,0.006974096873821237,1000.0
