ZL,error,N
-0.275769876532645,0.008759284659997356,1000.0
