ZL,error,N
0.2922804764458499,0.002808187766725211,1000.0
