ZL,error,N
0.24756964927040734,0.0015863627364590344,1000.0
