ZL,error,N
0.2733111646593345,0.0023724459001772643,1000.0
