ZL,error,N
0.8959296203634234,0.0007786747220513517,1000.0
