ZL,error,N
-0.17074007474860137,0.0075139197458612495,1000.0
