ZL,error,N
-0.1120033724052393,0.008756804796936612,1000.0
