ZL,error,N
-0.036011695233614596,0.008803871196981537,1000.0
