ZL,error,N
-0.07311069545929347,0.008815789693541309,1000.0
