ZL,error,N
0.16959896895300705,0.002707752894385664,1000.0
