ZL,error,N
0.14764779390591637,0.0034965771919066276,1000.0
