ZL,error,N
0.15462727718916328,0.003218331612891679,1000.0
