ZL,error,N
0.14028844211159572,0.003925154030515631,1000.0
