O^z,error,N,total_data
-0.20742381852441025,0.00042880255428423623,1000.0,24000.0
