O^z,error,N,total_data
-0.26831284518768705,0.0006113094829547365,1000.0,16000.0
