O^z,error,N,total_data
-0.4104727000230394,0.0029345409428619064,1000.0,1000.0
