O^z,error,N,total_data
-0.15978906146506003,0.00041519491285292094,6000.0,96000.0
