O^z,error,N,total_data
-0.28486127851204596,0.005287912638912773,1000.0,1000.0
