O^z,error,N,total_data
-0.08045920173905106,0.00020662995851517346,6000.0,192000.0
