O^z,error,N,total_data
-0.10852394093014524,0.00027831191487321733,6000.0,144000.0
