O^z,error,N,total_data
-0.034091785003436764,0.0001643538334659382,2000.0,128000.0
