O^z,error,N,total_data
0.00036127254503876704,2.659866228118543e-05,1000.0,32000.0
