ZL,error,N
0.01282092070249624,0.00398440806831574,1000.0
