ZL,error,N
-0.027104980086518224,0.0026465997519844664,1000.0
