ZL,error,N
0.05862835381991306,0.0049557963719356135,1000.0
