ZL,error,N
0.10504463184982984,0.0057497606285080135,1000.0
