O^z,error,N,total_data
-0.041195648716020744,0.0004297823143471267,1000.0,32000.0
