O^z,error,N,total_data
-0.36142190522441026,0.004060274068649282,1000.0,1000.0
