O^z,error,N,total_data
-0.17497532366185498,0.0006075123006406074,1000.0,24000.0
