O^z,error,N,total_data
-0.2307793934483907,0.0008437092918094796,1000.0,16000.0
