O^z,error,N,total_data
-0.14400331794212265,0.0004754186064271391,1000.0,32000.0
