O^z,error,N,total_data
-2.0737845060608512e-16,1.3031174080255398e-16,500.0,16000.0
