O^z,error,N,total_data
1.5136504018934191e-16,1.9708229538486418e-16,1000.0,16000.0
