ZL,error,N
0.008017496257916572,0.0031587903037768234,500.0
