ZL,error,N
0.12595097564121438,0.0014630986132911038,6000.0
