ZL,error,N
0.13883665003305723,0.0013240696617989975,6000.0
