ZL,error,N
0.12119643471296622,0.003733805960358707,1000.0
