ZL,error,N
0.13111881008729145,0.0014001209231432894,6000.0
