ZL,error,N
0.11167382769904108,0.0027590921044419662,2000.0
