ZL,error,N
0.1557512928296458,0.00281678578977083,1000.0
