ZL,error,N
0.11606603876722081,0.010905426897501043,157.0
