O^z,error,N,total_data
-0.009386036017629195,0.0006870807000016564,249.0,7968.0
