ZL,error,N
0.1461012246796391,0.00465603811921296,1000.0
