ZL,error,N
0.16697470055963667,0.0037194385605030496,1000.0
