ZL,error,N
0.19408932274064664,0.002288606458035747,1000.0
