O^z,error,N,total_data
0.09895208291192074,0.0006316119238848665,1000.0,24000.0
