O^z,error,N,total_data
0.18283224225386732,0.003349444173518876,1000.0,1000.0
