O^z,error,N,total_data
0.12868816789111698,0.0007984081328864457,1000.0,16000.0
