O^z,error,N,total_data
0.08399874365975729,0.0005052346048613566,1000.0,32000.0
