O^z,error,N,total_data
-0.19872667821801923,0.0005902558604337484,1000.0,24000.0
