O^z,error,N,total_data
-0.37776471567061015,0.0036224522346791706,1000.0,1000.0
