O^z,error,N,total_data
-0.16962823718938513,0.00048643665146460533,1000.0,32000.0
