O^z,error,N,total_data
-0.2486622989917716,0.0007948044741142276,1000.0,16000.0
