ZL,error,N
0.005845702247593685,0.0027270755801510394,946.0
