ZL,error,N
0.0052708273868346716,0.002132327556833318,996.0
