ZL,error,N
0.005992842874748326,0.0025350423123218827,978.0
