ZL,error,N
0.007350764166889467,0.0023071559279291293,990.0
