O^z,error,N,total_data
-0.170438647096041,0.00044202484222016786,1000.0,32000.0
