O^z,error,N,total_data
-0.2005945933939044,0.0005390815600991153,1000.0,24000.0
