O^z,error,N,total_data
-0.25555088622558,0.0007438510053047491,1000.0,16000.0
