O^z,error,N,total_data
-0.38634106806912555,0.003544976443034018,1000.0,1000.0
