ZL,error,N
0.9423627064433323,0.00011701382320560985,500.0
