ZL,error,N
0.8386941332702555,0.0002543523501061352,1000.0
