ZL,error,N
0.9557777334363086,0.0006493703666425037,500.0
