ZL,error,N
0.8888534740432188,0.00015684315406061124,1000.0
