ZL,error,N
0.9152227051066338,0.0001241319403587357,1000.0
