ZL,error,N
0.7095243843220916,0.0004612312503114206,1000.0
