ZL,error,N
-0.018119297042164213,0.0025744246635744936,1000.0
