ZL,error,N
0.011262802272787916,0.0045326017296983215,500.0
