ZL,error,N
-0.3442545184246723,0.030144091434164782,100.0
