ZL,error,N
-0.3084901762931757,0.010074261284923653,1000.0
