ZL,error,N
-0.3257856653108885,0.008567531107611388,1000.0
