ZL,error,N
-0.3173743696903828,0.0068371815784635985,1000.0
