ZL,error,N
-0.3226579720347323,0.009454786701996662,1000.0
