O^z,error,N,total_data
0.005695699585046919,0.00013479391598388542,1000.0,32000.0
