Jdis,O^z,error,N
0.9,0.1330446713046812,0.0005233171751537666,1000.0
0.95,0.10026641199526398,0.0004139866879963265,1000.0
1.0,0.15051132438257273,0.0005965819840609321,1000.0
1.05,0.10335742321163909,0.0004191446321847359,1000.0
1.1,0.05391567459884644,0.00026443034639404264,1000.0
1.15,0.04575508207944784,0.0002398818023404703,1000.0
1.2,0.03138644178792626,0.0001665595426385962,1000.0
