Jdis,O^z,error,N
0.9,0.21771733903151436,0.0005541242838670144,1000.0
0.95,0.15175654488111756,0.00045771877936832283,1000.0
1.0,0.14122795541069966,0.0004938185105415805,1000.0
1.05,0.16820514312024337,0.0005360500863615926,1000.0
1.1,0.14511699008517534,0.0005013073873079611,1000.0
1.15,0.13118250065944245,0.0005044492636457547,1000.0
1.2,0.11873822533403486,0.0005032034217246019,1000.0
