Jdis,O^z,error,N
0.9,0.056892480242498905,0.00016722045155489245,1000.0
0.95,0.10068388252908195,0.0002696553410510774,1000.0
1.0,0.09542372324872572,0.0002526106412422818,1000.0
1.05,0.07172899138233256,0.0003435798717413423,1000.0
1.1,0.08840442556504645,0.00033801640863565457,1000.0
1.15,0.03956496597365392,0.0001588963421404883,1000.0
1.2,0.016611003637788134,8.00951147487108e-05,1000.0
