Jdis,O^z,error,N
0.9,0.16274087420975358,0.00046442944072287343,1000.0
0.95,0.1583160116394719,0.00047635752247950124,1000.0
1.0,0.12638016282539985,0.00035597661850174747,1000.0
1.05,0.07765674497720151,0.00024716820027423326,1000.0
1.1,0.04942424035686968,0.00017576552407809048,1000.0
1.15,0.062100196469251204,0.0002246252361742451,1000.0
1.2,0.037226836251639986,0.0001647983655850408,1000.0
