Jdis,O^z,error,N
0.9,0.14974586738720558,0.0003347731826141324,1000.0
0.95,0.13850571823376712,0.0003491724352566456,1000.0
1.0,0.13796856053990728,0.00038354739708405117,1000.0
1.05,0.061565298191827905,0.0002160080272295011,1000.0
1.1,0.055968533897268656,0.00021457174488687634,1000.0
1.15,0.04230230369415798,0.00026889616479219044,1000.0
1.2,0.046473011142074264,0.000191411117113148,1000.0
