ZL,error,N
0.18700787322343077,0.003556666146161085,1000.0
