ZL,error,N
0.1996402953676876,0.0024336897624912994,1000.0
