ZL,error,N
0.15747044878027416,0.006930430189366932,500.0
