ZL,error,N
0.1757624192104094,0.004267547178909016,1000.0
