ZL,error,N
-0.06418916881075241,0.008567710147521137,1000.0
