ZL,error,N
0.17390973164204981,0.010581328089270026,1000.0
