ZL,error,N
0.054030037605482376,0.009904402458431247,1000.0
