ZL,error,N
0.12327158133342409,0.010365187836634671,1000.0
