O^z,error,N,total_data
-0.4408560996595435,0.0023044811652471187,1000.0,1000.0
