O^z,error,N,total_data
-0.23253384336693092,0.0004174715357047072,1000.0,24000.0
