O^z,error,N,total_data
-0.29599661759935875,0.0005585852755363738,1000.0,16000.0
