ZL,error,N
-0.27630545661057526,0.030597786255434432,100.0
