ZL,error,N
-0.2844784435537972,0.009180834990622761,1000.0
