ZL,error,N
-0.2951220111189468,0.006841444322764421,1000.0
