ZL,error,N
-0.25935205296594044,0.009820035057257726,1000.0
