ZL,error,N
-0.28742285863495026,0.00852815018227539,1000.0
