O^z,error,N,total_data
0.059770587552396316,0.000445545581714384,1000.0,32000.0
