O^z,error,N,total_data
0.0766167153692399,0.0005673833812216074,1000.0,24000.0
