O^z,error,N,total_data
0.10574483127853093,0.0007677857671177823,1000.0,16000.0
