O^z,error,N,total_data
0.1637165654617162,0.003393450199515731,1000.0,1000.0
