O^z,error,N,total_data
2.3256363047319015e-06,8.059212789885483e-07,1000.0,32000.0
