ZL,error,N
0.890209787444042,4.5308542596895644e-05,1000.0
