ZL,error,N
0.020650493156444887,0.0037944109626162,1000.0
