ZL,error,N
-0.2323432442048036,0.009775669552396966,1000.0
