ZL,error,N
-0.25119551100286575,0.009287128632876408,1000.0
