ZL,error,N
-0.2799066289339944,0.006980212963814455,1000.0
