ZL,error,N
-0.26424483067801235,0.008740975614556785,1000.0
