O^z,error,N,total_data
0.0023146337081284543,7.878182267340129e-05,1000.0,32000.0
