ZL,error,N
-0.3857605461033678,0.009673904643463882,1000.0
