ZL,error,N
-0.3460136752389422,0.006530671407716472,1000.0
