ZL,error,N
-0.36886913246269976,0.008220622209408255,1000.0
