ZL,error,N
-0.3836925723734509,0.00896074444150858,1000.0
