ZL,error,N
0.8987724666606532,2.0264385062959692e-05,1000.0
