Dimerization,O^z,error
0,0.2871029355422623,0.0016541367934478919
