O^z,error,N,total_data
-0.39711522928394677,0.003245813059077762,1000.0,1000.0
