O^z,error,N,total_data
-0.261639633840589,0.0006792584284136044,1000.0,16000.0
