O^z,error,N,total_data
-0.20405361779244913,0.0004909935691013923,1000.0,24000.0
