O^z,error,N,total_data
0.03973446521265108,0.00043844806728082986,1000.0,24000.0
