O^z,error,N,total_data
0.02609725318176193,0.00031602047730877223,1000.0,32000.0
