O^z,error,N,total_data
0.12248309049776822,0.0033275238022793755,1000.0,1000.0
