O^z,error,N,total_data
0.06406225413759946,0.0006574651579053773,1000.0,16000.0
