ZL,error,N
0.34899623304712907,0.0021495856888898127,1000.0
