ZL,error,N
0.2685656202813221,0.0011966729977381046,1000.0
