ZL,error,N
0.31435512523599585,0.0019720240280331745,1000.0
