O^z,error,N,total_data
-0.16583926782372385,0.0006183533763438092,1000.0,24000.0
