O^z,error,N,total_data
-0.35190314716348586,0.003337640301561518,1000.0,1000.0
