O^z,error,N,total_data
-0.22305160730602439,0.000798262393298319,1000.0,16000.0
