ZL,error,N
0.5368110360018473,9.648182698713874e-06,984.0
