O^z,error,N,total_data
0.08184880639212218,0.0005064424542417445,1000.0,32000.0
