O^z,error,N,total_data
0.09901868338108943,0.0006197790185751206,1000.0,24000.0
