O^z,error,N,total_data
0.12780540831943704,0.0008011847986916871,1000.0,16000.0
