O^z,error,N,total_data
0.08242505144952035,0.0016835229185505523,100.0,3200.0
