O^z,error,N,total_data
0.18222185631408636,0.003363860455495041,1000.0,1000.0
