O^z,error,N,total_data
-0.29968805136979626,0.0006091158863416389,1000.0,16000.0
