O^z,error,N,total_data
-0.259101338912395,0.000511829743549396,1000.0,24000.0
