O^z,error,N,total_data
-0.4097161955212564,0.0024070398911661376,1000.0,1000.0
