O^z,error,N,total_data
0.3362440566430856,0.004460261055018627,1.0,32.0
