O^z,error,N,total_data
0.34338166775619533,0.004350495580365825,1.0,24.0
