O^z,error,N,total_data
-0.19604787267889226,0.0008708824320797936,1000.0,16000.0
