O^z,error,N,total_data
-0.1398630476932415,0.0006446565196507773,1000.0,24000.0
