O^z,error,N,total_data
-0.3297944882308531,0.0039145069084412275,1000.0,1000.0
