O^z,error,N,total_data
-0.0037266082939830985,0.00034256958292064386,935.0,29920.0
