O^z,error,N,total_data
-0.008125952864487506,0.00044076221792958647,982.0,23568.0
