O^z,error,N,total_data
-0.02422507015215537,0.0007759413056474922,993.0,15888.0
