O^z,error,N,total_data
-0.08317173688324868,0.0052510397544204305,995.0,995.0
