O^z,error,N,total_data
0.3419231847508775,0.00020698952105010175,1000.0,16000.0
