O^z,error,N,total_data
0.33683392552897035,0.00018627632013461712,1000.0,24000.0
