O^z,error,N,total_data
0.3420652284212839,0.00024471632831050624,714.0,11424.0
