O^z,error,N,total_data
0.33315576397104113,0.00016642148836286806,1000.0,32000.0
