O^z,error,N,total_data
0.3500889260609159,0.0004889022986052967,1000.0,1000.0
