O^z,error,N,total_data
-0.02804606551344469,0.0005623222264389613,500.0,16000.0
