ZL,error,N
-0.293006175093194,0.007041690190978416,1000.0
