ZL,error,N
-0.28727357878727705,0.008815130919548456,1000.0
