ZL,error,N
-0.27732589926557494,0.009745919650728239,1000.0
