ZL,error,N
-0.24217905127653674,0.010432974637959674,1000.0
