ZL,error,N
-0.27594925024172895,0.03121625640688249,100.0
