ZL,error,N
0.2909573177953387,0.011412004888879501,1000.0
