ZL,error,N
-0.07761694374199933,0.008804464246687328,1000.0
