ZL,error,N
0.21485212916859975,0.011174489831839243,1000.0
