ZL,error,N
0.09239744619206641,0.01089441034293613,1000.0
