O^z,error,N,total_data
-0.2084427523965574,0.005846516306387601,1000.0,1000.0
