ZL,error,N
0.9022252483954326,4.4197189085496894e-16,1000.0
