ZL,error,N
0.9022252483970297,1.9472807623260794e-12,1000.0
