O^z,error,N,total_data
-0.4399924339212821,0.002290289902241561,1000.0,1000.0
