O^z,error,N,total_data
-0.23544013311363668,0.00042179268269477527,1000.0,24000.0
