O^z,error,N,total_data
-0.29803475754353015,0.0005688235726431302,1000.0,16000.0
