O^z,error,N,total_data
0.0012442916144123418,6.717099934383968e-05,1000.0,32000.0
