ZL,error,N
0.03606804857274046,0.0028422284505265154,1000.0
