ZL,error,N
0.003415987844524669,0.003389724469618938,500.0
