ZL,error,N
0.7340661192900265,6.131972613390706e-05,500.0
