ZL,error,N
0.5368247670826356,1.5021491161709687e-07,999.0
