ZL,error,N
-0.0058640142366286965,0.004098429457669886,1000.0
