ZL,error,N
-0.07265344899280413,0.002094927575980793,1000.0
