ZL,error,N
0.087269930228077,0.005040206368901934,1000.0
