ZL,error,N
-0.2948646135858329,0.009249019702153874,1000.0
