ZL,error,N
-0.30185160783086823,0.006874670616499002,1000.0
