ZL,error,N
-0.2795038784504735,0.009952529456044735,1000.0
