ZL,error,N
-0.29875270688213307,0.008532156190893281,1000.0
