ZL,error,N
-0.29962670500426813,0.03236631651487819,100.0
