O^z,error,N,total_data
-0.24487270534333763,0.004210687469592494,1000.0,1000.0
