O^z,error,N,total_data
-0.05946397751646745,0.0004735457584262649,1000.0,24000.0
