O^z,error,N,total_data
-0.11083475881130513,0.0007861109996438229,1000.0,16000.0
