O^z,error,N,total_data
-0.035864805609351645,0.0003313109442665919,1000.0,32000.0
