ZL,error,N
0.010402135338536749,0.0025659191961107416,1000.0
