ZL,error,N
0.00872795739355778,0.003964570047829893,500.0
