ZL,error,N
0.008642822732808138,0.0027000377184988457,999.0
