ZL,error,N
0.004179290732051897,0.0025769323337437363,1000.0
