ZL,error,N
0.006455587676565292,0.0023710318812104475,1000.0
