O^z,error,N,total_data
-0.22771646192621578,0.0005946831963378563,1000.0,16000.0
