O^z,error,N,total_data
-0.16160705905559464,0.00047068969356895053,1000.0,24000.0
