O^z,error,N,total_data
-0.3628434649687702,0.001977823268428145,1000.0,1000.0
