ZL,error,N
0.0030578835341604693,0.0012156395940127237,7000.0
