ZL,error,N
0.008332365170896491,0.002899336907542212,1000.0
