O^z,error,N,total_data
-0.1410613451380636,0.0006704242118153381,1000.0,24000.0
