O^z,error,N,total_data
-0.11303901523805551,0.0004918327400429031,1000.0,32000.0
