O^z,error,N,total_data
-0.20042550611887325,0.000944889360378519,1000.0,16000.0
