O^z,error,N,total_data
-0.33120907273940353,0.004648412275704276,1000.0,1000.0
