O^z,error,N,total_data
-0.13210792615241654,0.005633475190012372,1000.0,1000.0
