O^z,error,N,total_data
-0.049453670854449024,0.0008775190691827454,1000.0,16000.0
