O^z,error,N,total_data
-0.021749730412015323,0.0005318954586174404,998.0,23952.0
