O^z,error,N,total_data
-0.012630386872313857,0.00034993684248270504,1000.0,32000.0
