O^z,error,N,total_data
-0.0959822227969935,0.005492198345511419,997.0,997.0
