O^z,error,N,total_data
-0.00504211221362029,0.00035227742670589627,976.0,31232.0
