O^z,error,N,total_data
-0.03055231023940682,0.0008171521972418665,997.0,15952.0
