O^z,error,N,total_data
-0.012006291657456017,0.0005040960584889176,989.0,23736.0
