ZL,error,N
0.0016171385118840013,0.002494855890062201,1000.0
