ZL,error,N
-0.013265277669530043,0.002655719520522694,1000.0
