O^z,error,N,total_data
-0.011673114996055299,0.0005756846434681191,989.0,15824.0
