ZL,error,N
-0.27895279244276644,0.010389245940338483,1000.0
