ZL,error,N
-0.30908353284471635,0.008839379364978507,1000.0
