ZL,error,N
-0.3009957497516097,0.00984021193715955,1000.0
