ZL,error,N
-0.314184629588229,0.03322765120972277,100.0
