ZL,error,N
-0.30884156889887554,0.006962737713060115,1000.0
