O^z,error,N,total_data
0.13971631618957173,0.0008006089940524818,1000.0,16000.0
