O^z,error,N,total_data
0.11231193990612065,0.0006370421778954743,1000.0,24000.0
