O^z,error,N,total_data
0.09500364377784996,0.000532962718185506,1000.0,32000.0
