O^z,error,N,total_data
0.1916807664142707,0.0033267670442146953,1000.0,1000.0
