O^z,error,N,total_data
0.09862068618478996,0.0017453715213955928,100.0,3200.0
