O^z,error,N,total_data
3.819851218636558e-07,2.6012289291233594e-07,1000.0,32000.0
