O^z,error,N,total_data
0.00010651832686262898,3.758232952603421e-05,250.0,6000.0
