O^z,error,N,total_data
0.00025457695407509585,7.355701352046002e-05,250.0,4000.0
