O^z,error,N,total_data
0.005040050213431286,0.0010531702869661017,250.0,250.0
