O^z,error,N,total_data
-0.24509718303493852,0.0006976913583567906,1000.0,16000.0
