O^z,error,N,total_data
-0.3698902226728003,0.0026764186649828733,1000.0,1000.0
