O^z,error,N,total_data
-0.18750695704826967,0.0005631569800455869,1000.0,24000.0
