O^z,error,N,total_data
0.0013586790062215105,6.849037042600754e-05,1000.0,32000.0
