O^z,error,N,total_data
-0.017493298875579173,0.0006258251549054962,996.0,15936.0
