O^z,error,N,total_data
-0.006555500231984528,0.00037177141821923443,983.0,23592.0
