O^z,error,N,total_data
-0.002672239204905047,0.00026556757917122034,970.0,31040.0
