O^z,error,N,total_data
-0.07043698723200766,0.004768375734212768,998.0,998.0
