ZL,error,N
0.7542625016638352,0.005713424351049926,1000.0
