O^z,error,N,total_data
1.2644767354902322e-05,2.6023751083897937e-06,1000.0,32000.0
