O^z,error,N,total_data
3.360137523906487e-05,7.861714795444812e-06,1000.0,24000.0
