O^z,error,N,total_data
0.006509884569200707,0.0005489316543819237,1000.0,1000.0
