O^z,error,N,total_data
-1.7941825933886423e-10,6.756993306131596e-11,500.0,32000.0
