O^z,error,N,total_data
-4.74585394651209e-06,2.0033847158834413e-06,500.0,24000.0
