O^z,error,N,total_data
0.00029809137737047645,3.301431621566775e-05,1000.0,16000.0
