O^z,error,N,total_data
-0.4253453562351681,0.0026973480323419143,1000.0,1000.0
