O^z,error,N,total_data
-0.218486455523505,0.00040609871414132217,1000.0,24000.0
