O^z,error,N,total_data
-0.28289342213474433,0.000581460655726341,1000.0,16000.0
