O^z,error,N,total_data
-0.3047377588233097,0.0004259918404593034,1000.0,24000.0
