O^z,error,N,total_data
-0.44312638440277635,0.0018947671343741653,1000.0,1000.0
