O^z,error,N,total_data
-0.3367963808253589,0.0005021491393029064,1000.0,16000.0
