O^z,error,N,total_data
0.2345329832608499,0.0016919525740469118,1000.0,1000.0
