O^z,error,N,total_data
0.1539114920050353,0.0004928105976051211,1000.0,32000.0
