O^z,error,N,total_data
0.16584066429681996,0.0005315320836059336,1000.0,24000.0
