O^z,error,N,total_data
0.1875050205909393,0.0005924194557994056,1000.0,16000.0
