ZL,error,N
0.005385205147820151,0.0021619761181447435,997.0
