ZL,error,N
0.010285386440660505,0.002752316836687036,976.0
