ZL,error,N
0.010163287721426722,0.00250843247224998,997.0
