ZL,error,N
0.00520310175994669,0.002591744775280223,989.0
