ZL,error,N
0.015584828133441983,0.003404781883572442,999.0
