O^z,error,N,total_data
-0.17059954740867053,0.0006376649000031855,1000.0,24000.0
