O^z,error,N,total_data
-0.3523839120039288,0.0039850880012165255,1000.0,1000.0
