O^z,error,N,total_data
-0.2229040107164124,0.0008674212117594555,1000.0,16000.0
