O^z,error,N,total_data
-0.1396402177684863,0.0005027539613815067,1000.0,32000.0
