ZL,error,N
0.8717312884750523,5.082168971284556e-10,1000.0
