ZL,error,N
0.9022252475317951,8.723178799782535e-10,1000.0
