ZL,error,N
0.6592587552468107,3.606842456267464e-13,1000.0
