ZL,error,N
0.8136043731889228,2.1194900484612943e-10,1000.0
