ZL,error,N
0.6698307323000131,0.008348814483610365,1000.0
