O^z,error,N,total_data
-0.16529384416794413,0.005550571829409517,1000.0,1000.0
