O^z,error,N,total_data
-0.019514970628398985,0.000134279954264108,6998.0,223936.0
