O^z,error,N,total_data
-0.13450651099721836,0.005429189983374348,1000.0,1000.0
