O^z,error,N,total_data
-0.14866536260814164,0.0009928976643334229,1000.0,16000.0
