O^z,error,N,total_data
-0.06819998249900486,0.00048129676219572844,1000.0,32000.0
