O^z,error,N,total_data
-0.09509983162777262,0.0006577143660015944,1000.0,24000.0
