O^z,error,N,total_data
-0.274455636620846,0.005164779405792561,1000.0,1000.0
