ZL,error,N
-0.012966174511105865,0.004597163330799247,500.0
