ZL,error,N
0.7993993780461411,0.006184985389379211,1000.0
