O^z,error,N,total_data
-0.13918313215093156,0.0054199312077036444,1000.0,1000.0
