ZL,error,N
-0.22712526926525747,0.010116073028459556,1000.0
