ZL,error,N
-0.24961390312997034,0.009800091480717024,1000.0
