ZL,error,N
-0.2651174357149596,0.008881173459124776,1000.0
