ZL,error,N
-0.28354825260164723,0.007124761144546639,1000.0
