ZL,error,N
-0.2593832262553782,0.03187748947071934,100.0
