ZL,error,N
0.6703005755333383,0.007418690373945566,1000.0
