O^z,error,N,total_data
-0.3502975985380566,0.006435808229716065,1.0,24.0
