O^z,error,N,total_data
-0.37191284151767895,0.006539408612318681,1.0,16.0
