O^z,error,N,total_data
-0.33639732427623403,0.005597578073875907,1.0,32.0
