O^z,error,N,total_data
-0.13991395683732416,0.0007590764721584351,1000.0,20000.0
