O^z,error,N,total_data
-0.11568339173218466,0.000642283476264195,1000.0,24000.0
