O^z,error,N,total_data
-0.3030773251422754,0.0044323810351405875,1000.0,1000.0
