O^z,error,N,total_data
-0.1710972558696407,0.0009278366260808557,1000.0,16000.0
