O^z,error,N,total_data
-0.21829051336492153,0.0011847172529536652,1000.0,12000.0
