O^z,error,N,total_data
-0.0844393976172983,0.00048682144647923804,1000.0,32000.0
