O^z,error,N,total_data
-0.048294047285401515,0.005468407632747016,983.0,983.0
