O^z,error,N,total_data
-0.009666234281090891,0.0006737310685136438,940.0,15040.0
