O^z,error,N,total_data
-0.0029260440494320947,0.0004341979260341809,854.0,20496.0
