O^z,error,N,total_data
-0.0017236286144694695,0.00047592724978653446,374.0,11968.0
