O^z,error,N,total_data
-0.06985402911086334,0.014070285868393243,196.0,196.0
