ZL,error,N
0.8573557903383144,0.004519331910871966,998.0
