ZL,error,N
-0.29746491437818723,0.00965505482943022,1000.0
