ZL,error,N
-0.3058932098768609,0.006835446911387122,1000.0
