ZL,error,N
-0.3073710930211447,0.008418740899998688,1000.0
