ZL,error,N
-0.29592152694407386,0.03191337350598439,100.0
