ZL,error,N
-0.2961300173619511,0.009218850266592762,1000.0
