O^z,error,N,total_data
-0.03768222821066531,0.0006020780322553455,1000.0,24000.0
