O^z,error,N,total_data
-0.07211694021329322,0.0009703254286160389,1000.0,16000.0
