O^z,error,N,total_data
-0.02245740316110165,0.0004052721465576933,1000.0,32000.0
