O^z,error,N,total_data
-0.02058876833239712,0.0005580828246094137,500.0,16000.0
