O^z,error,N,total_data
-0.02087858089972828,0.0005134603350150048,628.0,20096.0
