O^z,error,N,total_data
-0.17589816325835336,0.005817625909472201,1000.0,1000.0
