O^z,error,N,total_data
-0.0003637659993509612,0.00013436615721512066,497.0,15904.0
