O^z,error,N,total_data
0.28336444704491565,0.00141388245693173,1000.0,1000.0
