O^z,error,N,total_data
0.26744509671055355,0.0004748126556092502,1000.0,16000.0
