O^z,error,N,total_data
0.26370428037943383,0.00041198059472807993,1000.0,24000.0
