O^z,error,N,total_data
0.2609562568208276,0.00035995489028285715,1000.0,32000.0
