ZL,error,N
0.16079745779137108,0.00370492748038391,1000.0
