ZL,error,N
0.16693446920010763,0.003254594086884697,1000.0
