ZL,error,N
0.18186686944746003,0.002574603399831356,1000.0
