ZL,error,N
0.13659437136051236,0.003134530827943703,1000.0
