ZL,error,N
0.0937324275653562,0.004100668916199332,1000.0
