ZL,error,N
0.06328051331468539,0.00455603052443758,1000.0
