ZL,error,N
0.04032549344652476,0.005073743219461208,1000.0
