ZL,error,N
-0.3267315179883432,0.009133781736573126,1000.0
