ZL,error,N
-0.3253996446371791,0.008391226000520358,1000.0
