ZL,error,N
-0.31889921225249834,0.006749768063264104,1000.0
