ZL,error,N
-0.32181197810439377,0.009843297277467236,1000.0
