ZL,error,N
0.7419046679519159,0.0024332473281236276,1000.0
