ZL,error,N
0.7341281321104473,1.703428313916036e-14,500.0
