O^z,error,N,total_data
0.3072869175896199,0.0003050388111539484,1000.0,24000.0
