O^z,error,N,total_data
0.3040066126467069,0.00027237743688675087,1000.0,32000.0
