O^z,error,N,total_data
0.31848055924588964,0.0010941407042482922,1000.0,1000.0
