O^z,error,N,total_data
0.31080482913751856,0.0003512639249888391,1000.0,16000.0
