O^z,error,N,total_data
0.2825943777089156,0.00029848324025241773,1000.0,24000.0
