O^z,error,N,total_data
0.2792750621697818,0.0002666026550933492,1000.0,32000.0
