O^z,error,N,total_data
0.28256504002628857,0.00043001273973279245,631.0,10096.0
