O^z,error,N,total_data
0.292706871323447,0.0008697197903424229,1000.0,1000.0
