O^z,error,N,total_data
0.2833642056021248,0.0003360247513924198,1000.0,16000.0
