O^z,error,N,total_data
-0.13648135921740084,0.0009972275019482467,1000.0,16000.0
