O^z,error,N,total_data
-0.26637135452162164,0.005352056310636662,1000.0,1000.0
