O^z,error,N,total_data
-0.05896567319565475,0.0004675982625931727,1000.0,32000.0
