O^z,error,N,total_data
-0.085954387784884,0.0006565703250916043,1000.0,24000.0
