ZL,error,N
0.8354552932277085,0.0016879282659171585,1000.0
