O^z,error,N,total_data
0.0943737833905679,0.0005334225133113077,1000.0,32000.0
