O^z,error,N,total_data
0.19126254593973147,0.0033476350502287503,1000.0,1000.0
