O^z,error,N,total_data
0.14127277519821374,0.0008028559084739058,1000.0,16000.0
