O^z,error,N,total_data
0.09854751807579834,0.0017066651142091226,100.0,3200.0
