O^z,error,N,total_data
0.11359536374310035,0.000651193667932115,1000.0,24000.0
