ZL,error,N
0.01727147533300417,0.0030467834250812896,978.0
