ZL,error,N
0.004247203404531419,0.0023197129996709977,993.0
