ZL,error,N
0.021861994860091966,0.003571641587116868,942.0
