ZL,error,N
0.03946474328420339,0.0040805011783195955,902.0
