O^z,error,N,total_data
-0.2026554586131536,0.005944770706651882,1000.0,1000.0
