O^z,error,N,total_data
-0.004648772071866874,0.00045175493940602303,902.0,21648.0
