O^z,error,N,total_data
-0.0015243278990628977,0.0003431322134010208,848.0,27136.0
