O^z,error,N,total_data
-0.04883207964699058,0.0044030337719158565,986.0,986.0
