O^z,error,N,total_data
-0.010816309722547305,0.0006684866750035237,968.0,15488.0
