ZL,error,N
0.8939595859266667,0.0011242756511296802,1000.0
