ZL,error,N
0.8632395610061645,0.0006170203223091048,250.0
