ZL,error,N
0.6412326014829011,0.001623811696969834,250.0
