ZL,error,N
0.8020294493269208,0.0007236221891415675,250.0
