O^z,error,N,total_data
-0.20159521110546294,0.00386403902675416,1000.0,1000.0
