O^z,error,N,total_data
-0.032999173993333124,0.00034471417047067624,1000.0,24000.0
