O^z,error,N,total_data
-0.016518324737406675,0.00020916193633434613,1000.0,32000.0
