O^z,error,N,total_data
-0.07495463648916116,0.0006425422064673078,1000.0,16000.0
