ZL,error,N
-0.0069731637495078925,0.00980931286948011,1000.0
