ZL,error,N
-0.10131607214177962,0.008248138854366172,1000.0
