ZL,error,N
0.1078654744900351,0.010259110323271453,1000.0
