ZL,error,N
0.05161553396323327,0.010115543117541538,1000.0
