O^z,error,N,total_data
0.0827497023317233,0.0005855442961257558,1000.0,24000.0
