O^z,error,N,total_data
0.06386871702925451,0.0004655942525342228,1000.0,32000.0
