O^z,error,N,total_data
0.11185791163463973,0.0007810474075940011,1000.0,16000.0
