O^z,error,N,total_data
0.16795362785667473,0.0033923763576228197,1000.0,1000.0
