O^z,error,N,total_data
0.0018509886064154643,7.813592478192225e-05,1000.0,32000.0
