ZL,error,N
-0.6008936004643599,0.003630010072566044,631.0
