ZL,error,N
-0.7494336076973993,0.0016742496387707776,1000.0
