ZL,error,N
-0.6959751773977024,0.0022146576435630927,1000.0
