ZL,error,N
-0.4755415943391074,0.002118872282880031,1000.0
