ZL,error,N
-0.603513294111448,0.00280249866896803,1000.0
