O^z,error,N,total_data
-0.08673568813576772,0.000773747643271614,1000.0,16000.0
