O^z,error,N,total_data
-0.042147562788296955,0.000435315237739038,1000.0,24000.0
