O^z,error,N,total_data
-0.20978085489261855,0.004559307406753078,1000.0,1000.0
