ZL,error,N
0.02992356664146458,0.0035386314112994272,1000.0
