ZL,error,N
-0.03870733938364077,0.0037503735650075785,1000.0
