ZL,error,N
-0.04252904276742899,0.0036572994228566864,1000.0
