ZL,error,N
-0.019544916507609103,0.003630254534593478,1000.0
