O^z,error,N,total_data
-0.17128002524673536,0.0009911802259059204,1000.0,16000.0
