O^z,error,N,total_data
-0.08797016197398039,0.0005060512000365525,1000.0,32000.0
