O^z,error,N,total_data
-0.11630644436171306,0.0006739905822953186,1000.0,24000.0
