O^z,error,N,total_data
-0.29519311028054956,0.005113711185406606,1000.0,1000.0
