O^z,error,N,total_data
0.016201820204803787,0.00019107545216902238,403.0,51493.0
