O^z,error,N,total_data
0.17389658261787394,0.0012648000393593094,7000.0,7000.0
