O^z,error,N,total_data
0.1716814694343865,0.0033476468536729705,1000.0,1000.0
