O^z,error,N,total_data
0.08802952915169941,0.000587021689208507,1000.0,24000.0
