O^z,error,N,total_data
0.08793241775077855,0.00022331882163557882,7000.0,168000.0
