O^z,error,N,total_data
0.051005501878777115,0.00034097800853839295,1000.0,48000.0
