O^z,error,N,total_data
0.11771440092692714,0.0007854940442185555,1000.0,16000.0
