O^z,error,N,total_data
0.11484757429094083,0.0002965048539912625,7000.0,112000.0
