O^z,error,N,total_data
0.037738537950118375,0.00027354261137467077,900.0,57600.0
