O^z,error,N,total_data
0.07001678564326752,0.00047380849713839966,1000.0,32000.0
