O^z,error,N,total_data
-0.0375637468846962,0.00040936163300116685,1000.0,32000.0
