O^z,error,N,total_data
-6.107809822999924e-07,4.66542363533042e-07,1000.0,32000.0
