ZL,error,N
0.05398559100176708,0.0030363505384449624,1000.0
