ZL,error,N
0.015178815185561363,0.00268554152962744,1000.0
