ZL,error,N
0.01263487733687015,0.0009520118374621278,7000.0
