ZL,error,N
0.02644267275834156,0.0028810591542523458,1000.0
