ZL,error,N
-0.020639230120102846,0.002645398867569897,1000.0
