ZL,error,N
-0.06117493449748822,0.002179194287525545,1000.0
