ZL,error,N
0.04850433634335961,0.004299667168948089,1000.0
