ZL,error,N
0.15875706681478297,0.005108645016547984,1000.0
