ZL,error,N
0.2550989491347111,0.005417765904605077,1000.0
