O^z,error,N,total_data
-0.05561214470065351,0.000470020058877412,1000.0,32000.0
