O^z,error,N,total_data
-0.06148101474034151,0.0006751548568103019,500.0,16000.0
