ZL,error,N
0.008203274768290093,0.0045368223610764945,1000.0
