ZL,error,N
0.10111334904807022,0.003434053778415411,1000.0
