ZL,error,N
-0.02003546924251985,0.004796963349632005,1000.0
