ZL,error,N
0.04541000784022737,0.004245692127976481,1000.0
