O^z,error,N,total_data
-0.19087358485874653,0.0059228805094495,1000.0,1000.0
