O^z,error,N,total_data
-0.028508508322497798,0.00015528379225678615,6998.0,223936.0
