O^z,error,N,total_data
-0.34470569389685923,0.0004635886148469148,1000.0,16000.0
