O^z,error,N,total_data
-0.44065396308771443,0.0017181756741024483,1000.0,1000.0
