O^z,error,N,total_data
-0.3152666659916804,0.000411196340501667,1000.0,24000.0
