O^z,error,N,total_data
-6.345514213539307e-17,3.7343129673344985e-17,1000.0,32000.0
