ZL,error,N
0.7341281320530333,4.0015567913769785e-10,500.0
