ZL,error,N
0.5368248802911245,8.647999449045838e-10,999.0
