ZL,error,N
0.02303357319896291,0.004634652286455927,1000.0
