ZL,error,N
-0.04482630332919311,0.002534696884643554,1000.0
