ZL,error,N
0.06605159745192146,0.0054220797097004015,1000.0
