ZL,error,N
-0.024313731787269848,0.0037251185631345983,1000.0
