ZL,error,N
-0.2495699307902239,0.0028222165790909646,1000.0
