ZL,error,N
-0.19701057761895008,0.0021131405130053876,1000.0
