ZL,error,N
-0.08134375705438038,0.0021156442909253405,1000.0
