ZL,error,N
-0.219804803353709,0.009889891581083481,1000.0
