ZL,error,N
-0.2771129397579002,0.007085431455842586,1000.0
