ZL,error,N
-0.25477623263665544,0.008845628153202141,1000.0
