ZL,error,N
-0.24004297269641864,0.009361709980115073,1000.0
