ZL,error,N
0.0628685543581543,0.004545771723109614,989.0
