O^z,error,N,total_data
-0.1686473336179722,0.0006015491809978002,1000.0,24000.0
