O^z,error,N,total_data
-0.22392276769413158,0.0008578337235104044,1000.0,16000.0
