O^z,error,N,total_data
-0.357328653217794,0.004165894335145874,1000.0,1000.0
