ZL,error,N
-0.6545522504859242,0.0006473519211983858,1000.0
