ZL,error,N
-0.8437445455409851,0.00030682985503969665,1000.0
