ZL,error,N
-0.8729757570204072,0.00028455766034724705,1000.0
