ZL,error,N
-0.7917480129243147,0.0004137328495053792,1000.0
