ZL,error,N
-0.2970392649161351,0.009723170512203233,1000.0
