ZL,error,N
-0.30919711651299864,0.006926626148771263,1000.0
