ZL,error,N
-0.3060905178529798,0.008733157537553401,1000.0
