ZL,error,N
-0.2748990374226258,0.010228982363206162,1000.0
