ZL,error,N
0.007605916075171022,0.0028733679905741266,917.0
