ZL,error,N
0.005433492491139951,0.0020339452119303783,991.0
