ZL,error,N
0.010596820518372763,0.0031660946662573296,846.0
