ZL,error,N
0.00913019319435733,0.002479058940613783,967.0
