O^z,error,N,total_data
-0.0017185083069233406,0.00047188848893485756,785.0,25120.0
