O^z,error,N,total_data
-0.004402033928982659,0.0005803824192866888,889.0,21336.0
