O^z,error,N,total_data
-0.015529139720729062,0.0007753412385946868,953.0,15248.0
