O^z,error,N,total_data
-0.06045784164364077,0.004647369196408863,984.0,984.0
