O^z,error,N,total_data
-0.056993224387583634,0.005225721260789474,753.0,753.0
