ZL,error,N
0.004753686814600509,0.0023717634014102395,1000.0
