ZL,error,N
-0.2832842350010977,0.009104687684494267,1000.0
