ZL,error,N
-0.27889866844949823,0.031407937666564543,100.0
