ZL,error,N
-0.29325343187183794,0.007126881741142047,1000.0
