ZL,error,N
-0.2638083863622639,0.01018235531356289,1000.0
