ZL,error,N
-0.24661766537477844,0.010739995691215962,1000.0
