O^z,error,N,total_data
7.3160291344101706e-06,2.926069763631456e-06,1000.0,32000.0
