O^z,error,N,total_data
-0.2219648181473496,0.00046736739211523243,1000.0,24000.0
