O^z,error,N,total_data
-0.41502345524747253,0.003034298837722618,1000.0,1000.0
