O^z,error,N,total_data
-0.28025166286394687,0.0006263013255565381,1000.0,16000.0
