O^z,error,N,total_data
-0.19168915764895572,0.0005472023867919568,500.0,16000.0
