O^z,error,N,total_data
0.13621607954578924,0.00067339308565993,1000.0,24000.0
