O^z,error,N,total_data
0.1229331984016517,0.0018227234356291949,100.0,3200.0
