O^z,error,N,total_data
0.11658961364237698,0.0005667986896449818,1000.0,32000.0
