O^z,error,N,total_data
0.1585307122687622,0.0008237464743061897,1000.0,16000.0
