O^z,error,N,total_data
0.2081568492868483,0.003252621432522327,1000.0,1000.0
