ZL,error,N
-0.0758518870747351,0.0036949249145699736,1000.0
