ZL,error,N
-0.11964024320732171,0.0037561729246983573,1000.0
