ZL,error,N
0.0080946756000319,0.00337938846936569,1000.0
