ZL,error,N
-0.14500723981537583,0.003925861627253739,1000.0
