O^z,error,N,total_data
-0.005589775142518161,0.0003353750756821671,500.0,16000.0
