O^z,error,N,total_data
0.34569824222835743,0.004131689527632824,1.0,32.0
