O^z,error,N,total_data
0.35757330896983336,0.005863825398836859,1.0,16.0
