O^z,error,N,total_data
0.34822202919309064,0.005148727201814786,1.0,24.0
