ZL,error,N
-0.044282451749681095,0.0036498235210270093,1000.0
