ZL,error,N
-0.06199252878613334,0.002410049704508706,1000.0
