ZL,error,N
0.06544152293278963,0.0055481640173407325,1000.0
