ZL,error,N
0.005045845520728729,0.0048020147905872956,1000.0
