O^z,error,N,total_data
-0.11359419654531704,0.0006750639844931371,1000.0,24000.0
