O^z,error,N,total_data
-0.0839047838627416,0.0004912056124661607,1000.0,32000.0
