O^z,error,N,total_data
-0.1668855541613954,0.0009960306911291996,1000.0,16000.0
