O^z,error,N,total_data
-0.29147932614916183,0.00516834614918049,1000.0,1000.0
