ZL,error,N
-0.19353380482092974,0.009424486467071077,1000.0
