ZL,error,N
-0.24940074325596423,0.007280209729587466,1000.0
