ZL,error,N
-0.21615640499521058,0.008972538760720713,1000.0
