ZL,error,N
-0.16602928904745762,0.00991796796569672,1000.0
