ZL,error,N
-0.0013719797625117698,0.0011176248908873602,7000.0
