ZL,error,N
0.015548222630010416,0.0028497686679889328,1000.0
