O^z,error,N,total_data
-0.003776897494472357,0.00047884353746160805,862.0,20688.0
