O^z,error,N,total_data
-0.06121278323772196,0.0070255813092389,547.0,547.0
