O^z,error,N,total_data
-0.0009603713763630278,0.0003963440097658112,705.0,22560.0
