O^z,error,N,total_data
-0.012006491195904356,0.0007496510661198943,949.0,15184.0
