O^z,error,N,total_data
-0.058732479075478294,0.004987363199738937,980.0,980.0
