ZL,error,N
-0.18011369350130577,0.010170730553773941,1000.0
