ZL,error,N
-0.20918272597522405,0.009755641591058371,1000.0
