ZL,error,N
-0.26143050698375625,0.007238936943008328,1000.0
