ZL,error,N
-0.23391829935265052,0.00896950072811333,1000.0
