O^z,error,N,total_data
0.005514594891324617,0.00013043634420197112,1000.0,32000.0
