O^z,error,N,total_data
0.026922064907022855,0.0007992895856298644,250.0,4000.0
