O^z,error,N,total_data
0.011771492070656088,0.0004448602014491181,250.0,6000.0
