O^z,error,N,total_data
0.08770648481998541,0.005960552009692365,250.0,250.0
