ZL,error,N
0.8589736455645006,0.004627846862320015,1000.0
