O^z,error,N,total_data
-0.40711128485477893,0.0033243464144184064,1000.0,1000.0
