O^z,error,N,total_data
-0.25964619939839656,0.0006035249280692303,1000.0,16000.0
