O^z,error,N,total_data
-0.19423850212258945,0.0003665130310703623,1000.0,24000.0
