O^z,error,N,total_data
-0.10929688404644429,0.00018086146530166334,1000.0,48000.0
