O^z,error,N,total_data
-0.15603214101825236,0.0002923602227040617,1000.0,32000.0
