O^z,error,N,total_data
-0.033696761209487135,0.00020164045073231128,100.0,12800.0
