O^z,error,N,total_data
-0.08178656001456726,0.000272888680262754,250.0,16000.0
