O^z,error,N,total_data
-0.08284026941107121,0.00013876786255730047,1000.0,64000.0
