O^z,error,N,total_data
-0.1902022856580669,0.004205464576865555,1000.0,1000.0
