O^z,error,N,total_data
-0.0166141812466298,0.00022549052616218238,1000.0,32000.0
