O^z,error,N,total_data
-0.07057354856824653,0.0006732348377498208,1000.0,16000.0
