O^z,error,N,total_data
-0.03217083125807585,0.0003700901769341628,1000.0,24000.0
