ZL,error,N
0.008400450222881111,0.0033959754303623272,1000.0
