ZL,error,N
-0.029287717204129097,0.0034309720669859624,1000.0
