ZL,error,N
-0.02767408396964417,0.003317949938088949,1000.0
