ZL,error,N
-0.03844056174911427,0.0034691440899783372,1000.0
