O^z,error,N,total_data
-0.08725634847534858,0.0009518798242574226,1000.0,16000.0
