O^z,error,N,total_data
-0.04652539948637244,0.0005861453355124394,1000.0,24000.0
