O^z,error,N,total_data
-0.19979510831644604,0.005729380475721477,1000.0,1000.0
