O^z,error,N,total_data
-0.029770775370919638,0.00015127106515150314,7000.0,224000.0
