O^z,error,N,total_data
0.10133044410739298,0.001782938634740439,100.0,3200.0
