O^z,error,N,total_data
0.11681606478390921,0.0006598739340494943,1000.0,24000.0
