O^z,error,N,total_data
0.1449908667400214,0.0008124199636676756,1000.0,16000.0
