O^z,error,N,total_data
0.19598418436439086,0.0033370572379020223,1000.0,1000.0
