O^z,error,N,total_data
0.10016948126560535,0.0005423300937741111,1000.0,32000.0
