O^z,error,N,total_data
0.20327238707538955,0.0032692460624166543,1000.0,1000.0
