O^z,error,N,total_data
0.1552490280458504,0.0008164510597869427,1000.0,16000.0
