O^z,error,N,total_data
0.11431873363648419,0.0018352497050150105,100.0,3200.0
