O^z,error,N,total_data
0.11053939268594278,0.0005644617027982646,1000.0,32000.0
