O^z,error,N,total_data
0.12694966164482205,0.0006760079648450828,1000.0,24000.0
