O^z,error,N,total_data
0.10327006380338095,0.0006382937936807359,1000.0,24000.0
