O^z,error,N,total_data
0.13344528894397406,0.0008069331243523144,1000.0,16000.0
