O^z,error,N,total_data
0.18591259883707964,0.0033602890274905166,1000.0,1000.0
