O^z,error,N,total_data
0.08943893555667404,0.0017137092200499144,100.0,3200.0
