O^z,error,N,total_data
0.08657440945968375,0.000523525956702349,1000.0,32000.0
