ZL,error,N
0.010027216343620055,0.002168667498683947,998.0
