ZL,error,N
0.005266202811202416,0.0020916915006577185,997.0
