ZL,error,N
0.004733203005429264,0.0021263130117094176,992.0
