ZL,error,N
-0.11436541516439126,0.010854452520185428,1000.0
