ZL,error,N
0.007988936703491979,0.012223901024051447,1000.0
