ZL,error,N
-0.056470205074274894,0.011717937755952708,1000.0
