ZL,error,N
-0.20038045315213182,0.008228409265468199,1000.0
