O^z,error,N,total_data
-0.01321108986287601,0.0004138747378493235,999.0,23976.0
