O^z,error,N,total_data
-0.006439006329513454,0.00030171034049112586,993.0,31776.0
