O^z,error,N,total_data
-0.029900730652037216,0.0007718699453275663,1000.0,16000.0
