O^z,error,N,total_data
-0.1011694556664293,0.005223016373811575,1000.0,1000.0
