ZL,error,N
0.3357922346050063,0.002140336806083468,1000.0
