ZL,error,N
0.2632560626660663,0.0013005341780675695,1000.0
