ZL,error,N
0.3057407431693769,0.0019274086330405744,1000.0
