ZL,error,N
0.009506699031866562,0.002930329448906276,997.0
