ZL,error,N
0.00108527638809093,0.00234821128552167,999.0
