ZL,error,N
0.016145798584227242,0.0032246235689527133,995.0
