ZL,error,N
0.02496450213571704,0.00358433956922302,990.0
