O^z,error,N,total_data
0.25197997217131723,0.0005803717057854178,1000.0,24000.0
