O^z,error,N,total_data
0.24743812581895375,0.0005216811501419402,1000.0,32000.0
