O^z,error,N,total_data
0.2637987256742234,0.0006509252354050823,1000.0,16000.0
