O^z,error,N,total_data
0.2831170236152874,0.0022985267945959944,1000.0,1000.0
