O^z,error,N,total_data
-0.22303555150657553,0.0004425977335238828,1000.0,24000.0
