O^z,error,N,total_data
-0.28233647770876236,0.0005978864100351838,1000.0,16000.0
