O^z,error,N,total_data
-0.42124243800792005,0.002977346392644832,1000.0,1000.0
