ZL,error,N
0.00289676053672248,0.0016820103838976756,1994.0
