ZL,error,N
0.01667694011455293,0.0009831216900813425,6000.0
