ZL,error,N
0.008811218222206122,0.0009263010616140211,5999.0
