ZL,error,N
0.006215209724095544,0.000903393646202491,5999.0
