ZL,error,N
0.03770387456875167,0.002695702806429406,1000.0
