ZL,error,N
-0.2767635294799961,0.008668604366630073,1000.0
