ZL,error,N
-0.27439820186245173,0.009319435224875293,1000.0
