ZL,error,N
-0.29027123296632623,0.006996089274335362,1000.0
