ZL,error,N
-0.24665610311659503,0.009958424086911296,1000.0
