O^z,error,N,total_data
-2.30461279663577e-05,1.1472957221262373e-05,1000.0,32000.0
