O^z,error,N,total_data
-0.2322078756429706,0.00047192707644394516,1000.0,24000.0
