O^z,error,N,total_data
-0.2864919345588575,0.0006223608055207711,1000.0,16000.0
