O^z,error,N,total_data
-0.41658652197609486,0.00288937287491619,1000.0,1000.0
