O^z,error,N,total_data
-0.2005882659997264,0.0005551826776733248,500.0,16000.0
