O^z,error,N,total_data
1.2710505154677433e-13,4.578314304848434e-13,1000.0,32000.0
