O^z,error,N,total_data
-0.047383271869074386,0.00046078150140091813,1000.0,32000.0
