ZL,error,N
-0.16105752728030928,0.002456434335226777,1000.0
