ZL,error,N
-0.07720379777852787,0.002350556944648605,1000.0
