ZL,error,N
-0.17111677807066797,0.003505274351068282,1000.0
