O^z,error,N,total_data
-0.198073251829011,0.0009219772188756271,1000.0,16000.0
