O^z,error,N,total_data
-0.11172815118892232,0.0005087695340090599,1000.0,32000.0
