O^z,error,N,total_data
-0.14318938741362214,0.0006567076467351649,1000.0,24000.0
