O^z,error,N,total_data
-0.32768195613183276,0.004546209857057472,1000.0,1000.0
