O^z,error,N,total_data
0.15082908620942934,0.0029399812463767466,1000.0,1000.0
