O^z,error,N,total_data
0.03563058180133797,0.00035874076458517986,1000.0,32000.0
