O^z,error,N,total_data
0.0819299765059169,0.0006738883517251325,1000.0,16000.0
