O^z,error,N,total_data
0.04996546783252757,0.00046446109085670383,1000.0,24000.0
