ZL,error,N
-0.2170566756390325,0.0035165629388626616,1000.0
