ZL,error,N
-0.1232503167268866,0.0035008459501553856,1000.0
