ZL,error,N
0.0022291278120221175,0.002845663128028214,1000.0
