ZL,error,N
0.027674168633582543,0.0028659981476366913,1000.0
