ZL,error,N
-0.3100132827575967,0.00926236610721889,1000.0
