ZL,error,N
-0.308822576439538,0.006799622131378319,1000.0
