ZL,error,N
-0.2951618740806969,0.009964238740466255,1000.0
