ZL,error,N
-0.319765020327495,0.031190454099647574,100.0
