ZL,error,N
-0.31212625838825403,0.00851528134948218,1000.0
