O^z,error,N,total_data
0.07357030677486803,0.0005759633022157543,1000.0,24000.0
