O^z,error,N,total_data
0.1617845993006949,0.0034291022336458816,1000.0,1000.0
