O^z,error,N,total_data
0.056700860515638246,0.00044709595105998766,1000.0,32000.0
