O^z,error,N,total_data
0.10179553955141221,0.0007718378929636598,1000.0,16000.0
