O^z,error,N,total_data
0.08988216213328049,0.0005355046929916115,1000.0,32000.0
