O^z,error,N,total_data
0.200335270663827,0.0028304930934425973,1000.0,1000.0
