O^z,error,N,total_data
0.13914643922442888,0.0007865667044622348,1000.0,16000.0
