O^z,error,N,total_data
0.10691885985377651,0.0006335421875126267,1000.0,24000.0
