O^z,error,N,total_data
-0.10050530398696221,0.0005089788466007182,1000.0,32000.0
