O^z,error,N,total_data
-0.18599236593020235,0.0009650376069717716,1000.0,16000.0
