O^z,error,N,total_data
-0.12994215378153842,0.0006760802089336232,1000.0,24000.0
