O^z,error,N,total_data
-0.3170014867684487,0.004838884074356596,1000.0,1000.0
