ZL,error,N
0.00578986249427292,0.0020227454191743253,993.0
