ZL,error,N
0.002242778507582623,0.002214253063733452,972.0
