ZL,error,N
0.008892584078586365,0.002078231392571835,996.0
