ZL,error,N
-0.4924988051304768,0.00467366643808851,1000.0
