ZL,error,N
-0.7172789560298399,0.005678908790410093,1000.0
