ZL,error,N
-0.6071973763520505,0.005582685514269866,1000.0
