ZL,error,N
-0.672032740620169,0.005689756754327948,1000.0
