ZL,error,N
0.23916101280252172,0.010128727024295467,500.0
