ZL,error,N
0.10445042463986824,0.005162685774807997,1000.0
