ZL,error,N
0.007275076635420101,0.0014547912574622286,3000.0
