ZL,error,N
-0.2769469672257552,0.010054787755170177,1000.0
