ZL,error,N
-0.30113189740919033,0.008667346993205547,1000.0
