ZL,error,N
-0.3044418574185204,0.006839292993902682,1000.0
