ZL,error,N
-0.293952509656931,0.009378657142592041,1000.0
