ZL,error,N
-0.7896968475793205,0.0009447689254304742,1000.0
