ZL,error,N
-0.5750254291777204,0.0014867684848515845,1000.0
