ZL,error,N
-0.7222034939260291,0.0016611870150077274,732.0
