ZL,error,N
-0.8263880376147396,0.0007621745722998502,1000.0
