ZL,error,N
-0.7210028597875633,0.0014267181737282943,1000.0
