ZL,error,N
0.0497838729024916,0.004834061100229566,1000.0
