ZL,error,N
-0.039486291509616876,0.0037915675951826705,1000.0
