ZL,error,N
-0.08764623778068116,0.0018134164474970114,1000.0
