ZL,error,N
-0.0025804860292716197,0.002964482152312136,1000.0
