ZL,error,N
-0.0037750159016062992,0.0030443482361930565,1000.0
