ZL,error,N
0.017853455445744532,0.0029863397505671984,1000.0
