ZL,error,N
-0.0041568503974604145,0.0011422232343797237,7000.0
