ZL,error,N
-0.3187041596243849,0.006857109412557795,1000.0
