ZL,error,N
-0.3035832136794073,0.010269799830113033,1000.0
