ZL,error,N
-0.3216774516211087,0.008673866796197586,1000.0
