ZL,error,N
-0.31998454101575846,0.00969391989840637,1000.0
