ZL,error,N
0.012124213059649907,0.0058804959634420366,500.0
