O^z,error,N,total_data
0.07273866794942671,0.00048723064161331614,1000.0,32000.0
