O^z,error,N,total_data
0.17537855354047882,0.003335136285201063,1000.0,1000.0
