O^z,error,N,total_data
0.09166717413276003,0.0006045032502824786,1000.0,24000.0
