O^z,error,N,total_data
0.12136779559223647,0.000792378419362761,1000.0,16000.0
