ZL,error,N
0.04842305205604065,0.005267383778576437,1000.0
