ZL,error,N
0.10070311612568081,0.003946115939920994,1000.0
