ZL,error,N
0.15981928807871423,0.0023729217205518604,1000.0
