ZL,error,N
0.006756780652595681,0.0023129065066599245,1000.0
