ZL,error,N
0.13910848099466677,0.00267240182586793,1000.0
