ZL,error,N
-0.10545179475609562,0.0008228379040422889,1000.0
