O^z,error,N,total_data
0.09082843582036415,0.0005250612644317379,1000.0,32000.0
