O^z,error,N,total_data
0.13810553583175647,0.0008080422641055832,1000.0,16000.0
