O^z,error,N,total_data
0.19150484127119316,0.003345321566172506,1000.0,1000.0
