O^z,error,N,total_data
0.10939171209312609,0.0006468911565428824,1000.0,24000.0
