ZL,error,N
-0.5131612671417759,0.00801446680933504,1000.0
