ZL,error,N
-0.47529563653767526,0.00742504317986378,1000.0
