ZL,error,N
-0.40939278884606195,0.005873467372920983,1000.0
