ZL,error,N
-0.5404041189054505,0.00859617419569416,1000.0
