O^z,error,N,total_data
0.08794619602971901,0.0005260333579986363,1000.0,32000.0
