O^z,error,N,total_data
0.13505712276537105,0.0008002345334181798,1000.0,16000.0
