O^z,error,N,total_data
0.10606535112157854,0.0006305028338718724,1000.0,24000.0
