O^z,error,N,total_data
0.18813361798508105,0.0033386496453652716,1000.0,1000.0
