O^z,error,N,total_data
-0.027926178109386673,0.000598756001751387,500.0,16000.0
