O^z,error,N,total_data
-0.19303692070947728,0.005914282362022293,1000.0,1000.0
