ZL,error,N
-0.48049354269335226,0.008839854503043677,1000.0
