ZL,error,N
-0.500695787960091,0.00933860707646897,1000.0
