ZL,error,N
-0.3948751531055394,0.006078427432616641,1000.0
