ZL,error,N
-0.44538543169868383,0.008080206869162726,1000.0
