ZL,error,N
0.020655375898224526,0.003554365232122224,1000.0
