ZL,error,N
0.041492188672812305,0.003552998269321398,1000.0
