ZL,error,N
0.012279344918944151,0.0035244501845741725,1000.0
