ZL,error,N
0.07714691327782128,0.003281228095733375,1000.0
