O^z,error,N,total_data
6.575537522998682e-06,4.445519774308946e-06,500.0,32000.0
