O^z,error,N,total_data
0.0024365622642702404,0.00038857938432765765,1000.0,1000.0
