O^z,error,N,total_data
7.037115226239865e-07,3.660849789023518e-07,1000.0,32000.0
