O^z,error,N,total_data
-2.2334197142970708e-07,9.289695200538817e-08,500.0,24000.0
