O^z,error,N,total_data
9.81911521706337e-05,1.8695688776949565e-05,1000.0,16000.0
