O^z,error,N,total_data
2.932949521591237e-06,1.974899826076374e-06,1000.0,24000.0
