O^z,error,N,total_data
-0.054459448877079986,0.0004979697924772269,1000.0,16000.0
