O^z,error,N,total_data
-0.019229006754250228,0.00022623802341011892,1000.0,24000.0
