O^z,error,N,total_data
-0.1738240275809595,0.003271384689739801,1000.0,1000.0
