ZL,error,N
0.00877040670755043,0.000968202455410595,7000.0
