O^z,error,N,total_data
-0.014521636115926207,0.0005101596525801393,1000.0,16000.0
