O^z,error,N,total_data
-0.0028273385763586145,0.00023935082293880173,500.0,16000.0
