ZL,error,N
0.7191951144633593,0.007700398448639407,1000.0
