O^z,error,N,total_data
0.001530167474487881,0.0009951621715135358,1.0,24.0
