O^z,error,N,total_data
-0.4093173867438621,0.0030597521873999512,1000.0,1000.0
