O^z,error,N,total_data
-0.23268673759920075,0.0005090625234911628,1000.0,24000.0
