O^z,error,N,total_data
-0.2829651048168307,0.0006631950165310414,1000.0,16000.0
