ZL,error,N
-0.4044633325666872,0.030765405950511727,100.0
