ZL,error,N
-0.36402433150015323,0.008369978429928381,1000.0
