ZL,error,N
-0.34467640763079543,0.006565611291120824,1000.0
