ZL,error,N
-0.3882338858057162,0.009060122806921539,1000.0
