ZL,error,N
-0.3803755416425323,0.009616996927990614,1000.0
