ZL,error,N
0.0022080427178763247,0.0018411396281520526,3000.0
