O^z,error,N,total_data
-0.030235490799901347,0.000617147200305018,500.0,16000.0
