O^z,error,N,total_data
-0.1972696180698594,0.0057429002009719175,1000.0,1000.0
