ZL,error,N
0.6338919016196949,0.00483119252783596,1000.0
