ZL,error,N
0.12237993483957367,0.005235352956232791,1000.0
