ZL,error,N
0.32007686697837395,0.0055577428964346705,1000.0
