ZL,error,N
0.12102289416548112,0.0065846301162086115,666.0
