ZL,error,N
-0.13322042526982014,0.002946848907333942,1000.0
