ZL,error,N
0.43682011699748297,0.005291674297742583,1000.0
