ZL,error,N
0.8596403419695907,0.0004616294092468923,1000.0
