O^z,error,N,total_data
-0.0003211747829254217,0.00011771134557128141,499.0,15968.0
