O^z,error,N,total_data
0.20234001234058588,0.0032864763672336445,1000.0,1000.0
