O^z,error,N,total_data
0.12725252535686263,0.0006677814397971333,1000.0,24000.0
