O^z,error,N,total_data
0.1519260593820191,0.0008141410014988369,1000.0,16000.0
