O^z,error,N,total_data
0.11053926486709445,0.0018610565602690669,100.0,3200.0
