O^z,error,N,total_data
0.10849531215806701,0.0005562446396818787,1000.0,32000.0
