O^z,error,N,total_data
-0.1510974509369538,0.00048682516981738165,1000.0,32000.0
