O^z,error,N,total_data
-0.2351212888251908,0.0008374532373603047,1000.0,16000.0
