O^z,error,N,total_data
-0.18111151770217074,0.0006109783695774415,1000.0,24000.0
