O^z,error,N,total_data
-0.3677959357263479,0.0038829115306462966,1000.0,1000.0
