ZL,error,N
-0.052808741797132026,0.0028559629291816085,1000.0
