ZL,error,N
-0.08008771346836945,0.003969615342326306,1000.0
