ZL,error,N
-0.0894455009663536,0.0035457133998316,1000.0
