ZL,error,N
-0.09462380209929203,0.003179967523529856,1000.0
