ZL,error,N
-0.08484712437056656,0.002763671378521879,1000.0
