ZL,error,N
-0.07465966442730287,0.004537999687847162,884.0
