ZL,error,N
-0.05544132576467884,0.004729885224892033,1000.0
