ZL,error,N
0.16799789631328343,0.006823440540487975,500.0
