ZL,error,N
0.19305647204651588,0.0034808361234698842,1000.0
