ZL,error,N
0.18770966328778974,0.004130712234192262,1000.0
