ZL,error,N
0.20363525886970996,0.0023291449239298896,1000.0
