ZL,error,N
0.8773301719153956,8.555133045013658e-05,1000.0
