ZL,error,N
0.17837671607443034,0.003150234527217329,1000.0
