ZL,error,N
0.17706530937239967,0.003413872745157843,1000.0
