ZL,error,N
0.18410614799640032,0.0025413985546421276,1000.0
