O^z,error,N,total_data
-0.1023846331131259,0.0004973944878341253,1000.0,32000.0
