O^z,error,N,total_data
-0.32590438694505347,0.003851713935038422,1000.0,1000.0
