O^z,error,N,total_data
-0.13423508309125434,0.0006314911467806169,1000.0,24000.0
