O^z,error,N,total_data
-0.19169192736637042,0.0008573279467652856,1000.0,16000.0
