O^z,error,N,total_data
-0.0008338890032768109,0.00046316006432200823,808.0,25856.0
