O^z,error,N,total_data
-0.055044635910757644,0.00452988280954571,982.0,982.0
