O^z,error,N,total_data
-0.004784241225398916,0.0006259948008818056,887.0,21288.0
