O^z,error,N,total_data
-0.01533578773637317,0.0007298328450447283,948.0,15168.0
