O^z,error,N,total_data
-0.29080381465881844,0.005131549828869069,1000.0,1000.0
