O^z,error,N,total_data
-0.16297334866424035,0.0009968034946505248,1000.0,16000.0
