O^z,error,N,total_data
-0.08058895271196162,0.0004985349113974535,1000.0,32000.0
