O^z,error,N,total_data
-0.10945457749392042,0.000669920796203166,1000.0,24000.0
