O^z,error,N,total_data
0.11715742803192493,0.0006526754334991462,1000.0,24000.0
