O^z,error,N,total_data
0.09754921381207579,0.000537841830468722,1000.0,32000.0
