O^z,error,N,total_data
0.144362000412731,0.0008102798060440552,1000.0,16000.0
