O^z,error,N,total_data
0.10230080572008875,0.0017234630464908456,100.0,3200.0
