O^z,error,N,total_data
0.1949567557416166,0.003331479430550568,1000.0,1000.0
