O^z,error,N,total_data
2.4407636576580716e-05,2.1701090587906174e-06,1000.0,32000.0
