ZL,error,N
0.03440665076946983,0.004915971601365956,1000.0
