ZL,error,N
0.08526499607967244,0.004055738197040737,1000.0
