ZL,error,N
0.13131493441973183,0.0031974546927226633,1000.0
