ZL,error,N
0.06008738013578511,0.004546371491135877,1000.0
