O^z,error,N,total_data
0.10983872330785611,0.0006526374966977891,1000.0,24000.0
