O^z,error,N,total_data
0.0952388387240197,0.0017353199423040208,100.0,3200.0
