O^z,error,N,total_data
0.09202492322236426,0.0005311636862920379,1000.0,32000.0
