O^z,error,N,total_data
0.13784151754346854,0.0008109800375624667,1000.0,16000.0
