O^z,error,N,total_data
0.19117121569918286,0.0033524460084896554,1000.0,1000.0
