O^z,error,N,total_data
-0.00306238291617838,0.0005199740115804297,869.0,20856.0
