O^z,error,N,total_data
-0.0651498887882763,0.007265005058558381,470.0,470.0
