O^z,error,N,total_data
-0.01429744458893921,0.0007222519518953083,940.0,15040.0
