O^z,error,N,total_data
-0.002116020251913581,0.00037817369461992813,774.0,24768.0
