O^z,error,N,total_data
-0.059781007166335456,0.004895878713658309,983.0,983.0
