ZL,error,N
0.033446464594451324,0.005711233385647936,499.0
