O^z,error,N,total_data
-0.001008892840949006,0.0001418139958621107,499.0,15968.0
