O^z,error,N,total_data
-0.020808209618867844,0.0005607696354355695,500.0,16000.0
