O^z,error,N,total_data
-0.17673464142919423,0.005866398031645576,1000.0,1000.0
