ZL,error,N
0.0652684821215101,0.0032467601299770938,1000.0
