ZL,error,N
0.05262244259670599,0.003271054657977314,1000.0
