ZL,error,N
0.1043356891361347,0.003113683632541111,1000.0
