ZL,error,N
0.07840465817548359,0.0033599737234165806,1000.0
