O^z,error,N,total_data
-0.14929931045406103,0.0008534092900195195,1000.0,16000.0
