O^z,error,N,total_data
-0.2802282605125646,0.004149700871050735,1000.0,1000.0
