O^z,error,N,total_data
-0.06446814657339024,0.0004291393419944883,1000.0,32000.0
