O^z,error,N,total_data
-0.09348024910024631,0.0005764669460962819,1000.0,24000.0
