O^z,error,N,total_data
0.13088080571307212,0.0006935199605466449,1000.0,24000.0
