O^z,error,N,total_data
0.11394770772830143,0.0005958867736939421,1000.0,32000.0
