O^z,error,N,total_data
0.20718366915613862,0.0031600091565731157,1000.0,1000.0
