O^z,error,N,total_data
0.15898312909725587,0.0008347381181812348,1000.0,16000.0
