O^z,error,N,total_data
-0.3763824150685579,0.003914600599963295,1000.0,1000.0
