O^z,error,N,total_data
-0.18899297160764447,0.0005505391188094282,1000.0,24000.0
