O^z,error,N,total_data
-0.2452309817164747,0.0007729821649591049,1000.0,16000.0
