ZL,error,N
0.0068617585843130866,0.003233419699482604,1000.0
