O^z,error,N,total_data
0.11642614392808216,0.0006581269141484278,1000.0,24000.0
