O^z,error,N,total_data
0.10073727477427952,0.0005562624522072358,1000.0,32000.0
