O^z,error,N,total_data
0.19553768732736,0.0033401359155284687,1000.0,1000.0
