O^z,error,N,total_data
0.10283920835786217,0.0017340403107926237,100.0,3200.0
