O^z,error,N,total_data
0.14442960948522418,0.0008229672221121895,1000.0,16000.0
