O^z,error,N,total_data
0.19965466505993598,0.0033023202333324546,1000.0,1000.0
