O^z,error,N,total_data
0.10421563582795068,0.0005581616682101834,1000.0,32000.0
