O^z,error,N,total_data
0.14905229558132932,0.0008114154735652185,1000.0,16000.0
