O^z,error,N,total_data
0.12227004395255135,0.0006653678047973736,1000.0,24000.0
