O^z,error,N,total_data
-2.2606354700053983e-07,8.267408158618099e-08,1000.0,32000.0
