O^z,error,N,total_data
0.34790145684829066,0.00021749617151262324,1000.0,16000.0
