O^z,error,N,total_data
0.33911944490419277,0.0001789905606039109,1000.0,32000.0
