O^z,error,N,total_data
0.3421018649512397,0.0002015437318826962,1000.0,24000.0
