O^z,error,N,total_data
0.3551757823046094,0.0005751252338228614,1000.0,1000.0
