O^z,error,N,total_data
0.20081027600326948,0.003282076296744804,1000.0,1000.0
