O^z,error,N,total_data
0.15015718272802164,0.0008089336543699669,1000.0,16000.0
