O^z,error,N,total_data
0.10921575438931148,0.0017571296203675222,100.0,3200.0
