O^z,error,N,total_data
0.12375443467020543,0.0006692957377562504,1000.0,24000.0
