O^z,error,N,total_data
0.10560188079542737,0.0005476338297631706,1000.0,32000.0
