ZL,error,N
-0.16153360960152413,0.003087256055526746,1000.0
