ZL,error,N
-0.021378236627664218,0.0061739970158101055,1000.0
