ZL,error,N
-0.13341897042137127,0.006147489241360728,500.0
