ZL,error,N
-0.10011456392842298,0.001806713313341336,1000.0
