ZL,error,N
-0.14755739703291804,0.0018523014543179205,1000.0
