ZL,error,N
-0.15502412007211885,0.004338379501589186,500.0
