ZL,error,N
-0.05220362232352705,0.00839718763659995,487.0
