ZL,error,N
-0.012158971543869267,0.010104250029465897,399.0
