ZL,error,N
-0.16467085350462277,0.0024463298368585474,1000.0
