ZL,error,N
-0.038316393647645754,0.008851531947135742,472.0
