ZL,error,N
-0.09221054110903312,0.0054194728690067735,1000.0
