ZL,error,N
-0.08413847712529418,0.007529800852616894,500.0
