ZL,error,N
-0.04765074672300997,0.005999799244512361,1000.0
