ZL,error,N
-0.11777362468521863,0.005013913965249996,1000.0
