ZL,error,N
-0.15176046135555804,0.0038207814002663315,1000.0
