ZL,error,N
-0.14607979125526432,0.002787728228667661,500.0
