ZL,error,N
-0.1347612279930405,0.004437497190943474,1000.0
