ZL,error,N
-0.0628520004605567,0.005749995915422567,1000.0
