ZL,error,N
-0.11322314863450393,0.007094219409289449,500.0
