O^z,error,N,total_data
7.293198979523002e-07,2.244131708337254e-07,1000.0,32000.0
