O^z,error,N,total_data
-0.12249207279393277,0.006064598130369167,1.0,24.0
