O^z,error,N,total_data
-0.2013631394577073,0.011469715374498193,1.0,16.0
