O^z,error,N,total_data
-0.03576312683783334,0.0028173262241959515,1.0,32.0
