O^z,error,N,total_data
1.6117056950502295e-13,1.1443673999412963e-13,500.0,16000.0
