O^z,error,N,total_data
-1.0891673404241372e-13,9.149289315049354e-14,999.0,15984.0
