ZL,error,N
-0.2854786739156707,0.03259792715238721,100.0
