ZL,error,N
-0.30069023060456723,0.0070677834132592135,1000.0
