ZL,error,N
-0.2625351397347781,0.010705535983606091,1000.0
