ZL,error,N
-0.29642459099266255,0.009041459050277369,1000.0
