O^z,error,N,total_data
-3.2484325879672407e-06,5.470543275950714e-07,1000.0,32000.0
