ZL,error,N
0.1403812380939965,0.0028934228750613685,1000.0
