ZL,error,N
0.12155446995880805,0.003360602370844554,1000.0
