ZL,error,N
0.1026531845009065,0.003529927810552985,1000.0
