ZL,error,N
0.07384092284152133,0.004905361053183349,999.0
