ZL,error,N
-0.14595288383154273,0.0034401425891851236,1000.0
