ZL,error,N
-0.11395485245953277,0.003183454735514301,1000.0
