ZL,error,N
-0.0292812162043908,0.0030620936920804746,1000.0
