O^z,error,N,total_data
-0.04394684433965676,0.0005864858194689261,1000.0,24000.0
