O^z,error,N,total_data
-0.19128084460161882,0.00565360309134873,1000.0,1000.0
