O^z,error,N,total_data
-0.07966055744560513,0.0009457791154017305,1000.0,16000.0
