O^z,error,N,total_data
-0.026243621401332365,0.0001433923169984613,7000.0,224000.0
