O^z,error,N,total_data
-3.66456278330271e-07,2.166206121327089e-07,500.0,32000.0
