O^z,error,N,total_data
0.00021176959800731207,1.446211631835011e-05,1000.0,24000.0
