O^z,error,N,total_data
0.0014488346742483247,6.223131368088595e-05,1000.0,16000.0
