O^z,error,N,total_data
0.015366718471230006,0.0009150485784804689,1000.0,1000.0
