O^z,error,N,total_data
2.18713817206352e-05,6.209988071354232e-06,1000.0,32000.0
