O^z,error,N,total_data
4.792462734668594e-09,7.137799328234148e-07,500.0,24000.0
