O^z,error,N,total_data
-0.0998324156065387,0.0006998142352383618,1000.0,20000.0
