O^z,error,N,total_data
-0.054296112930797585,0.0004173439455884547,1000.0,32000.0
