O^z,error,N,total_data
-0.0797287905312903,0.0005697425319554387,1000.0,24000.0
