O^z,error,N,total_data
-0.2625438548477382,0.004615751861869739,1000.0,1000.0
