O^z,error,N,total_data
-0.1792843355285305,0.0011609502516865648,1000.0,12000.0
