O^z,error,N,total_data
-0.13284854880131647,0.0008960883378934232,1000.0,16000.0
