ZL,error,N
0.7518600832765352,0.006635737579648724,1000.0
