ZL,error,N
-0.2359602320492784,0.010012862795900659,1000.0
