ZL,error,N
-0.21180681159622036,0.010455510295873325,1000.0
