ZL,error,N
-0.27562495924599245,0.0072084487914580424,1000.0
