ZL,error,N
-0.2564750703902319,0.00917269328611726,1000.0
