ZL,error,N
-0.2538481327184325,0.031384429097814213,100.0
