ZL,error,N
0.017634471465111014,0.0015023146800819452,7000.0
