ZL,error,N
-0.00818019060487337,0.002777515227304462,1000.0
