O^z,error,N,total_data
0.008659020060294046,0.00017194524059709054,1000.0,32000.0
