ZL,error,N
-0.4533951253456868,0.0054550062613206805,1000.0
