ZL,error,N
-0.6007377752899505,0.007496971350527701,1000.0
