ZL,error,N
-0.5435368470519529,0.007189023503656053,1000.0
