ZL,error,N
-0.63603774889377,0.007817620316720886,1000.0
