ZL,error,N
-0.038794545484177566,0.0034701685093044173,1000.0
