ZL,error,N
-0.05081901253987719,0.0035979595201653856,1000.0
