ZL,error,N
-0.053677396281459046,0.00363887453604851,1000.0
