ZL,error,N
0.005409731526514152,0.003443361944992937,1000.0
