O^z,error,N,total_data
-0.025761558077894597,0.000552856669056089,1000.0,24000.0
