O^z,error,N,total_data
-0.05603489386920544,0.000930322389599904,1000.0,16000.0
