O^z,error,N,total_data
-0.014904587771205274,0.00036234584704419913,1000.0,32000.0
