ZL,error,N
0.10818885565283867,0.0036979810482638434,1000.0
