ZL,error,N
0.13591402861703425,0.00308030370516684,1000.0
