ZL,error,N
0.0847845962875261,0.0040668030249723765,1000.0
