ZL,error,N
0.028736852532991197,0.002041196581532608,2000.0
