ZL,error,N
0.09518948853613063,0.0031096814473894467,1000.0
