ZL,error,N
0.053149832968802616,0.0012711009160468784,6000.0
