ZL,error,N
0.06716014384457188,0.0012874764573502307,6000.0
