ZL,error,N
0.04628184016056155,0.0012646866409874171,6000.0
