O^z,error,N,total_data
-1.530389261064229e-10,3.777013499996228e-10,1000.0,32000.0
