ZL,error,N
0.17534958998891859,0.0033878717426339884,1000.0
