ZL,error,N
0.17167743702878183,0.003749146334622941,1000.0
