ZL,error,N
0.17725642933178617,0.0031338384788307415,1000.0
