ZL,error,N
0.18473327896439473,0.0025680576641798746,1000.0
