ZL,error,N
0.27197191810795357,0.0011856265821439597,1000.0
