ZL,error,N
0.35223803038887985,0.002198529378548381,1000.0
