ZL,error,N
0.32103802618165306,0.0016974973260706616,1000.0
