ZL,error,N
0.005658604848727138,0.0021171053745701533,996.0
