ZL,error,N
0.004032580465290311,0.0024185653951627538,986.0
