ZL,error,N
0.005575252381398563,0.0027088339824352494,975.0
