ZL,error,N
0.008088691941516402,0.00215947610469419,998.0
