O^z,error,N,total_data
0.12417858752741012,0.0033640774514423124,1000.0,1000.0
