O^z,error,N,total_data
0.04020367851312036,0.0004286566678229824,1000.0,24000.0
