O^z,error,N,total_data
0.0265412548727712,0.00030848805529643057,1000.0,32000.0
