O^z,error,N,total_data
0.0650408384511192,0.0006620475648440406,1000.0,16000.0
