ZL,error,N
-0.030129193041048965,0.003570499616345612,1000.0
