ZL,error,N
0.009465966866052488,0.0034215324277063522,1000.0
