ZL,error,N
-0.1012647096881582,0.0037727420755901044,1000.0
