ZL,error,N
-0.07565566189029259,0.0037348693682799795,1000.0
