ZL,error,N
-0.09469469851950296,0.0036380635061056565,1000.0
