ZL,error,N
-0.10216385075685445,0.003891647742995114,1000.0
