ZL,error,N
-0.060295731186466986,0.0035970252003817687,1000.0
