O^z,error,N,total_data
-0.05323680143444476,0.00045237542743318637,1000.0,16000.0
