O^z,error,N,total_data
-0.007947641939142136,0.00016744057572469018,500.0,16000.0
