O^z,error,N,total_data
-0.17725666941781645,0.0030294448425775044,1000.0,1000.0
