O^z,error,N,total_data
-0.018245563919334365,0.00019683367174085496,1000.0,24000.0
