O^z,error,N,total_data
-0.002353938016985811,0.00036455913904151737,849.0,27168.0
