O^z,error,N,total_data
-0.004261602298459035,0.00044411177838980077,893.0,21432.0
