O^z,error,N,total_data
-0.05361750562337979,0.005203480054820441,876.0,876.0
