O^z,error,N,total_data
-0.012174531242351714,0.0007061237837847822,963.0,15408.0
