ZL,error,N
-0.15315024464043375,0.004311058646518119,1000.0
