ZL,error,N
-0.14162978990283862,0.0027577832711056863,1000.0
