ZL,error,N
-0.16255008558569595,0.003404228289075507,1000.0
