ZL,error,N
-0.058903863670163606,0.0026405374531041277,1000.0
