O^z,error,N,total_data
0.0057033925771577225,0.0001346348748049902,1000.0,32000.0
