ZL,error,N
0.025020324088512347,0.003576372289666625,1000.0
