ZL,error,N
0.08893712227027886,0.0032309273609541994,1000.0
