ZL,error,N
0.0530655678848049,0.0034647373276171537,1000.0
