ZL,error,N
0.03858908107662436,0.0034328978209052976,1000.0
