ZL,error,N
0.38457927105793177,0.010616035396133984,497.0
