ZL,error,N
0.8937888951139407,7.945460594626727e-05,1000.0
