O^z,error,N,total_data
-0.02159533329867426,0.0008248642232889005,976.0,15616.0
