O^z,error,N,total_data
-0.00763757982114583,0.0004738625913709269,940.0,22560.0
