O^z,error,N,total_data
-0.08011595320940694,0.005119760492210395,993.0,993.0
