O^z,error,N,total_data
-0.027214316257544606,0.000434068967814684,1000.0,32000.0
