O^z,error,N,total_data
0.08523630211285152,0.0005119067320992927,1000.0,32000.0
