O^z,error,N,total_data
0.18497146872142273,0.0033334543395121805,1000.0,1000.0
