O^z,error,N,total_data
0.1018487030571038,0.0006311606571583743,1000.0,24000.0
