O^z,error,N,total_data
0.13037361466189357,0.0007985823450621638,1000.0,16000.0
