O^z,error,N,total_data
-0.08772229415151118,0.0006085048704391161,1000.0,24000.0
