O^z,error,N,total_data
-0.13823910735246447,0.0009218425681011775,1000.0,16000.0
