O^z,error,N,total_data
-0.06081867847619149,0.000444305678420529,1000.0,32000.0
