O^z,error,N,total_data
-0.27170010736043876,0.004816618987072849,1000.0,1000.0
