ZL,error,N
-0.1738686945152336,0.002244240090571413,1000.0
