ZL,error,N
-0.15153998396925497,0.003732531171363729,1000.0
