ZL,error,N
-0.11227123604563176,0.0015290353125589657,1000.0
