O^z,error,N,total_data
-0.0071910569110291735,0.00016662412812208348,1000.0,32000.0
