O^z,error,N,total_data
-0.039081676556753,0.0006045651322711141,1000.0,16000.0
