O^z,error,N,total_data
-0.01588944523188346,0.0003039622246660378,1000.0,24000.0
