O^z,error,N,total_data
-0.1324668868841998,0.004520840292896163,1000.0,1000.0
