Jdis,O^z,error,N
2.0,-9.484764662178091e-17,2.069263373949357e-17,10.0
