Jdis,O^z,error,N
2.0,4.1000494937513857e-10,5.2493963998414235e-11,10.0
