Jdis,O^z,error,N
2.0,-5.909717421660943e-13,9.611802996342365e-14,10.0
