Jdis,O^z,error,N
2.0,1.3307940893787547e-17,3.0287707118728747e-17,10.0
