ZL,error,N
0.009811780572745383,0.003309148098359176,775.0
