ZL,error,N
0.00905658849390256,0.002470186770608755,946.0
