ZL,error,N
0.006679855794189388,0.0031460419176157703,879.0
