ZL,error,N
0.006676796287786669,0.0020714659713228895,983.0
