ZL,error,N
0.1598840081975651,0.0028357289926240537,1000.0
