ZL,error,N
0.11737261537546606,0.004104935227072258,1000.0
