ZL,error,N
0.09092861359943671,0.004547565903074367,1000.0
