ZL,error,N
-0.27754459803927517,0.006945970363510379,1000.0
