ZL,error,N
-0.2609281203174807,0.00867724821737137,1000.0
