ZL,error,N
-0.24116762310886178,0.009277066534594387,1000.0
