ZL,error,N
-0.21943302063090706,0.009641825340718004,1000.0
