O^z,error,N,total_data
0.022074405167148512,0.0002898168995164335,1000.0,32000.0
