O^z,error,N,total_data
-0.20271920776748215,0.005809747518802298,1000.0,1000.0
