O^z,error,N,total_data
-0.03265019273924994,0.0001635020221217848,6998.0,223936.0
