ZL,error,N
0.0013757620998590076,0.004045243196926848,500.0
