ZL,error,N
0.02135779941041214,0.0028297664820585646,1000.0
