O^z,error,N,total_data
0.1137567744634666,0.0007912091060510864,1000.0,16000.0
