O^z,error,N,total_data
0.0657443607589825,0.0004711576833479043,1000.0,32000.0
