O^z,error,N,total_data
0.0822971581648864,0.0005939782477450024,1000.0,24000.0
