O^z,error,N,total_data
0.17046149971297783,0.0034050331175688045,1000.0,1000.0
