O^z,error,N,total_data
2.2781064943151145e-05,7.718717068568938e-06,1000.0,32000.0
