O^z,error,N,total_data
-0.4413406741751417,0.0022609308428352863,1000.0,1000.0
