O^z,error,N,total_data
-0.303702526416298,0.0005506491474767509,1000.0,16000.0
