O^z,error,N,total_data
-0.24403226881225185,0.0004262354398737833,1000.0,24000.0
