O^z,error,N,total_data
0.09371649813739644,0.0005290270873511832,1000.0,32000.0
