O^z,error,N,total_data
0.11206472849893602,0.000648253866967984,1000.0,24000.0
