O^z,error,N,total_data
0.14041025647202282,0.0008133927699603252,1000.0,16000.0
