O^z,error,N,total_data
0.1934714479663588,0.003345453461944897,1000.0,1000.0
