ZL,error,N
-0.007518861772889716,0.005326698687888097,500.0
