ZL,error,N
-0.25742866742653847,0.008737542210843328,1000.0
