ZL,error,N
-0.2760584657302062,0.006997124286202709,1000.0
