ZL,error,N
-0.22299306933373397,0.009702221506574543,1000.0
