ZL,error,N
-0.23661271487248212,0.009316743633954287,1000.0
