O^z,error,N,total_data
0.08096782006681963,0.001915418315443087,1000.0,1000.0
