O^z,error,N,total_data
0.0017056415787937583,4.918586447374264e-05,1000.0,32000.0
