O^z,error,N,total_data
3.944902327157999e-05,4.537735913445201e-06,500.0,32000.0
