O^z,error,N,total_data
0.00468750900169657,8.166872588278169e-05,1000.0,24000.0
