O^z,error,N,total_data
0.000271471418562408,1.447285200793327e-05,500.0,24000.0
