O^z,error,N,total_data
0.018412552014391098,0.0002400957581296701,1000.0,16000.0
