ZL,error,N
0.5162047713405373,0.009497345994390383,1000.0
