ZL,error,N
0.05000711984873925,0.003487706944178543,1000.0
