ZL,error,N
0.003050285484263243,0.0036971677446656294,1000.0
