ZL,error,N
-0.029016755350558577,0.0036558079495150864,1000.0
