ZL,error,N
-0.02049949223293776,0.0038075183583583306,1000.0
