O^z,error,N,total_data
-0.021856201809981754,0.0006367066135879088,1000.0,16000.0
