O^z,error,N,total_data
-0.00861466723127325,0.0003499983600860323,999.0,23976.0
