O^z,error,N,total_data
-0.0045896999839821935,0.0002403974122785079,997.0,31904.0
