O^z,error,N,total_data
-0.08711705945640216,0.004954443709371065,1000.0,1000.0
