O^z,error,N,total_data
-0.002901867523072556,0.00033985016807766853,500.0,16000.0
