ZL,error,N
-0.34606869997304485,0.008365548783949954,1000.0
