ZL,error,N
-0.35732705751740046,0.008937648902321538,1000.0
