ZL,error,N
-0.332479754717066,0.006649684356270683,1000.0
