ZL,error,N
-0.3461254309508238,0.009830525953009355,1000.0
