O^z,error,N,total_data
0.3487292033505125,0.00021311308008271893,1000.0,16000.0
