O^z,error,N,total_data
0.3425746754424299,0.00020073713138001924,1000.0,24000.0
