O^z,error,N,total_data
0.33960366211296644,0.00018002099817345118,1000.0,32000.0
