O^z,error,N,total_data
0.35588502127849764,0.0005519890497151939,1000.0,1000.0
