O^z,error,N,total_data
-0.04416679045429832,0.0006233659307617644,500.0,16000.0
