Dimerization,O^z
0.1,0.34741918298365726
0.2,0.3255090166851671
0.3,0.0033223472920049036
0.4,-0.0010064642038406068
0.5,-3.424183919933325e-05
0.6,1.522020085267523e-05
0.7,-2.0532328750993644e-07
0.8,-6.446799558694365e-07
0.9,-2.030643603923285e-08
1.0,4.689724887991968e-29
