ZL,error,N
0.8526156986474357,0.006851909761765432,998.0
