ZL,error,N
0.6549789481270021,0.0032586937077529873,1000.0
