ZL,error,N
0.8421368346881468,0.004408554516639238,1000.0
