ZL,error,N
0.7933142479742168,0.0037122340985052877,1000.0
