ZL,error,N
0.8736130912423004,0.010811145642958486,498.0
