ZL,error,N
0.8900973256269648,0.010009815205723702,499.0
