ZL,error,N
0.045969277313984556,0.008135293212195943,1000.0
