ZL,error,N
0.3301980970525126,0.002348233429161501,1000.0
