ZL,error,N
0.2610459483143216,0.0013513393887929982,1000.0
