ZL,error,N
0.2995240908455961,0.0021560416270033395,1000.0
