ZL,error,N
0.008349779639939605,0.0021960220674275017,1000.0
