ZL,error,N
0.0053387371774850385,0.002116472749596784,998.0
