ZL,error,N
0.023044053607317882,0.002475627903279459,1000.0
