ZL,error,N
-0.1450893257880684,0.0029103948034568707,1000.0
