ZL,error,N
-0.20221606573529619,0.003074648667924198,1000.0
