ZL,error,N
-0.0393922495495059,0.002822996774655264,1000.0
