O^z,error,N,total_data
-0.03375127976122179,0.00016506913052408243,7000.0,224000.0
