O^z,error,N,total_data
-0.20324209258994633,0.005843839824112863,1000.0,1000.0
