ZL,error,N
0.9022252483954326,4.768894967360494e-16,1000.0
