O^z,error,N,total_data
0.0004840766476919528,4.303071379365978e-05,1000.0,32000.0
