ZL,error,N
-0.30178589597343397,0.009561937626061117,1000.0
