ZL,error,N
-0.30845955609905795,0.008628636349107505,1000.0
