ZL,error,N
-0.3073079911674582,0.006821562406627643,1000.0
