ZL,error,N
-0.2856914637901632,0.010124549962474335,1000.0
