ZL,error,N
0.7256791469035364,0.004969992953850622,1000.0
