O^z,error,N,total_data
-0.03598443006511477,0.00025824089352153705,3000.0,96000.0
