ZL,error,N
0.2717606971119913,0.0012387053675620469,1000.0
