ZL,error,N
0.32435650463317095,0.0018344075733180058,1000.0
