ZL,error,N
0.3600347858301741,0.0019269691409535042,1000.0
