ZL,error,N
-0.4652566358346536,0.007801148468205682,1000.0
