ZL,error,N
-0.4048442275396718,0.005965580495608356,1000.0
