ZL,error,N
-0.5039705537354355,0.008306838181560324,1000.0
