ZL,error,N
-0.524369913762687,0.008852255756588897,1000.0
