ZL,error,N
0.5367057479683949,5.2818650001198395e-05,969.0
