O^z,error,N,total_data
0.1665000909949171,0.003395886101223291,1000.0,1000.0
