O^z,error,N,total_data
0.10932968328885759,0.000788217990382281,1000.0,16000.0
