O^z,error,N,total_data
0.08042461038117482,0.0005793650869958195,1000.0,24000.0
