O^z,error,N,total_data
0.06205575179015342,0.00046326682079714644,1000.0,32000.0
