O^z,error,N,total_data
-0.3711086273517206,0.0035118298084413245,1000.0,1000.0
