O^z,error,N,total_data
-0.1884707944554644,0.0006279679528623783,1000.0,24000.0
