O^z,error,N,total_data
-0.2395986011552105,0.0008218015353848686,1000.0,16000.0
