O^z,error,N,total_data
-0.1584063049771987,0.0005111668383445385,1000.0,32000.0
