O^z,error,N,total_data
-0.14981979474617907,0.0006443415840987456,1000.0,24000.0
