O^z,error,N,total_data
-0.34055056445375537,0.003887533768113272,1000.0,1000.0
