O^z,error,N,total_data
-0.20661582590451155,0.0008641583483694518,1000.0,16000.0
