O^z,error,N,total_data
0.12782084390984208,0.0005888173909060886,1000.0,32000.0
