O^z,error,N,total_data
0.16744133274132045,0.0008179411067865113,1000.0,16000.0
