O^z,error,N,total_data
0.14485330251993392,0.0006825610533086351,1000.0,24000.0
