O^z,error,N,total_data
0.21446917304105734,0.003147524949897372,1000.0,1000.0
