O^z,error,N,total_data
-0.09959242433692905,0.00048008507167112205,1000.0,28000.0
