O^z,error,N,total_data
-0.04476499677718909,0.0002784213719981358,875.0,41992.0
