O^z,error,N,total_data
-0.12100130597485004,0.0005632389066834967,1000.0,24000.0
