O^z,error,N,total_data
-0.12144807437128065,0.0005635425115060074,1000.0,24000.0
