O^z,error,N,total_data
-0.18284709117789327,0.0007604372053464526,1000.0,16000.0
