O^z,error,N,total_data
-0.08226210287212546,0.000604822760382085,500.0,16000.0
