O^z,error,N,total_data
-0.005031691203608061,0.0001298322769540273,200.0,25600.0
