O^z,error,N,total_data
-0.14647256321238006,0.000651319317897096,1000.0,20000.0
