O^z,error,N,total_data
-0.32125035923285067,0.003149466055073644,1000.0,1000.0
