O^z,error,N,total_data
-0.2336169645471949,0.0009018915589137611,1000.0,12000.0
