O^z,error,N,total_data
-0.045421710702593536,0.0002613918204645747,1000.0,48000.0
