O^z,error,N,total_data
-0.027370827063328367,0.0002517361157008654,500.0,32000.0
