O^z,error,N,total_data
-0.3212503592326975,0.0031494660550724775,1000.0,1000.0
