O^z,error,N,total_data
-0.05920574305736396,0.0003240651057820775,1000.0,40000.0
