O^z,error,N,total_data
-0.08545497819016241,0.00043827420510578175,1000.0,32000.0
