O^z,error,N,total_data
-0.18275905990587984,0.0007603474290257552,1000.0,16000.0
