O^z,error,N,total_data
-0.028731910805153308,0.00018733547972227415,1000.0,64000.0
