O^z,error,N,total_data
-0.07055837324500519,0.00038124746042155616,1000.0,36000.0
