O^z,error,N,total_data
-0.054994278629316946,0.0003062335172716274,1000.0,44000.0
