ZL,error,N
0.24504512149855193,0.003991155084898877,1000.0
