ZL,error,N
0.231528416673429,0.0017937793341416656,1000.0
