ZL,error,N
0.23916663528786788,0.0030862902914259287,1000.0
