ZL,error,N
-0.32016594249692965,0.00945762312131969,1000.0
