ZL,error,N
-0.3239588228391137,0.008573018962767959,1000.0
