ZL,error,N
-0.30935850769997975,0.009885641829260232,1000.0
