ZL,error,N
-0.3155668864400653,0.006787803982657437,1000.0
