O^z,error,N,total_data
-0.42593380182539614,0.002017597927801458,1000.0,1000.0
