O^z,error,N,total_data
-0.32266622475954215,0.0005313257733867197,1000.0,16000.0
