O^z,error,N,total_data
-0.2884999655195579,0.0004567566922215655,1000.0,24000.0
