O^z,error,N,total_data
0.08454820893883518,0.0005169353566081489,1000.0,32000.0
