O^z,error,N,total_data
0.13165286838378934,0.000805727354900509,1000.0,16000.0
