O^z,error,N,total_data
0.0865206015615991,0.0016567854295268841,100.0,3200.0
