O^z,error,N,total_data
0.10016176381261173,0.0006366123870680992,1000.0,24000.0
