O^z,error,N,total_data
0.18425311240845738,0.0033527999050426732,1000.0,1000.0
