ZL,error,N
-0.3443390136184408,0.010102284945505148,1000.0
