ZL,error,N
-0.34985729039509283,0.009679417731050684,1000.0
