ZL,error,N
-0.33157425706509225,0.006754187943131333,1000.0
