ZL,error,N
-0.3447606196824247,0.008579767435567646,1000.0
