ZL,error,N
0.29251559393154936,0.01131210218058199,1000.0
