ZL,error,N
0.08691639958170613,0.010840278793757346,1000.0
