ZL,error,N
0.21553086900748167,0.011239828199940844,1000.0
