ZL,error,N
-0.0894390569562286,0.00864948348746578,1000.0
