ZL,error,N
0.06613186228657267,0.003298555362145565,1000.0
