ZL,error,N
0.08794810351224379,0.0034407229667543808,1000.0
