ZL,error,N
0.07466780204865964,0.003292501631905156,1000.0
