ZL,error,N
0.11435871756012471,0.003057733775105425,1000.0
