ZL,error,N
-0.20396856267203942,0.010039949692782041,1000.0
