ZL,error,N
-0.26195718799293183,0.007295865891612979,1000.0
