ZL,error,N
-0.1815721800066495,0.010500677985229332,1000.0
