ZL,error,N
-0.23478919518298447,0.009137604779484759,1000.0
