O^z,error,N,total_data
-0.018183139917284052,0.0005599524551204072,500.0,16000.0
