ZL,error,N
0.5640827512364144,0.0093348885614721,1000.0
