O^z,error,N,total_data
-0.004911745597830558,0.0004983022691103498,867.0,20808.0
