O^z,error,N,total_data
-0.001020986065465996,0.0003588487975534102,785.0,25120.0
