O^z,error,N,total_data
-0.0584099566315701,0.004553969090435785,983.0,983.0
