O^z,error,N,total_data
-0.01415290355238433,0.0007791221850112941,947.0,15152.0
