O^z,error,N,total_data
-0.055910189981913855,0.0051794028624265595,751.0,751.0
