ZL,error,N
0.008869057823937857,0.003283126195323799,500.0
