ZL,error,N
0.04285797863015744,0.002852231967787886,1000.0
