Dimerization,O^z,error
0,0.27776610881186076,0.0013973310712024568
