Dimerization,O^z,error
0,0.2770532139243914,0.002032757297384517
