ZL,error,N
-0.3187879540947683,0.008476069313689487,1000.0
