ZL,error,N
-0.323142518152069,0.031294007507780774,100.0
