ZL,error,N
-0.3169304563197192,0.009369699416532812,1000.0
