ZL,error,N
-0.31334226590740216,0.006783569357319941,1000.0
