ZL,error,N
-0.30345914934977575,0.009783239989060312,1000.0
