O^z,error,N,total_data
0.13813470729768254,0.0008111020842580183,1000.0,16000.0
