O^z,error,N,total_data
0.1889628045577806,0.0033641744590349578,1000.0,1000.0
