O^z,error,N,total_data
0.10915389985479572,0.0006498892480491308,1000.0,24000.0
