O^z,error,N,total_data
0.09261126549672391,0.001715270650539199,100.0,3200.0
