O^z,error,N,total_data
0.09123482898882716,0.00052686561707254,1000.0,32000.0
