O^z,error,N,total_data
0.2863455538549494,0.00041885124227230994,1000.0,24000.0
