O^z,error,N,total_data
0.30334320836455547,0.001613031165058089,1000.0,1000.0
