O^z,error,N,total_data
0.29168990233115144,0.00048157750383973503,1000.0,16000.0
