O^z,error,N,total_data
0.28238991842778804,0.0003783710906627786,1000.0,32000.0
