ZL,error,N
0.001463654826597761,0.004200745540452129,1000.0
