ZL,error,N
-0.05944156716774358,0.004595786729015578,1000.0
