ZL,error,N
0.06996698728010786,0.0035658566057890375,1000.0
