ZL,error,N
-0.034346834903366985,0.004347306773730104,1000.0
