ZL,error,N
0.006943981322668676,0.002271419894678766,995.0
