ZL,error,N
0.004824284259274872,0.0021295556817326573,998.0
