ZL,error,N
0.004126406479187799,0.0027760029620144057,972.0
