ZL,error,N
0.0065780464239936385,0.0025662046315655268,992.0
