O^z,error,N,total_data
-0.014383422044380178,0.0002477413401595135,1000.0,24000.0
