O^z,error,N,total_data
-0.14027973402329022,0.0038619942011127355,1000.0,1000.0
