O^z,error,N,total_data
-0.04088769344747795,0.0005358097275592089,1000.0,16000.0
