O^z,error,N,total_data
-0.007028000371865119,0.000147117361629131,1000.0,32000.0
