ZL,error,N
-0.6890099312041885,0.005405120320818299,1000.0
