ZL,error,N
-0.5022177611790416,0.0044630607235072485,1000.0
