ZL,error,N
-0.7361888390900583,0.005120746874346312,1000.0
