ZL,error,N
-0.6257974281434708,0.005018763017576834,1000.0
