O^z,error,N,total_data
-0.18718352322069817,0.0012756115313964525,500.0,6000.0
