O^z,error,N,total_data
-0.18959487439630437,0.0008916669636016325,1000.0,12000.0
