O^z,error,N,total_data
-0.09738054379472225,0.0007976151425632367,500.0,10000.0
