O^z,error,N,total_data
-0.2753960061222791,0.0032318834309922923,1000.0,1000.0
