O^z,error,N,total_data
-0.044547925674084915,0.0003110820434353802,1000.0,32000.0
