O^z,error,N,total_data
-0.03643856638840533,0.00026788458021009484,1000.0,36000.0
