O^z,error,N,total_data
-0.05916647976728676,0.0003879538327485678,1000.0,28000.0
