O^z,error,N,total_data
-0.02742744017964499,0.0002108245976147308,1000.0,40000.0
