O^z,error,N,total_data
-0.060932923154614356,0.0005645341339476257,500.0,14000.0
