O^z,error,N,total_data
-0.13562515640767872,0.0007140009669520947,1000.0,16000.0
