O^z,error,N,total_data
-0.0007069116970520606,3.1059267280674354e-05,200.0,25600.0
