O^z,error,N,total_data
-0.04338953667818553,0.00044083641742969634,500.0,16000.0
