O^z,error,N,total_data
-0.027016516205493446,0.00029676613053192697,494.0,19755.0
