O^z,error,N,total_data
-0.01808343367106872,0.00015978743867038313,1000.0,48000.0
