O^z,error,N,total_data
-0.008480449816764902,8.88357842809192e-05,1000.0,64000.0
