O^z,error,N,total_data
-0.022891702295214093,0.00018215489520656344,1000.0,44000.0
