O^z,error,N,total_data
-0.03666795657463797,0.00038108339427144475,500.0,18000.0
