O^z,error,N,total_data
-0.0996380054026968,0.000568529739792634,1000.0,20000.0
