O^z,error,N,total_data
-0.008296316056039263,0.0001242676742033833,500.0,32000.0
