O^z,error,N,total_data
-0.07669889937881116,0.0004657900092918436,1000.0,24000.0
