O^z,error,N,total_data
-0.12019530400385293,0.00023991887292223907,882.0,42310.0
