O^z,error,N,total_data
-0.04541765376246076,0.00024297748072914298,100.0,12800.0
