O^z,error,N,total_data
-0.2696062325369507,0.000619442561888373,1000.0,16000.0
