O^z,error,N,total_data
-0.09590590895450421,0.0003423313919516846,250.0,16000.0
