O^z,error,N,total_data
-0.16868459374267364,0.00033842473079835064,1000.0,32000.0
