O^z,error,N,total_data
-0.12347480047546323,0.00022472493735018425,1000.0,48000.0
