O^z,error,N,total_data
-0.41172709952976005,0.0029369486763051902,1000.0,1000.0
