O^z,error,N,total_data
-0.09632432064362575,0.00016637209990402472,1000.0,64000.0
