O^z,error,N,total_data
-0.20522353196662677,0.0004303139500803142,1000.0,24000.0
