O^z,error,N,total_data
0.005126960218139456,0.0007927998597046369,1000.0,1000.0
