O^z,error,N,total_data
-4.948158532103974e-06,8.927573501197056e-06,1000.0,32000.0
