O^z,error,N,total_data
0.00042608852381354015,5.921315433208036e-05,1000.0,16000.0
