O^z,error,N,total_data
-1.4046040311080929e-05,6.6633664069659554e-06,499.0,31936.0
