O^z,error,N,total_data
8.932566219913157e-06,8.035598786199227e-06,1000.0,24000.0
