O^z,error,N,total_data
-3.7161995425446226e-06,4.964081298501913e-06,500.0,24000.0
