O^z,error,N,total_data
-0.010025210884105523,0.0002087705798393609,5807.0,139368.0
