O^z,error,N,total_data
-0.08683040070775565,0.005602872426961907,996.0,996.0
