O^z,error,N,total_data
-0.0004690848456588528,0.00012309255549388214,1629.0,104256.0
