O^z,error,N,total_data
-0.004423987464162184,0.0001511559775016997,5678.0,181696.0
