O^z,error,N,total_data
-0.024780445799542743,0.0003399786504464143,5944.0,95104.0
