O^z,error,N,total_data
-0.3035744462652505,0.0004169068822803154,1000.0,24000.0
