O^z,error,N,total_data
-0.4491534813762612,0.002001769047088458,1000.0,1000.0
