O^z,error,N,total_data
-0.33863721196156027,0.0005190769845135162,1000.0,16000.0
