ZL,error,N
0.010936661715945524,0.00361048145284322,500.0
