O^z,error,N,total_data
0.1773491931698873,0.0010546973914015198,1000.0,1000.0
