O^z,error,N,total_data
0.022590923451498105,0.00016571994458532238,1000.0,32000.0
