O^z,error,N,total_data
0.04180466421831722,0.0002370682586567528,1000.0,24000.0
