O^z,error,N,total_data
0.08711455057111246,0.0004307093899178131,666.0,10656.0
