O^z,error,N,total_data
0.08672877021604032,0.0003441372748374997,1000.0,16000.0
