ZL,error,N
0.009558922240378024,0.002803421824047384,1000.0
