ZL,error,N
0.0126421647139379,0.0046723650862149765,500.0
