O^z,error,N,total_data
-0.005318077026128122,0.00010885985781975121,1000.0,24000.0
