O^z,error,N,total_data
-0.022264591742422866,0.00018314443522565152,1000.0,16000.0
