O^z,error,N,total_data
-0.13785010730574931,0.0011574395651248607,1000.0,1000.0
