ZL,error,N
0.8735382429081865,0.002842499178592997,1000.0
