O^z,error,N,total_data
0.13307762485775554,0.0008027762580295906,1000.0,16000.0
