O^z,error,N,total_data
0.18607889052352386,0.0033461243757377424,1000.0,1000.0
