O^z,error,N,total_data
0.10544751788993172,0.0006277613823749993,1000.0,24000.0
