O^z,error,N,total_data
0.09305976590706758,0.001717975167363447,100.0,3200.0
