O^z,error,N,total_data
0.08731951949231585,0.000525460288552941,1000.0,32000.0
