ZL,error,N
0.10804183385704716,0.01280562765979293,1000.0
