ZL,error,N
-0.049332850955479415,0.011321482036513033,1000.0
