ZL,error,N
0.0335965706004525,0.012399662374588196,1000.0
