ZL,error,N
-0.17406882937459234,0.008550559034238235,1000.0
