ZL,error,N
-0.010113543432244876,0.0032056575034464783,1000.0
