ZL,error,N
-0.34245530410686725,0.03307608155145028,100.0
