ZL,error,N
-0.31196637144669137,0.010764814140916264,1000.0
