ZL,error,N
-0.31322513841604693,0.01012359557737721,1000.0
