ZL,error,N
-0.3200856183431133,0.009013359854759661,1000.0
