ZL,error,N
-0.318015241672629,0.006997848944858863,1000.0
