O^z,error,N,total_data
0.12759073868794688,0.0008051724098211755,1000.0,16000.0
