O^z,error,N,total_data
0.09927898499045325,0.000623562291999349,1000.0,24000.0
