O^z,error,N,total_data
0.18221007378602458,0.003362445946435213,1000.0,1000.0
