O^z,error,N,total_data
0.08165404844005814,0.0005078825954015335,1000.0,32000.0
