O^z,error,N,total_data
0.08416837526429015,0.0016916152074423043,100.0,3200.0
