O^z,error,N,total_data
-0.18798839376398674,0.0007504096882720956,1000.0,20000.0
