O^z,error,N,total_data
-0.1347684468607352,0.0004916354005061598,1000.0,32000.0
