O^z,error,N,total_data
-0.26861896551531667,0.0010952168371686315,1000.0,12000.0
