O^z,error,N,total_data
-0.16450150667930413,0.0006332111929106898,1000.0,24000.0
