O^z,error,N,total_data
-0.21927122355560047,0.0008835175562049294,1000.0,16000.0
