O^z,error,N,total_data
-0.35271148642199207,0.004229955714477154,1000.0,1000.0
