O^z,error,N,total_data
-0.14652077874296057,0.0005551482777152138,1000.0,28000.0
