ZL,error,N
0.025715062884967808,0.003498718425267954,1000.0
