ZL,error,N
-0.0349449328810475,0.003566635600628587,1000.0
