ZL,error,N
-0.011949417529840004,0.003476208682220587,1000.0
