ZL,error,N
-0.03625020005189634,0.0035892804746498206,1000.0
