ZL,error,N
0.6181279697629022,0.0028144896676684386,250.0
