ZL,error,N
0.786372252736334,0.0016148008520831005,250.0
