ZL,error,N
0.8803833358160578,0.003002304417100922,1000.0
