ZL,error,N
0.8508885474188174,0.001835687263258009,250.0
