O^z,error,N,total_data
-0.3401855831903813,0.001063346082432431,500.0,6000.0
