O^z,error,N,total_data
-0.26681243420234746,0.0007789239104637191,500.0,10000.0
