O^z,error,N,total_data
-0.34102145485117924,0.0007451993574252765,1000.0,12000.0
