O^z,error,N,total_data
-0.19936205335612914,0.00033778027543439565,1000.0,44000.0
