O^z,error,N,total_data
-0.20613819936834168,0.0005060956122886508,500.0,20000.0
