O^z,error,N,total_data
-0.29679084956664065,0.0006150484852796458,1000.0,16000.0
