O^z,error,N,total_data
-0.19429889063835906,0.00033105725222661714,1000.0,48000.0
