O^z,error,N,total_data
-0.22236807737548941,0.0005600954756828222,500.0,16000.0
