O^z,error,N,total_data
-0.23457501854206594,0.0004291095402821159,1000.0,28000.0
