O^z,error,N,total_data
-0.24879003187617318,0.0004697005692785888,1000.0,24000.0
