O^z,error,N,total_data
-0.4235090124906209,0.0027592487629105435,1000.0,1000.0
