O^z,error,N,total_data
-0.20043257572836112,0.0005063067342156642,445.0,19563.0
