O^z,error,N,total_data
-0.23464095126147438,0.0006117052555897285,500.0,14000.0
