O^z,error,N,total_data
-0.2157958018377166,0.0005316365808167981,500.0,18000.0
