O^z,error,N,total_data
-0.2069897182859135,0.00035732857394780776,1000.0,40000.0
