O^z,error,N,total_data
-0.22346344339033516,0.00039736077578960566,1000.0,32000.0
