O^z,error,N,total_data
-0.2685390628611544,0.0005458602987254605,1000.0,20000.0
