O^z,error,N,total_data
-0.21562317315056403,0.00037883789043166306,1000.0,36000.0
