ZL,error,N
-0.00680305682469978,0.0024213514365565513,1000.0
