ZL,error,N
0.016478907399007897,0.0033880280049427133,1000.0
