ZL,error,N
0.04749679533430199,0.004498690679093578,998.0
