ZL,error,N
0.0570024368697974,0.006587904423572181,499.0
