ZL,error,N
0.03296005795212914,0.004079095883899388,997.0
