O^z,error,N,total_data
-0.2350925083424776,0.0008139896229383512,1000.0,16000.0
