O^z,error,N,total_data
-0.1786536678066837,0.0005865133469965267,1000.0,24000.0
