O^z,error,N,total_data
-0.14881763995008557,0.00045537025696709406,1000.0,32000.0
