O^z,error,N,total_data
-0.36949947601311667,0.004072888648136378,1000.0,1000.0
