O^z,error,N,total_data
-0.3341795839436601,0.003998278828409416,1000.0,1000.0
