O^z,error,N,total_data
-0.20050592312098595,0.0008797112866697948,1000.0,16000.0
