O^z,error,N,total_data
-0.11349647072677624,0.0005092641867925582,1000.0,32000.0
