O^z,error,N,total_data
-0.14622006684283978,0.000652713945294853,1000.0,24000.0
