O^z,error,N,total_data
-0.23146671458466045,0.0008231100097786361,1000.0,16000.0
