O^z,error,N,total_data
-0.3618350795628147,0.003485209904327285,1000.0,1000.0
