O^z,error,N,total_data
-0.17786662202304726,0.0006374142148361911,1000.0,24000.0
