O^z,error,N,total_data
-0.14444986199212748,0.0005162046789730478,1000.0,32000.0
