ZL,error,N
-0.3006049045802855,0.006893661804010319,1000.0
