ZL,error,N
-0.2730603191208067,0.00991493798153641,1000.0
