ZL,error,N
-0.29321910895165054,0.008674017995484245,1000.0
