ZL,error,N
-0.28530202276490757,0.009356290605253927,1000.0
