ZL,error,N
-0.3429199719807362,0.00862853602668363,1000.0
