ZL,error,N
-0.3385788360366036,0.01029333474335993,1000.0
