ZL,error,N
-0.3287428486898422,0.006793374116294356,1000.0
