ZL,error,N
-0.34251624126143776,0.009791554376562364,1000.0
