ZL,error,N
-0.35263396882575826,0.03227273930152989,100.0
