O^z,error,N,total_data
5.557009598522725e-10,3.262139441591239e-10,1000.0,32000.0
