O^z,error,N,total_data
0.25668343034395646,0.0005437191112323812,1000.0,24000.0
