O^z,error,N,total_data
0.28570199854999806,0.002046291657580016,1000.0,1000.0
