O^z,error,N,total_data
0.2653185568104607,0.0006294794645390551,1000.0,16000.0
