O^z,error,N,total_data
0.25192066436963656,0.0004913375589753611,1000.0,32000.0
