O^z,error,N,total_data
-0.013617062307825207,0.000584524999366833,995.0,15920.0
