O^z,error,N,total_data
0.17158461167015865,0.0033638075823908594,1000.0,1000.0
