O^z,error,N,total_data
0.11462520480188651,0.0007824685996074248,1000.0,16000.0
