O^z,error,N,total_data
0.08522325778125582,0.0005889144976766427,1000.0,24000.0
