O^z,error,N,total_data
0.06877642471130052,0.0004772869314950868,1000.0,32000.0
