O^z,error,N,total_data
0.15655638662103763,0.0008179752383663764,1000.0,16000.0
