O^z,error,N,total_data
0.12817773070985358,0.0006727869291206581,1000.0,24000.0
