O^z,error,N,total_data
0.11466296914831839,0.000559153776648305,1000.0,32000.0
