O^z,error,N,total_data
0.2040361308548353,0.003258198186851846,1000.0,1000.0
