O^z,error,N,total_data
-0.13847305360752912,0.005444187484452117,1000.0,1000.0
