O^z,error,N,total_data
0.0725123707218948,0.00048439711117844066,1000.0,32000.0
