O^z,error,N,total_data
0.11834055018997196,0.0007928099973710146,1000.0,16000.0
