O^z,error,N,total_data
0.08972739113816129,0.000597602419979861,1000.0,24000.0
