O^z,error,N,total_data
0.1748543261725495,0.0033689892863869794,1000.0,1000.0
