ZL,error,N
0.054515373615824925,0.003771929671434201,1000.0
