ZL,error,N
0.07202291969557266,0.0037151989562055373,1000.0
