ZL,error,N
0.04040420109586615,0.003881123945752391,1000.0
