ZL,error,N
0.10823319503719261,0.0032584858694136177,1000.0
