ZL,error,N
0.042799751182181704,0.0029002015620304116,1000.0
