ZL,error,N
-0.06410757128741604,0.0025675988482947785,1000.0
