ZL,error,N
-0.12187145241607263,0.003795645893373098,1000.0
