ZL,error,N
-0.12236716338800784,0.00290206916269368,1000.0
