ZL,error,N
0.0034156777035158695,0.0027466741283491917,925.0
