ZL,error,N
0.0069819837284369685,0.0030416289684220546,843.0
