ZL,error,N
0.007924264847936765,0.002500657361846982,963.0
