ZL,error,N
0.005852534259132224,0.0020090350358218647,989.0
