O^z,error,N,total_data
-0.4086429170641052,0.0030652428574903944,1000.0,1000.0
