O^z,error,N,total_data
-0.2154933314663727,0.0004661227454448909,1000.0,24000.0
