O^z,error,N,total_data
-0.274534490241807,0.0006343686084303104,1000.0,16000.0
