O^z,error,N,total_data
-0.18092195887415127,0.0005191326927338102,500.0,16000.0
