O^z,error,N,total_data
-0.050171905329387735,0.00066839228835337,500.0,16000.0
