ZL,error,N
9.038455104986429e-05,0.003300108864062167,1000.0
