ZL,error,N
0.02153351622877155,0.003916335079903636,1000.0
