ZL,error,N
0.03490479114250201,0.00422706598975704,1000.0
