ZL,error,N
-0.01207212064206344,0.002634818717370789,1000.0
