ZL,error,N
-0.24646264467449158,0.008743590895309065,1000.0
