ZL,error,N
-0.20470585314080667,0.009805247914461478,1000.0
