ZL,error,N
-0.22640779774548084,0.009373529051719074,1000.0
