ZL,error,N
-0.2718409976671678,0.007043184311847483,1000.0
