ZL,error,N
-0.8432915933625564,0.0012140811195657793,1000.0
