ZL,error,N
-0.8063614363922987,0.0013409608939392277,1000.0
