ZL,error,N
-0.5932714034801411,0.0023874780995735913,1000.0
