ZL,error,N
-0.7408450260925058,0.001865594356030038,1000.0
