ZL,error,N
0.31728628113960167,0.003000114675180013,1000.0
