ZL,error,N
0.25724246760038444,0.0014518759697206493,1000.0
