ZL,error,N
0.28891650104902855,0.002336146385262739,1000.0
