O^z,error,N,total_data
0.1703988457781493,0.003364340511193244,1000.0,1000.0
