O^z,error,N,total_data
0.06676656931513647,0.00047587428305248254,1000.0,32000.0
