O^z,error,N,total_data
0.11453402717762491,0.0007852533831739535,1000.0,16000.0
