O^z,error,N,total_data
0.08216998366963643,0.0005934710859595895,1000.0,24000.0
