O^z,error,N,total_data
-0.130608361360513,0.0006570021529891891,1000.0,24000.0
