O^z,error,N,total_data
-0.11272341806265611,0.0005680218197064132,995.0,27860.0
