O^z,error,N,total_data
-0.09971631591891979,0.000508449691211127,1000.0,32000.0
