O^z,error,N,total_data
-0.1527614321409649,0.0007739035344143521,1000.0,20000.0
