O^z,error,N,total_data
-0.317800173390929,0.004480499782438932,1000.0,1000.0
