O^z,error,N,total_data
-0.2338461376736006,0.0011765452329083315,1000.0,12000.0
