O^z,error,N,total_data
-0.18595089683010504,0.0009193592134749105,1000.0,16000.0
