O^z,error,N,total_data
-0.0349013173523798,0.0005619214131215116,1000.0,24000.0
