O^z,error,N,total_data
-0.020483347281471765,0.0003808857296356124,1000.0,32000.0
