O^z,error,N,total_data
-0.06916227734614401,0.0009430175644019353,1000.0,16000.0
