O^z,error,N,total_data
-0.021434049372599243,0.0004538003234922233,725.0,23200.0
