O^z,error,N,total_data
-0.020772066510584122,0.0005288320907815744,500.0,16000.0
