O^z,error,N,total_data
-0.17146672425947,0.005847047179804234,1000.0,1000.0
