O^z,error,N,total_data
-0.06101008413661678,0.004771501410581013,985.0,985.0
