O^z,error,N,total_data
-0.0018438615377055665,0.00016664166446859875,4735.0,151520.0
