O^z,error,N,total_data
-3.7235329897766214e-05,0.00018148213193817432,1043.0,66752.0
