O^z,error,N,total_data
-0.014422651649048929,0.00032098024197640604,5637.0,90192.0
