O^z,error,N,total_data
-0.004127699218611001,0.00021239702894671923,5197.0,124728.0
