ZL,error,N
-0.2947486436957865,0.006946466094246468,1000.0
