ZL,error,N
-0.2623201922233356,0.009875959575947342,1000.0
