ZL,error,N
-0.2826670058399033,0.008617755361829287,1000.0
