ZL,error,N
-0.2680890372178349,0.009624704748660246,1000.0
