O^z,error,N,total_data
-0.15970406393221173,0.000470000529156432,1000.0,32000.0
