O^z,error,N,total_data
-0.1907084485728063,0.0005825033680784018,1000.0,24000.0
