O^z,error,N,total_data
-0.24355982422119726,0.0008097891337574632,1000.0,16000.0
