O^z,error,N,total_data
-0.37779035629385244,0.00377458115898463,1000.0,1000.0
