ZL,error,N
0.8748150726253696,0.002300961898455705,1000.0
