O^z,error,N,total_data
-0.006178032631052184,0.0004928028823872115,943.0,22632.0
