O^z,error,N,total_data
-0.0028895370739819366,0.0003713038443499829,909.0,29088.0
