O^z,error,N,total_data
-0.019550031304395303,0.000796265611812529,988.0,15808.0
