O^z,error,N,total_data
-0.07906899780305084,0.005254080033748078,992.0,992.0
