O^z,error,N,total_data
0.1250390322102276,0.0008020658140632604,1000.0,16000.0
