O^z,error,N,total_data
0.1798402944584063,0.0033303867568787,1000.0,1000.0
