O^z,error,N,total_data
0.09718110087500116,0.0006146444160815635,1000.0,24000.0
