O^z,error,N,total_data
0.07825919271874167,0.0005045372217586161,1000.0,32000.0
