ZL,error,N
0.8832487807097481,0.005339977734880981,500.0
