ZL,error,N
0.5517461123713275,0.0033741874173588847,1000.0
