ZL,error,N
0.8149609518818539,0.002632466529988395,1000.0
