ZL,error,N
0.8447656420663526,0.004443727178357578,1000.0
