ZL,error,N
0.7341840035569406,0.0036271831684239917,1000.0
