ZL,error,N
0.896077036952566,0.00774040922676423,500.0
