ZL,error,N
0.007365646587365132,0.002046783889207656,993.0
