ZL,error,N
0.004154920181150895,0.0021136245027324756,980.0
