ZL,error,N
-0.0006306483747325714,0.0024742915710920872,947.0
