ZL,error,N
0.008544299529933424,0.0027090755113263346,896.0
