ZL,error,N
0.2075490600266862,0.0019452546690263864,1000.0
