ZL,error,N
0.18007637022275172,0.00497557479686213,1000.0
