ZL,error,N
0.19221738251322476,0.0036522757094100285,1000.0
