ZL,error,N
-0.08754260345564735,0.003242911497035395,1000.0
