ZL,error,N
-0.02258310543969831,0.0032411118064452618,1000.0
