ZL,error,N
-0.09814056348110561,0.003432834476847527,1000.0
