ZL,error,N
-0.0980629479526121,0.004005591813712395,1000.0
