ZL,error,N
-0.10454776440949845,0.003871210731490316,949.0
