ZL,error,N
-0.10225811393691704,0.0036148541763747696,1000.0
