ZL,error,N
-0.06359456747417644,0.0031495879968649024,1000.0
