ZL,error,N
0.17853023873995327,0.002601644923562846,1000.0
