ZL,error,N
0.17340912093761418,0.011238984056776657,170.0
