ZL,error,N
0.16351107560091416,0.003561195432431851,1000.0
