ZL,error,N
0.1731144478674897,0.0030686969446112352,1000.0
