ZL,error,N
0.16542744431297787,0.0038512398158655797,1000.0
