ZL,error,N
0.17091331259715112,0.0033058396155174656,1000.0
