O^z,error,N,total_data
-0.2549237170294342,0.0007270823162622628,1000.0,16000.0
