O^z,error,N,total_data
-0.12425328012057835,0.00028238580177486895,1000.0,48000.0
