O^z,error,N,total_data
-0.38860384913631524,0.003477596213803372,1000.0,1000.0
