O^z,error,N,total_data
-0.16385869861304997,0.00040662667981369475,1000.0,32000.0
