O^z,error,N,total_data
-0.05795845134471777,0.00027720268622839653,162.0,20674.0
