O^z,error,N,total_data
-0.19650485040649815,0.0005225807432571985,1000.0,24000.0
