O^z,error,N,total_data
-0.04227578015791507,0.0006698075079835457,500.0,16000.0
