ZL,error,N
0.009070042673553677,0.000972425872776886,7000.0
