ZL,error,N
0.010829573695106549,0.0026378882915860124,1000.0
