ZL,error,N
0.05013927319249643,0.0029921770786736773,1000.0
