ZL,error,N
0.023033166871899675,0.002817476181928062,1000.0
