ZL,error,N
0.00554674268341311,0.0020387513375375987,3000.0
