O^z,error,N,total_data
0.003392388900691329,5.678204631978582e-05,1000.0,32000.0
