ZL,error,N
-0.2391411192776293,0.0034668506647625905,7000.0
