ZL,error,N
-0.16027830653279687,0.010503610275750067,900.0
