ZL,error,N
-0.1902208908399118,0.01012865345109877,1000.0
