ZL,error,N
-0.2141549227439974,0.009641807635237871,1000.0
