ZL,error,N
-0.09375079508536803,0.015314384650437394,402.0
