ZL,error,N
-0.25489130537308,0.008707422355306627,1000.0
