ZL,error,N
-0.23673777051961056,0.009122820170296022,1000.0
