ZL,error,N
-0.24948124544350772,0.003259388604923235,7000.0
