ZL,error,N
-0.2673457475640164,0.002672567478920815,7000.0
