ZL,error,N
-0.2734181243903948,0.0069481377891826845,1000.0
