ZL,error,N
0.4101951130607202,0.009736879255654732,1000.0
