O^z,error,N,total_data
0.03920380254764968,0.00037793809532106075,1000.0,32000.0
