ZL,error,N
0.21750364947307388,0.009978467048965291,500.0
