O^z,error,N,total_data
-0.012605600723956974,0.0007773202170113684,248.0,7936.0
