ZL,error,N
-0.8414408046995995,0.00034124049754052476,1000.0
