ZL,error,N
-0.6514961409444848,0.000740775199762553,1000.0
