ZL,error,N
-0.7887654545582323,0.0005045361761796997,1000.0
