ZL,error,N
-0.8707668925499081,0.00031519060236542064,1000.0
