ZL,error,N
-0.04290156209762611,0.009232743531112456,1000.0
