ZL,error,N
-0.15982498966732683,0.007703685128415691,1000.0
