ZL,error,N
-0.0868359734184013,0.009057518519359221,1000.0
