ZL,error,N
-0.0072304843528839926,0.009413725090789636,1000.0
