O^z,error,N,total_data
0.015783029492877736,0.00023796161196373923,1000.0,32000.0
