O^z,error,N,total_data
0.045770436341588956,0.0005650857933091534,1000.0,16000.0
