O^z,error,N,total_data
0.02570660509363262,0.00035533011303073,1000.0,24000.0
