O^z,error,N,total_data
0.10189503475606906,0.003251804544308742,1000.0,1000.0
