O^z,error,N,total_data
-0.3770195301470103,0.003241445963470612,1000.0,1000.0
