O^z,error,N,total_data
-0.20329074595253674,0.0006088645996611411,1000.0,24000.0
