O^z,error,N,total_data
-0.2531962794719904,0.0007526710244255338,1000.0,16000.0
