O^z,error,N,total_data
0.13878777018182353,0.0008078966453182611,1000.0,16000.0
