O^z,error,N,total_data
0.11082560618519909,0.0006466969031651902,1000.0,24000.0
