O^z,error,N,total_data
0.19211697038173714,0.003349542783308099,1000.0,1000.0
