O^z,error,N,total_data
0.09389747518092884,0.0005289076432200777,1000.0,32000.0
