O^z,error,N,total_data
0.09970857311106249,0.0017253500835055409,100.0,3200.0
