ZL,error,N
-0.2526608091321043,0.007379653190468074,1000.0
