ZL,error,N
-0.2139565984121876,0.009483080248579016,1000.0
