ZL,error,N
-0.15705956610191152,0.010629570181888287,1000.0
