ZL,error,N
-0.18767381906680203,0.010101259095585144,1000.0
