O^z,error,N,total_data
-0.3142673422648589,0.0005490497341370059,1000.0,16000.0
