O^z,error,N,total_data
-0.2530823206554079,0.0004505000788326289,1000.0,24000.0
