O^z,error,N,total_data
-0.45672982883781027,0.0020012466901339625,1000.0,1000.0
