ZL,error,N
-0.47399629571445634,0.007508991821394028,1000.0
