ZL,error,N
-0.5078677523808328,0.00812468315008037,1000.0
