ZL,error,N
-0.40743297573689136,0.00588782777264064,1000.0
