ZL,error,N
-0.5382190886725805,0.008460825681717373,1000.0
