ZL,error,N
0.6665448355012692,0.005060005582681199,1000.0
