O^z,error,N,total_data
-0.19697994071967928,0.0006051767905622783,1000.0,24000.0
