O^z,error,N,total_data
-0.24920761272566544,0.000759880928764123,1000.0,16000.0
