O^z,error,N,total_data
-0.37213021548916353,0.003213110568917874,1000.0,1000.0
