ZL,error,N
0.14857975531808126,0.003328074252412991,1000.0
