ZL,error,N
0.16611848630561682,0.0027692056701061024,1000.0
