ZL,error,N
0.14002814360552676,0.00369488994409757,969.0
