O^z,error,N,total_data
0.13346589889207888,0.0008005787173482801,1000.0,16000.0
