O^z,error,N,total_data
0.08695337146290795,0.001762133964591342,100.0,3200.0
