O^z,error,N,total_data
0.18586524920404837,0.003318971143056991,1000.0,1000.0
