O^z,error,N,total_data
0.08629616970054817,0.0005268709723830866,1000.0,32000.0
