O^z,error,N,total_data
0.10468589328979154,0.0006231691665195496,1000.0,24000.0
