O^z,error,N,total_data
-0.3026288636256225,0.005106818403233698,1000.0,1000.0
