O^z,error,N,total_data
-0.17281705646606574,0.0009844804660069308,1000.0,16000.0
