O^z,error,N,total_data
-0.11752561452076217,0.0006861519953119854,1000.0,24000.0
