O^z,error,N,total_data
-0.08645516784204178,0.0005099855440898964,1000.0,32000.0
