O^z,error,N,total_data
-0.10868624132557375,0.0009414452636333834,1000.0,16000.0
