O^z,error,N,total_data
-0.04056924423389113,0.0003987922988364962,1000.0,32000.0
