O^z,error,N,total_data
-0.23178851077754972,0.005254430694578041,1000.0,1000.0
