O^z,error,N,total_data
-0.0625672026682149,0.0005799970675346427,1000.0,24000.0
