O^z,error,N,total_data
-0.011858745355192216,0.0004903040837428794,500.0,16000.0
