O^z,error,N,total_data
-0.0033181601352380613,0.00015315250054758866,5421.0,173472.0
