O^z,error,N,total_data
-0.007567976350109925,0.00020993332221020335,5703.0,136872.0
