O^z,error,N,total_data
-0.07927518692564961,0.005266203599549891,994.0,994.0
