O^z,error,N,total_data
-0.0002578862676244046,0.00013310000818563946,1446.0,92544.0
