O^z,error,N,total_data
-0.020992395536016915,0.0003391050485282851,5875.0,94000.0
