O^z,error,N,total_data
-0.02544586431868051,0.00014752436664013834,7000.0,224000.0
