O^z,error,N,total_data
-0.18444344709429442,0.005739456166767324,1000.0,1000.0
