ZL,error,N
-0.03112507059687539,0.002919880196724017,1000.0
