ZL,error,N
-0.13972335980373962,0.0030341767557814383,1000.0
