ZL,error,N
-0.20031377075299622,0.003097518704172466,1000.0
