O^z,error,N,total_data
0.0004192836716816843,3.470642862053472e-05,500.0,32000.0
