O^z,error,N,total_data
0.005121950861651826,0.00013474747168783357,1000.0,32000.0
