O^z,error,N,total_data
0.02183031604908944,0.00040056866898096184,1000.0,16000.0
