O^z,error,N,total_data
0.0654249812044833,0.002844074325327204,1000.0,1000.0
