O^z,error,N,total_data
0.00972837929144203,0.00021331180614080823,1000.0,24000.0
