O^z,error,N,total_data
0.0013849102174041212,7.82293352041849e-05,500.0,24000.0
