O^z,error,N,total_data
-0.21217165041022118,0.0052346049989738085,1000.0,1000.0
