O^z,error,N,total_data
-0.050809040378549,0.0005405044137757005,1000.0,24000.0
