O^z,error,N,total_data
-0.032182298006452434,0.00036206394002758407,1000.0,32000.0
