O^z,error,N,total_data
-0.09203005246596992,0.0008714905788341327,1000.0,16000.0
