ZL,error,N
0.49068796583250074,0.008740207044616415,1000.0
