ZL,error,N
0.3524428199581736,0.002248323956487387,1000.0
