ZL,error,N
0.31736662023576656,0.0019094763681044944,1000.0
