ZL,error,N
0.27023992124146395,0.0012540019870476622,1000.0
