O^z,error,N,total_data
-0.104293023267321,0.0006945538458838465,1000.0,24000.0
