O^z,error,N,total_data
-0.15974557828338867,0.001002326474048718,1000.0,16000.0
