O^z,error,N,total_data
-0.28766123498438545,0.005300271858434052,1000.0,1000.0
