O^z,error,N,total_data
-0.07442723596367146,0.0005004149580611052,1000.0,32000.0
