ZL,error,N
-0.09620238099774203,0.004101575214377255,1000.0
