ZL,error,N
-0.033057245350322735,0.00405557755085246,1000.0
