ZL,error,N
-0.0728408654819607,0.004073718616469885,1000.0
