ZL,error,N
0.03979921380435339,0.0035551906251526607,1000.0
