ZL,error,N
0.5405183051348956,0.007947675528231356,1000.0
