O^z,error,N,total_data
-0.018568905201034235,0.00012923152424864647,7000.0,224000.0
