O^z,error,N,total_data
-0.16074458320856166,0.005528718277878903,1000.0,1000.0
