ZL,error,N
0.0008520030004528855,0.0026689535510591657,1000.0
