ZL,error,N
0.0032143902515900276,0.0029080476441539346,1000.0
