ZL,error,N
1.1645857707509157e-05,0.002787484188839738,1000.0
