ZL,error,N
0.011930461254262335,0.002691398841354709,1000.0
