O^z,error,N,total_data
-0.39721172460193305,0.0033539667460501734,1000.0,1000.0
