O^z,error,N,total_data
-0.26253796050830414,0.0006860230862346612,1000.0,16000.0
