O^z,error,N,total_data
-0.20361553569355018,0.00048749348658864614,1000.0,24000.0
