ZL,error,N
-0.018689293967634735,0.0027251076422384287,1000.0
