ZL,error,N
-0.2599590802460357,0.03199998662578415,100.0
