ZL,error,N
-0.25465769350338646,0.00946980821538728,1000.0
