ZL,error,N
-0.26815225166908047,0.00878543352365734,1000.0
