ZL,error,N
-0.28686579401819734,0.007021750203236719,1000.0
