ZL,error,N
-0.23691973273461722,0.010015694524457719,1000.0
