ZL,error,N
0.0048411171226612135,0.004458750194732304,249.0
