ZL,error,N
0.8949484444660328,2.9903327629143828e-05,1000.0
