ZL,error,N
0.3499872198110113,0.011153390606332008,500.0
