ZL,error,N
0.005771173049161682,0.011058663663656753,1000.0
