ZL,error,N
-0.05845025260106849,0.010433233211245575,1000.0
