ZL,error,N
0.06071911427909056,0.011430564497707251,1000.0
