ZL,error,N
-0.1540531019618276,0.00831157892745492,1000.0
