ZL,error,N
-0.17495593243431545,0.0035420648877074966,1000.0
