ZL,error,N
-0.10920792276090605,0.0015951936241688565,1000.0
