ZL,error,N
-0.18349075399796605,0.0021334735956538642,1000.0
