ZL,error,N
-0.20952086602963715,0.010125008563451582,1000.0
