ZL,error,N
-0.27256969289821686,0.007214021425982054,1000.0
