ZL,error,N
-0.23052141344328994,0.009775034828291207,1000.0
