ZL,error,N
-0.248438814126329,0.008946130872790177,1000.0
