O^z,error,N,total_data
0.00025685786044061105,1.3756675512884667e-05,1000.0,32000.0
