O^z,error,N,total_data
-0.03423451707757536,0.00036421034666034047,1000.0,32000.0
