O^z,error,N,total_data
-0.09965468337427986,0.0008850746482322731,1000.0,16000.0
