O^z,error,N,total_data
-0.05635987933073781,0.0005485534622372637,1000.0,24000.0
