O^z,error,N,total_data
-0.22073109255150214,0.005124092324733345,1000.0,1000.0
