ZL,error,N
-0.3085451665452025,0.006886789966199494,1000.0
