ZL,error,N
-0.3003831226046717,0.008779181344866063,1000.0
