ZL,error,N
-0.29558565605469933,0.009597089399008999,1000.0
