ZL,error,N
-0.2762868644878257,0.010135921958429168,1000.0
