ZL,error,N
-0.3028231022744712,0.033091360504715825,100.0
