ZL,error,N
0.5505551863978032,0.006821609221459191,500.0
