ZL,error,N
0.005598486242963145,0.0027817505283724286,998.0
