ZL,error,N
0.0031881520738972096,0.0023505135618394593,999.0
