ZL,error,N
0.02437555372500824,0.0032783675652967594,994.0
