ZL,error,N
0.010341188367241192,0.002989481160412202,996.0
