O^z,error,N,total_data
0.12371104777667752,0.0006741019085366738,1000.0,24000.0
