O^z,error,N,total_data
0.15143045373446204,0.0008092936121272305,1000.0,16000.0
