O^z,error,N,total_data
0.20111957728223825,0.003294481326958466,1000.0,1000.0
