O^z,error,N,total_data
0.1070321026351121,0.0005516405665691973,1000.0,32000.0
