O^z,error,N,total_data
0.09922217546721147,0.0018207849445956267,100.0,3200.0
