O^z,error,N,total_data
0.19020149588081145,0.0033588634574174304,1000.0,1000.0
