O^z,error,N,total_data
0.0936606721146533,0.0005402631909491501,1000.0,32000.0
