O^z,error,N,total_data
0.11142521593957516,0.0006556319418340621,1000.0,24000.0
