O^z,error,N,total_data
0.13889229821433863,0.0008093441512477833,1000.0,16000.0
