O^z,error,N,total_data
-0.05281171016929779,0.0004257358634368507,1000.0,32000.0
