O^z,error,N,total_data
-0.07758799218585385,0.0005906112160804667,1000.0,24000.0
