O^z,error,N,total_data
-0.25654017870884227,0.004912917142894734,1000.0,1000.0
