O^z,error,N,total_data
-0.12699952697969086,0.0009297014016911986,1000.0,16000.0
