ZL,error,N
-0.06590539830659926,0.003852775122027476,1000.0
