ZL,error,N
-0.04718569699092421,0.0035376596639397984,1000.0
