ZL,error,N
0.010906605476890397,0.0035218241520854426,1000.0
