ZL,error,N
-0.06075113752710139,0.003727473855453118,1000.0
