ZL,error,N
-0.017544158793308076,0.0026944409492099235,1000.0
