ZL,error,N
-0.09619131190018362,0.0023977500527966426,1000.0
