ZL,error,N
0.04910545009859575,0.004441999455947325,1000.0
