ZL,error,N
0.14985687366302766,0.006830910410489244,500.0
