ZL,error,N
-0.10844684295464337,0.00127733589304658,1000.0
