ZL,error,N
0.1045147471459589,0.004657329658915026,1000.0
