ZL,error,N
0.3025632202027464,0.004698499858869701,1000.0
