ZL,error,N
0.04880352868197933,0.004455519611337155,1000.0
