ZL,error,N
-0.10845014903232245,0.0012774656094000872,1000.0
