ZL,error,N
-0.001998482544156509,0.0040239572586388125,1000.0
