ZL,error,N
0.26920721083849797,0.004697245808852368,1000.0
