ZL,error,N
-0.05260001406907749,0.003401438454115234,1000.0
