ZL,error,N
0.19443349165411147,0.004858572522094635,1000.0
