ZL,error,N
-0.052404980609769954,0.0034010218485435416,1000.0
