ZL,error,N
0.23460605194765355,0.004892626760326994,1000.0
