ZL,error,N
0.15120768222270423,0.004760905233737183,1000.0
