ZL,error,N
0.8391967275139816,0.005174449678270967,1000.0
