O^z,error,N,total_data
-0.1939592006691203,0.006010700161988362,1000.0,1000.0
