O^z,error,N,total_data
-1.3182766400179098e-14,2.3671854945762833e-14,1000.0,16000.0
