O^z,error,N,total_data
-6.609427615964557e-14,4.231462257584425e-14,1000.0,32000.0
