ZL,error,N
-0.22175989527073575,0.009512635419922541,1000.0
