ZL,error,N
-0.25695829298095574,0.007323938582077826,1000.0
