ZL,error,N
-0.15934997815346164,0.010828203443876026,1000.0
