ZL,error,N
-0.1880086247363786,0.010222269042309173,1000.0
