O^z,error,N,total_data
-0.014039448467915043,0.0007811532397762948,946.0,15136.0
