O^z,error,N,total_data
-0.004111368224474882,0.0004976945745507243,886.0,21264.0
