O^z,error,N,total_data
-0.05894922071513081,0.004795212348609373,985.0,985.0
