O^z,error,N,total_data
-0.15748953569338645,0.005449650195459177,1000.0,1000.0
