O^z,error,N,total_data
1.744041029035326e-16,1.2493501983730656e-16,1000.0,32000.0
