ZL,error,N
0.0031566220949834373,0.0031207011847376974,500.0
