ZL,error,N
0.00303556673157324,0.003523080226526995,499.0
