ZL,error,N
0.024990552690005375,0.002825470634113767,1000.0
