ZL,error,N
0.010954404769933498,0.003794906864095115,249.0
