O^z,error,N,total_data
-0.22525849937408457,0.0008588430956024925,1000.0,16000.0
