O^z,error,N,total_data
-0.16727007186662354,0.0006050272673098192,1000.0,24000.0
