O^z,error,N,total_data
-0.35837659199415756,0.004147267659137571,1000.0,1000.0
