O^z,error,N,total_data
-0.19605325849211477,0.000935948079461735,1000.0,16000.0
