O^z,error,N,total_data
-0.14112618773708568,0.0006500659336965964,1000.0,24000.0
