O^z,error,N,total_data
-0.32177856927641896,0.004798043165374267,1000.0,1000.0
