O^z,error,N,total_data
-0.11005006067722607,0.0004951122187967029,1000.0,32000.0
