ZL,error,N
0.3587709422476662,0.008815096442033635,500.0
