ZL,error,N
-0.28957551449036695,0.007068626364808349,1000.0
