ZL,error,N
-0.26903036410194997,0.03195069054921572,100.0
