ZL,error,N
-0.23840609022147094,0.010332341196389759,1000.0
