ZL,error,N
-0.27886879662643244,0.008853118484725373,1000.0
