ZL,error,N
-0.2635540177226921,0.009735170393693565,1000.0
