ZL,error,N
0.04580629347865237,0.0028867803747580365,1000.0
