ZL,error,N
0.00817026579311606,0.0009159972653240623,6999.0
