ZL,error,N
0.01803358256772955,0.004230886217823991,500.0
