O^z,error,N,total_data
-0.013826802879368912,0.0002822710564260472,1000.0,32000.0
