O^z,error,N,total_data
-0.05485304664652937,0.0008129403841110213,1000.0,16000.0
