O^z,error,N,total_data
-0.025616290810961114,0.00045693769424764324,1000.0,24000.0
