O^z,error,N,total_data
-0.14761279882138767,0.0054371383143613,1000.0,1000.0
