O^z,error,N,total_data
0.31328357475061286,0.0003322999338291432,1000.0,24000.0
