O^z,error,N,total_data
0.32553881221892506,0.001294036481056591,1000.0,1000.0
