O^z,error,N,total_data
0.31051268443551294,0.00029705817365026626,1000.0,32000.0
