O^z,error,N,total_data
0.318649562079361,0.00037832242110682313,1000.0,16000.0
