ZL,error,N
-0.21036290654919257,0.01003180299188495,1000.0
