ZL,error,N
-0.18888543974627586,0.010424537450233688,1000.0
