ZL,error,N
-0.2656246825408622,0.007285312355954272,1000.0
