ZL,error,N
-0.2420076509337956,0.009104557437337138,1000.0
