ZL,error,N
-0.22163878035237614,0.009146218163504688,1000.0
