ZL,error,N
-0.2566894246798506,0.007297890135612908,1000.0
