ZL,error,N
-0.1648061468739235,0.010392678736398684,1000.0
