ZL,error,N
-0.19584625667701,0.009908818079941876,1000.0
