O^z,error,N,total_data
-0.17461063805835902,0.0009813918540407204,1000.0,16000.0
