O^z,error,N,total_data
-0.12210512442131737,0.0006713950137592272,1000.0,24000.0
