O^z,error,N,total_data
-0.09064640964828909,0.0004994389219444512,1000.0,32000.0
