O^z,error,N,total_data
-0.3089765693880528,0.005013960900019771,1000.0,1000.0
