ZL,error,N
-0.04942890539444973,0.008347794317790263,1000.0
