ZL,error,N
-0.004272291210162803,0.008324946549228269,1000.0
