ZL,error,N
0.025984399943696262,0.008364755320314152,1000.0
