ZL,error,N
-0.11466380172986204,0.007582401243781629,1000.0
