O^z,error,N,total_data
-0.012334548196200881,0.0005204480880197533,500.0,16000.0
