O^z,error,N,total_data
-0.35638939626474675,0.012011090316108966,1.0,16.0
