O^z,error,N,total_data
-0.31530023700224125,0.007935313724133593,1.0,24.0
