O^z,error,N,total_data
-0.28632575549770223,0.007890266424090825,1.0,32.0
