O^z,error,N,total_data
-0.029975004517307714,0.00015703143503060957,7000.0,224000.0
