O^z,error,N,total_data
-0.19425338482063922,0.005824742990821494,1000.0,1000.0
