O^z,error,N,total_data
-0.12772431109754945,0.0008200044511172938,1000.0,16000.0
