O^z,error,N,total_data
-0.2596459851318434,0.004183225650179334,1000.0,1000.0
