O^z,error,N,total_data
-0.0720020200322848,0.0005142019138964961,1000.0,24000.0
