O^z,error,N,total_data
0.31237871647013893,0.0003574728083891298,1000.0,24000.0
