O^z,error,N,total_data
0.30916522566076665,0.0003178451661077508,1000.0,32000.0
