O^z,error,N,total_data
0.31792163934930906,0.00040151701455463397,1000.0,16000.0
