O^z,error,N,total_data
0.32649915670252694,0.001362709994127338,1000.0,1000.0
