O^z,error,N,total_data
-0.0550859822400422,0.0006467250173264101,500.0,16000.0
