O^z,error,N,total_data
0.1873538070948124,0.005855909049129157,1.0,32.0
