O^z,error,N,total_data
0.19935462891293101,0.008131455018826192,1.0,24.0
