O^z,error,N,total_data
-0.25622643045839416,0.013473422436734465,1.0,24.0
