O^z,error,N,total_data
-0.22131225362754214,0.00868538183866662,1.0,32.0
