O^z,error,N,total_data
-0.31279688813912326,0.017247786076986328,1.0,16.0
