ZL,error,N
0.20331794126379438,0.00227220252648908,1000.0
