ZL,error,N
0.2002327761257533,0.0029682705863405,1000.0
