ZL,error,N
0.208441666136062,0.00331043744892308,1000.0
