ZL,error,N
0.20323947039386406,0.0021029842652772086,1000.0
