ZL,error,N
0.18327088734439068,0.0036974090800361587,1000.0
