ZL,error,N
0.16587656943281553,0.0048543584699851485,1000.0
