ZL,error,N
-0.08797968033928744,0.0035869647965236827,1000.0
