ZL,error,N
-0.04391131063783466,0.003407701304178898,1000.0
