ZL,error,N
-0.07195983462495335,0.0034714989243971005,1000.0
