ZL,error,N
-0.00031375236444105127,0.0033819159099783918,1000.0
