ZL,error,N
-0.10298447809300253,0.003894787348764339,1000.0
