ZL,error,N
-0.10368101067200042,0.003739612851831064,995.0
