ZL,error,N
-0.10217029252570374,0.0035717038408240574,1000.0
