ZL,error,N
0.08653405436812495,0.0034332431354322196,1000.0
