ZL,error,N
0.09306205549235516,0.0034145686699853504,1000.0
