ZL,error,N
0.13013729466402427,0.0029645430809313155,1000.0
