ZL,error,N
0.10718594667074924,0.0032494251015444983,1000.0
