O^z,error,N,total_data
-0.40447138887021994,0.0031505759451505807,1000.0,1000.0
