O^z,error,N,total_data
-0.2716399828474806,0.0006753806747721652,1000.0,16000.0
