O^z,error,N,total_data
-0.21546885134961313,0.0004919789046813517,1000.0,24000.0
