ZL,error,N
0.019839507343750472,0.011993576735586292,1000.0
