O^z,error,N,total_data
-6.394545071480033e-08,5.752234593107743e-08,1000.0,32000.0
