O^z,error,N,total_data
2.5092453730228014e-12,1.0583884500240763e-12,499.0,23952.0
