O^z,error,N,total_data
-1.6469394296833653e-06,8.855579696140675e-06,1000.0,24000.0
