O^z,error,N,total_data
6.870145788847385e-05,1.613393422675984e-05,1000.0,16000.0
