O^z,error,N,total_data
0.0013654667630215082,0.0002681227209751133,1000.0,1000.0
