O^z,error,N,total_data
4.102779325237463e-10,2.2649987798073443e-10,499.0,31936.0
