O^z,error,N,total_data
-0.038272188737190946,0.00016995521767110503,6998.0,223936.0
