O^z,error,N,total_data
-0.2174693074977734,0.005820479399397539,1000.0,1000.0
