ZL,error,N
0.7341280800534546,3.921286401559083e-08,500.0
