O^z,error,N,total_data
0.19818916494345912,0.0008160970396113091,1000.0,16000.0
