O^z,error,N,total_data
0.16604791735753893,0.0006022805654051227,1000.0,32000.0
