O^z,error,N,total_data
0.17846831160569918,0.0006803003318310269,1000.0,24000.0
