O^z,error,N,total_data
0.23692253995442436,0.0029975165840788716,1000.0,1000.0
