ZL,error,N
0.6839378433384649,0.006241012768982695,1000.0
