O^z,error,N,total_data
-0.01488843362309549,0.0004924253999305317,499.0,15968.0
