O^z,error,N,total_data
-0.02987524716090594,0.00036599146196243713,1000.0,24000.0
