O^z,error,N,total_data
-0.18348261250696662,0.004295603946554603,1000.0,1000.0
