O^z,error,N,total_data
-0.016019407102400258,0.00023095773411840027,1000.0,32000.0
