O^z,error,N,total_data
-0.06726239749834036,0.0007029535200594297,1000.0,16000.0
