O^z,error,N,total_data
-0.05715269165394509,0.00047214700296448507,1000.0,24000.0
