O^z,error,N,total_data
-0.10827641436378346,0.000789396386911693,1000.0,16000.0
