O^z,error,N,total_data
-0.03481846051144232,0.00032966221942641713,1000.0,32000.0
