O^z,error,N,total_data
-0.23846501767545264,0.004302763753325721,1000.0,1000.0
