O^z,error,N,total_data
-0.14752359597190215,0.005524470444223285,1000.0,1000.0
