ZL,error,N
-0.37580571761196324,0.008935811113697914,1000.0
