ZL,error,N
-0.34268399490400225,0.006549441372970012,1000.0
