ZL,error,N
-0.37869410008380067,0.009696570903306004,1000.0
