ZL,error,N
-0.3620536355507522,0.008308810376819173,1000.0
