ZL,error,N
-0.5169738069072766,0.007967353413998271,1000.0
