ZL,error,N
-0.4822087864578726,0.007166268461019039,1000.0
