ZL,error,N
-0.40959605737959115,0.0058875941430989245,1000.0
