ZL,error,N
-0.5476204629523885,0.008380661144107751,1000.0
