O^z,error,N,total_data
-0.08422758574598015,0.0005006852044894581,1000.0,32000.0
