O^z,error,N,total_data
-0.1141289015626249,0.0006723435702245402,1000.0,24000.0
