O^z,error,N,total_data
-0.2981310970537588,0.004990582364804809,1000.0,1000.0
