O^z,error,N,total_data
-0.16866835488271212,0.0009928417868838343,1000.0,16000.0
