O^z,error,N,total_data
0.18378317978202616,0.00339198584426821,1000.0,1000.0
