O^z,error,N,total_data
0.08181570321343268,0.0005142196802686135,1000.0,32000.0
