O^z,error,N,total_data
0.08429748967140265,0.0015897653760788897,100.0,3200.0
