O^z,error,N,total_data
0.12784535911989767,0.0008085113866538587,1000.0,16000.0
