O^z,error,N,total_data
0.09997696144613061,0.0006347072709159752,1000.0,24000.0
