O^z,error,N,total_data
-5.7971430151923e-17,4.251363539846619e-17,1000.0,32000.0
