ZL,error,N
0.006061452758243493,0.002183736122546065,990.0
