ZL,error,N
0.001111221828359275,0.0029665767107870753,939.0
