ZL,error,N
0.006642673483969023,0.002139451255564234,996.0
