ZL,error,N
0.005948830932916767,0.0023816028518420414,968.0
