O^z,error,N,total_data
-0.0030833868558826486,0.0002829229072780718,966.0,30912.0
