O^z,error,N,total_data
-0.08450110929893642,0.005211391447413723,998.0,998.0
