O^z,error,N,total_data
-0.009658419794769287,0.00042009127990376357,987.0,23688.0
