O^z,error,N,total_data
-0.02581260468903701,0.0007831959673374687,998.0,15968.0
