O^z,error,N,total_data
7.599413692556789e-08,4.6336153300486445e-08,1000.0,32000.0
