O^z,error,N,total_data
-0.23808913381830268,0.0005181322079432516,1000.0,24000.0
