O^z,error,N,total_data
-0.2857521817626305,0.0006705168073305013,1000.0,16000.0
