O^z,error,N,total_data
-0.4105250784939991,0.002998767212562665,1000.0,1000.0
