ZL,error,N
-0.13321005279488837,0.003659108131772445,1000.0
