ZL,error,N
-0.08033662755344945,0.003759728505115584,1000.0
