ZL,error,N
0.00858021684820038,0.0033440601142198617,1000.0
