ZL,error,N
-0.15908966979551545,0.003912487980053561,1000.0
