O^z,error,N,total_data
0.001867350538347748,8.054239749789058e-05,1000.0,32000.0
