ZL,error,N
-0.26072123305032735,0.008879631674226734,1000.0
