ZL,error,N
-0.2813975779216607,0.007122620564219683,1000.0
