ZL,error,N
-0.24046665404224557,0.009611058733964587,1000.0
