ZL,error,N
-0.22167376469881772,0.010075918142507053,1000.0
