O^z,error,N,total_data
0.0005324391472938993,3.6337403989187814e-05,1000.0,32000.0
