O^z,error,N,total_data
0.11675305179341339,0.0006600103942382969,1000.0,24000.0
