O^z,error,N,total_data
0.14270239866814788,0.0008176764950858013,1000.0,16000.0
