O^z,error,N,total_data
0.10484199112009666,0.0017345904738285223,100.0,3200.0
