O^z,error,N,total_data
0.1942898408179763,0.0033243401585156865,1000.0,1000.0
