O^z,error,N,total_data
0.09958609625793151,0.0005432316408047639,1000.0,32000.0
