O^z,error,N,total_data
-0.00018723776955079945,3.553818814202042e-05,1000.0,32000.0
