ZL,error,N
0.24540127169704024,0.0030251144449703364,1000.0
