ZL,error,N
0.2202785783621588,0.0019841476196081577,1000.0
