ZL,error,N
0.2955871218219977,0.0038732395095375594,1000.0
