ZL,error,N
0.23297584967542695,0.002492764537648511,1000.0
