ZL,error,N
0.2942434389882809,0.007700249559988738,250.0
