ZL,error,N
0.37415432796852455,0.014362067155991084,100.0
