ZL,error,N
0.2763491672331907,0.003595852135346809,1000.0
