ZL,error,N
0.25467991601296663,0.003183290711822953,1000.0
