ZL,error,N
0.04312450732148804,0.002875218695836997,1000.0
