ZL,error,N
0.005474143885667231,0.0032697386238087116,500.0
