ZL,error,N
0.6483332036853394,0.0065312406030557405,1000.0
