O^z,error,N,total_data
-2.5250775213343154e-12,2.6764789104209095e-12,500.0,16000.0
