O^z,error,N,total_data
0.19142485694463215,0.0032538686068049696,1000.0,1000.0
