O^z,error,N,total_data
0.0899288582289565,0.0005531479631558329,1000.0,32000.0
