O^z,error,N,total_data
0.13681570563881976,0.0008206614816994198,1000.0,16000.0
