O^z,error,N,total_data
0.1096343259017994,0.000651176907855468,1000.0,24000.0
