ZL,error,N
0.45055147174728166,0.00590835216690636,500.0
