ZL,error,N
-0.2274348866862129,0.03293408085087036,100.0
