ZL,error,N
-0.2705958320316665,0.007310645056854691,1000.0
