ZL,error,N
-0.22195917840762971,0.01031772580349259,1000.0
