ZL,error,N
-0.19522561243915357,0.011049047425008719,1000.0
