ZL,error,N
-0.24719491954037087,0.009417016612256371,1000.0
