O^z,error,N,total_data
-0.1502710931369574,0.005558429330282922,1000.0,1000.0
