ZL,error,N
0.19630163739407186,0.0040055247229056935,1000.0
