ZL,error,N
0.057742842049924886,0.0037461392168489944,1000.0
