ZL,error,N
0.3035991088464433,0.0056960825630818345,500.0
