ZL,error,N
-0.07753790250000808,0.0016442743183774492,1000.0
