ZL,error,N
-0.05404061556835043,0.002706767240965936,1000.0
