ZL,error,N
-0.06315923002559057,0.0034890993081506476,1000.0
