ZL,error,N
-0.03545750654959236,0.004216932490294774,1000.0
