ZL,error,N
0.003509060173362875,0.005058641245336725,1000.0
