ZL,error,N
-0.013725477060671377,0.01258612657215517,1000.0
