O^z,error,N,total_data
0.3077325206925031,0.0003296851689875684,1000.0,32000.0
