O^z,error,N,total_data
0.3243391408558153,0.001432962098570261,1000.0,1000.0
