O^z,error,N,total_data
0.31067954754546173,0.0003759302044481948,1000.0,24000.0
