O^z,error,N,total_data
0.31675734955221824,0.00040989962186989794,1000.0,16000.0
