O^z,error,N,total_data
0.11281577128421391,0.001879917204419942,100.0,3200.0
