O^z,error,N,total_data
0.12939159074402481,0.0006571049881840372,1000.0,24000.0
