O^z,error,N,total_data
0.15503963418599048,0.0008163541927186844,1000.0,16000.0
