O^z,error,N,total_data
0.20620600696027605,0.0032484843770833444,1000.0,1000.0
