O^z,error,N,total_data
0.11316463779564785,0.0005627731118121559,1000.0,32000.0
