O^z,error,N,total_data
-0.01662744563969028,0.000555748739119672,498.0,15936.0
