ZL,error,N
0.0038093385936878266,0.0022411571938671052,988.0
