ZL,error,N
0.02937573335007988,0.004197964921644891,835.0
