ZL,error,N
0.02198596184970493,0.003605042784104931,899.0
