ZL,error,N
0.013168637406891887,0.0031422271216626457,961.0
