O^z,error,N,total_data
0.01733813468101887,0.00029348946644936,1000.0,24000.0
