O^z,error,N,total_data
0.009849580942816285,0.00019230529353429985,1000.0,32000.0
