O^z,error,N,total_data
0.03405056111916572,0.0005020869396913933,1000.0,16000.0
