O^z,error,N,total_data
0.08122847883295366,0.0031107817747449574,1000.0,1000.0
