ZL,error,N
-0.3415766272877908,0.00848502919585353,1000.0
