ZL,error,N
-0.3459393097057613,0.009841067060507845,1000.0
