ZL,error,N
-0.33079539438739475,0.006644917498027036,1000.0
