ZL,error,N
-0.35451846127452835,0.009292509037235537,1000.0
