ZL,error,N
-0.3169033859505666,0.032412758075682245,100.0
