ZL,error,N
-0.3155949351285938,0.009849644813471042,1000.0
