ZL,error,N
-0.3039329120391144,0.010252476535196495,1000.0
