ZL,error,N
-0.31571583491617855,0.0069450008931358385,1000.0
