ZL,error,N
-0.3207777961758999,0.008787507022338957,1000.0
