O^z,error,N,total_data
0.08333308462863102,0.0025823404051803864,1000.0,1000.0
