O^z,error,N,total_data
0.0003476499051021743,3.620064855328321e-05,500.0,32000.0
