O^z,error,N,total_data
0.0017389306621240141,9.400218383619477e-05,500.0,24000.0
