O^z,error,N,total_data
0.005453904694702477,0.00013134106057440803,1000.0,32000.0
