O^z,error,N,total_data
0.026971205010430415,0.00039604262919241506,1000.0,16000.0
