O^z,error,N,total_data
0.010662897727912533,0.00021227677108542366,1000.0,24000.0
