O^z,error,N,total_data
-0.017823077374167308,0.00020070998853284234,1000.0,24000.0
