O^z,error,N,total_data
-0.05155762661928702,0.0004249006987748702,1000.0,16000.0
