O^z,error,N,total_data
-0.17940236254424582,0.002670354390485201,1000.0,1000.0
