O^z,error,N,total_data
-0.07054911509558769,0.0004875384191767855,1000.0,32000.0
