O^z,error,N,total_data
-0.15116342250506082,0.000992989946575489,1000.0,16000.0
