O^z,error,N,total_data
-0.2778695340078611,0.005290690191491631,1000.0,1000.0
