O^z,error,N,total_data
-0.0980798320963837,0.0006735388435402333,1000.0,24000.0
