O^z,error,N,total_data
0.1292126052236703,0.0016533332097180586,250.0,4000.0
