O^z,error,N,total_data
0.1864973243257363,0.006877409195045302,250.0,250.0
