O^z,error,N,total_data
0.10003608289848835,0.0012717249070776768,250.0,6000.0
