O^z,error,N,total_data
0.08653407403311487,0.0005139208416635206,1000.0,32000.0
