ZL,error,N
-0.0007041397759595309,0.0026021478452812317,920.0
