ZL,error,N
0.005205846330403776,0.002211669939591633,966.0
