ZL,error,N
0.0053411300271024665,0.0019427190245387158,990.0
