ZL,error,N
0.054298954611940654,0.006668055541327549,499.0
