ZL,error,N
0.9517226205942579,0.0020941160215261954,500.0
