ZL,error,N
0.8287047561311676,0.0010385525125482721,1000.0
