ZL,error,N
0.9109764822836313,8.743896796846582e-05,1000.0
