ZL,error,N
0.9393299254150136,0.0003344288280084497,500.0
