ZL,error,N
0.8826418183869569,0.0004932787417791411,1000.0
