ZL,error,N
0.687558782959461,0.00033561738464667266,1000.0
