O^z,error,N,total_data
0.11483483205002017,0.0006557224517146073,1000.0,24000.0
