O^z,error,N,total_data
0.14422218301462458,0.0008080442410528213,1000.0,16000.0
