O^z,error,N,total_data
0.1927280503286548,0.0033472358987779306,1000.0,1000.0
