O^z,error,N,total_data
0.09655228609269614,0.0005368301189216552,1000.0,32000.0
