ZL,error,N
-0.7783782346914224,0.0007435337094649189,1000.0
