ZL,error,N
-0.864074013631252,0.0003859514534263066,1000.0
