ZL,error,N
-0.6394273457061065,0.0010661387021444787,1000.0
