ZL,error,N
-0.8336058832040023,0.00047838145394139375,1000.0
