O^z,error,N,total_data
6.466152806604194e-07,1.454765445913171e-06,1000.0,24000.0
