O^z,error,N,total_data
-2.0071799438694863e-06,1.8274846394824265e-06,1000.0,16000.0
