O^z,error,N,total_data
-1.1209440280360174e-08,6.882341572034517e-09,500.0,24000.0
