O^z,error,N,total_data
0.00027084803667372235,3.17858446995895e-05,1000.0,1000.0
