O^z,error,N,total_data
1.4542958545311415e-11,4.6156628189664395e-11,500.0,32000.0
