O^z,error,N,total_data
-4.594419836085349e-07,6.454169749373311e-07,1000.0,32000.0
