O^z,error,N,total_data
-0.18410899700344624,0.005861684858893814,1000.0,1000.0
