ZL,error,N
0.5387790899343486,0.010135780845902312,100.0
