ZL,error,N
0.43725346193496006,0.005706143389329072,250.0
