ZL,error,N
0.32207888675676416,0.0020018034508147214,1000.0
