ZL,error,N
0.36035922725496533,0.0019651519199860717,1000.0
