ZL,error,N
0.27349766817662957,0.0013405941580101536,1000.0
