ZL,error,N
0.41518278927396257,0.002295203878266862,1000.0
