ZL,error,N
0.4414150036681451,0.002695096213312182,1000.0
