ZL,error,N
0.37821054821768224,0.0023837649284751666,1000.0
