O^z,error,N,total_data
-0.21707143752708336,0.005818272488200237,1000.0,1000.0
