O^z,error,N,total_data
-0.06096049653874635,0.0006638177694348685,1000.0,24000.0
