O^z,error,N,total_data
-0.03998285993015136,0.00016937545891883643,7000.0,224000.0
