O^z,error,N,total_data
-0.10526598479291796,0.0010221717375532115,1000.0,16000.0
