ZL,error,N
0.28472770135501624,0.002405699542530485,1000.0
