ZL,error,N
0.30551658067852583,0.0028886610903423133,1000.0
