ZL,error,N
0.254758070989692,0.0015218667580414306,1000.0
