ZL,error,N
-0.4654874751590628,0.010685035900342792,900.0
