ZL,error,N
-0.4830050562183846,0.01773745443201403,381.0
