ZL,error,N
-0.40137135222071463,0.003013992069664223,7000.0
