ZL,error,N
-0.46178161075687474,0.009812479571382735,1000.0
