ZL,error,N
-0.42690746094560295,0.003285773259543218,7000.0
