ZL,error,N
-0.44749149992737175,0.00927057765932935,1000.0
