ZL,error,N
-0.35982532285007723,0.002409051125141691,7000.0
