ZL,error,N
-0.8494384836226022,0.0005875181143303908,1000.0
