ZL,error,N
-0.8163305920142677,0.0007796108596888312,1000.0
