ZL,error,N
-0.6114526003745349,0.0015834329756672977,1000.0
