ZL,error,N
-0.7547061037463937,0.001195667866316501,1000.0
