ZL,error,N
0.04509767399131877,0.004466242096997655,939.0
