ZL,error,N
-0.0015248334146924472,0.0027995087773204632,1000.0
