ZL,error,N
0.008928044483304995,0.0013403968429181764,7000.0
