ZL,error,N
-0.28502620848156524,0.008637438250728722,1000.0
