ZL,error,N
-0.28261053339831216,0.009184860126916798,1000.0
