ZL,error,N
-0.25726456366862493,0.00975200553855825,1000.0
