ZL,error,N
-0.2946845534349268,0.0068724584258774285,1000.0
