O^z,error,N,total_data
0.10648260347888243,0.0006362532514271594,1000.0,24000.0
