O^z,error,N,total_data
0.08883944727115299,0.0005265599783263398,1000.0,32000.0
