O^z,error,N,total_data
0.13558558537595744,0.0008036088327103532,1000.0,16000.0
