O^z,error,N,total_data
0.18806309622274453,0.003341033760602537,1000.0,1000.0
