Dimerization,ZL,error
0.0,0.0077165766909362745,0.0032850360939850965
0.1,0.0091506295043643,0.003270895504556246
0.2,0.008036996151753472,0.003368030434984364
0.3,0.007505260150075535,0.0035565539901928423
0.4,0.010771262310095044,0.004436539727761493
0.5,0.02702803401100408,0.005438692455673856
0.6,0.05411405334257884,0.006979138766298112
0.7,0.12937052652615974,0.008777373607360252
