Dimerization,ZL,error
0.8,0.2394787760374291,0.010113148171457337
0.9,0.40599929574308646,0.010686999289863455
