Jdis,O^z,error,N
0.75,-0.2584033284355506,0.0031950488608399157,50.0
