O^z,error,N,total_data
-0.055525672948544734,0.00047578668620767875,1000.0,32000.0
