O^z,error,N,total_data
-0.1684483442645486,0.000601242597892371,1000.0,24000.0
