O^z,error,N,total_data
-0.13620809670362247,0.00047344751888373995,1000.0,32000.0
