O^z,error,N,total_data
-0.22480084693796698,0.0008620549987814729,1000.0,16000.0
