O^z,error,N,total_data
-0.3560564346998133,0.0041587457589569825,1000.0,1000.0
