O^z,error,N,total_data
9.114526143142449e-14,1.300742705035515e-13,1000.0,32000.0
