O^z,error,N,total_data
0.16079844170099594,0.0006010867310519015,1000.0,32000.0
