O^z,error,N,total_data
0.1926248215193232,0.0008243714024585026,1000.0,16000.0
