O^z,error,N,total_data
0.1734652394658137,0.0006897972967496278,1000.0,24000.0
