O^z,error,N,total_data
0.23265908303408536,0.0029838376052767315,1000.0,1000.0
