O^z,error,N,total_data
0.2584691196087368,0.0005616133561005715,1000.0,24000.0
