O^z,error,N,total_data
0.2564548117825688,0.0004929827770697874,1000.0,32000.0
