O^z,error,N,total_data
0.2879591169234167,0.002130800087227785,1000.0,1000.0
