O^z,error,N,total_data
0.269904194300036,0.0006318271660317445,1000.0,16000.0
