O^z,error,N,total_data
-0.30620032173004835,0.01307123485078234,1.0,16.0
