O^z,error,N,total_data
-0.20879223109326364,0.011406338875467426,1.0,24.0
