O^z,error,N,total_data
-0.21339629942522773,0.006818861847145141,1.0,32.0
