ZL,error,N
0.2672491809337597,0.005153264846793738,1000.0
