ZL,error,N
-0.06613065858289552,0.0020760580723895514,1000.0
