ZL,error,N
0.04836437013095225,0.004232554151839918,1000.0
