ZL,error,N
0.16916785630760178,0.004878148038207371,1000.0
