O^z,error,N,total_data
-0.20313056961257647,0.005739271704499375,1000.0,1000.0
