O^z,error,N,total_data
-0.03349051878155219,0.00016703953686984807,7000.0,224000.0
