ZL,error,N
-0.013146664806644849,0.0031724854240875655,1000.0
