ZL,error,N
-0.3694188214640728,0.006537630298047907,1000.0
