ZL,error,N
-0.39761528845649435,0.00894142475363623,1000.0
