ZL,error,N
-0.4245285448697422,0.01061026841738741,1000.0
