ZL,error,N
-0.4088208913297583,0.010145695148921104,1000.0
