O^z,error,N,total_data
0.029713566881317918,0.00032011971066291394,1000.0,32000.0
