ZL,error,N
-0.3398310587062594,0.008299163050551618,1000.0
