ZL,error,N
-0.33260250603349883,0.00985807319296799,1000.0
