ZL,error,N
-0.3292407419373432,0.0067005371606711425,1000.0
