ZL,error,N
-0.34731931414200673,0.009041271338849095,1000.0
