O^z,error,N,total_data
-0.027273547056440306,0.00014808223786630351,7000.0,224000.0
