O^z,error,N,total_data
-0.1903201242070546,0.005687357492009854,1000.0,1000.0
