ZL,error,N
-0.06239798025353321,0.0036378458767472835,1000.0
