ZL,error,N
0.008795209078090503,0.0047741361345871305,1000.0
