ZL,error,N
-0.0891852048497188,0.0018618622413911782,1000.0
