ZL,error,N
-0.284735752028773,0.006919439859566979,1000.0
