ZL,error,N
-0.26244957220360776,0.009127750477361153,1000.0
