ZL,error,N
-0.24626861906731923,0.009622643354659514,1000.0
