ZL,error,N
-0.27106983273478247,0.008692131417312928,1000.0
