O^z,error,N,total_data
0.07421176101005617,0.0004889605117395395,1000.0,32000.0
