O^z,error,N,total_data
0.1748729825289344,0.00337241898193468,1000.0,1000.0
