O^z,error,N,total_data
0.12087999245029786,0.0007909808721970375,1000.0,16000.0
