O^z,error,N,total_data
0.09237602328759342,0.0006047805939466289,1000.0,24000.0
