ZL,error,N
0.8984773502572916,3.551620708090706e-05,1000.0
