ZL,error,N
-0.20035302872816563,0.010079632465133975,1000.0
