ZL,error,N
-0.23118096053785508,0.00961908003763356,1000.0
