ZL,error,N
-0.2472393377450004,0.008929690858772064,1000.0
