ZL,error,N
-0.27325003451944585,0.00717300897344399,1000.0
