O^z,error,N,total_data
-0.00870675815331988,0.0003578509119151302,990.0,31680.0
