O^z,error,N,total_data
-0.017031445863748745,0.0005167793866511709,994.0,23856.0
