O^z,error,N,total_data
-0.11102981117934344,0.005667339275047523,999.0,999.0
