O^z,error,N,total_data
-0.03610169115666385,0.0008724876002663582,999.0,15984.0
