ZL,error,N
0.4047255319491956,0.010037895206952894,1000.0
