ZL,error,N
-0.24850666188576015,0.010280267731521861,1000.0
