ZL,error,N
-0.228014690375466,0.01144417621801289,1000.0
