ZL,error,N
-0.18870624807226818,0.012330278235539718,1000.0
