ZL,error,N
-0.2840461694012339,0.00753020079855541,1000.0
