O^z,error,N,total_data
-0.017120591928232762,0.0005291798100142943,500.0,16000.0
