O^z,error,N,total_data
-0.1546508924401465,0.0009968683890600506,1000.0,16000.0
