O^z,error,N,total_data
-0.2785726150138085,0.005323026546710439,1000.0,1000.0
