O^z,error,N,total_data
-0.07332054820370962,0.00048718799116856653,1000.0,32000.0
