O^z,error,N,total_data
-0.10359792377771405,0.0006621703096040931,1000.0,24000.0
