O^z,error,N,total_data
1.891935300901727e-08,6.471375902640836e-08,1000.0,32000.0
