O^z,error,N,total_data
-0.006157767066383602,0.00044634472266498807,926.0,22224.0
