O^z,error,N,total_data
-0.017291545220266435,0.0008368269718774569,966.0,15456.0
