O^z,error,N,total_data
-0.07191512281284396,0.005012173667293255,990.0,990.0
