O^z,error,N,total_data
-0.00232088191226821,0.0003579894816391093,857.0,27424.0
