O^z,error,N,total_data
-0.3368048293778191,0.00343549334040822,1000.0,1000.0
