O^z,error,N,total_data
-0.2064504103368969,0.0008101541291934699,1000.0,16000.0
