O^z,error,N,total_data
-0.14679380659248717,0.000613546859579867,1000.0,24000.0
