O^z,error,N,total_data
-0.2871158828892241,0.0029007106496237436,1000.0,1000.0
