O^z,error,N,total_data
-0.07907475359058182,0.0004414959388585004,1000.0,24000.0
