O^z,error,N,total_data
-0.1408704386283769,0.0006604944605450214,1000.0,16000.0
