O^z,error,N,total_data
-0.1355378853713304,0.0006616121279581959,1000.0,24000.0
