O^z,error,N,total_data
-0.3201916906990464,0.004509784415365019,1000.0,1000.0
