O^z,error,N,total_data
-0.18857096664966091,0.0009323759708532138,1000.0,16000.0
