O^z,error,N,total_data
-0.10524890488609151,0.0004978058040613552,1000.0,32000.0
