O^z,error,N,total_data
-0.37786243906572803,0.0038306673555256973,1000.0,1000.0
