O^z,error,N,total_data
-0.24581235779429492,0.0007763694511923562,1000.0,16000.0
