O^z,error,N,total_data
-0.18946311948785374,0.0005469947728918093,1000.0,24000.0
