ZL,error,N
-0.0060247971478327314,0.004386070450827733,500.0
