ZL,error,N
-0.00963029491354349,0.004688517054935093,1000.0
