ZL,error,N
-0.0764177437094315,0.002204802339870812,1000.0
