ZL,error,N
0.052360896986315845,0.005592945735620343,1000.0
