ZL,error,N
-0.06641082233508784,0.0035836762492401095,1000.0
