ZL,error,N
-0.11951505791731874,0.004465426885965097,1000.0
