ZL,error,N
-0.12371004985261162,0.0029680326848883615,1000.0
