ZL,error,N
-0.05379839873139579,0.0027722614355128053,1000.0
