ZL,error,N
-0.13653331477884592,0.0035780714500861363,1000.0
