O^z,error,N,total_data
-0.006900308572745537,0.0004638375391803853,925.0,22200.0
