O^z,error,N,total_data
-0.0021472118612406495,0.00032534470297324595,843.0,26976.0
