O^z,error,N,total_data
-0.01879048739329344,0.0007975030169299765,963.0,15408.0
