O^z,error,N,total_data
-0.06635664722452346,0.00488943267756094,989.0,989.0
