O^z,error,N,total_data
-0.037467964825287026,0.00016821525052843853,7000.0,224000.0
