O^z,error,N,total_data
-0.21406491614377265,0.005828852363320093,1000.0,1000.0
