O^z,error,N,total_data
-0.10915964022241999,0.006765719261488227,1.0,24.0
