O^z,error,N,total_data
-0.18006174973118158,0.010506808200793949,1.0,16.0
