O^z,error,N,total_data
-0.03273804838770718,0.0030654784916035365,1.0,32.0
