O^z,error,N,total_data
0.19862724918266983,0.0033048420453938897,1000.0,1000.0
