O^z,error,N,total_data
0.14656769119865898,0.0008122988802348877,1000.0,16000.0
