O^z,error,N,total_data
0.10198660602667907,0.000547957579612943,1000.0,32000.0
