O^z,error,N,total_data
0.1194317511348237,0.0006647901309682945,1000.0,24000.0
