ZL,error,N
-0.2539218158179811,0.009175376856225059,1000.0
