ZL,error,N
-0.26636060140229195,0.008684585134841594,1000.0
