ZL,error,N
-0.28029330256356005,0.0069322931183471576,1000.0
