ZL,error,N
-0.23795967041858931,0.009823905262484738,1000.0
