O^z,error,N,total_data
-0.4055106596114044,0.003044840134632792,1000.0,1000.0
