O^z,error,N,total_data
-0.1737148520082741,0.0005093422192903843,500.0,16000.0
