O^z,error,N,total_data
-0.2696636550613954,0.0006261167053079991,1000.0,16000.0
