O^z,error,N,total_data
-0.21012777457184698,0.0004515938742147147,1000.0,24000.0
