ZL,error,N
0.412390514575792,0.009845871923270057,1000.0
