ZL,error,N
0.008829621178924538,0.002779011389206404,985.0
