ZL,error,N
0.0022339458242093112,0.002199928581419526,997.0
