ZL,error,N
0.015984267354526505,0.002953463125469639,975.0
