ZL,error,N
0.008290093384588535,0.0024834875677669705,997.0
