ZL,error,N
-0.29052922091090827,0.010089492599576443,1000.0
