ZL,error,N
-0.3154461263771218,0.00863454832931192,1000.0
