ZL,error,N
-0.3114231794158256,0.006811799429557323,1000.0
