ZL,error,N
-0.31284343618427324,0.009495590979048658,1000.0
