O^z,error,N,total_data
-0.03953106653684954,0.0006075420556812558,500.0,16000.0
