O^z,error,N,total_data
-0.28203279404431114,0.012644475396996974,1.0,16.0
