O^z,error,N,total_data
-0.1995447403414041,0.00919179705823285,1.0,24.0
