O^z,error,N,total_data
-0.15413302269931203,0.006909948014408241,1.0,32.0
