O^z,error,N,total_data
-0.25581864961635786,0.0007240530852042817,1000.0,16000.0
