O^z,error,N,total_data
-0.39027385429819883,0.0035129072782623203,1000.0,1000.0
