O^z,error,N,total_data
-0.19915371332811582,0.0005195431767242441,1000.0,24000.0
