ZL,error,N
-0.011997910311338313,0.00267280883038719,1000.0
