O^z,error,N,total_data
1.988158074294921e-05,1.1995354721552129e-05,250.0,250.0
