O^z,error,N,total_data
-1.2983924167209472e-09,8.202765883431659e-09,250.0,4000.0
