O^z,error,N,total_data
1.8479336859578056e-12,1.068349108462099e-12,1000.0,32000.0
