O^z,error,N,total_data
-2.129774639657245e-11,1.4526205407816132e-11,250.0,6000.0
