O^z,error,N,total_data
-0.013379786947532094,0.00048289198004880545,499.0,15968.0
