O^z,error,N,total_data
-0.005160537851671768,0.0002990150476333794,986.0,31552.0
