O^z,error,N,total_data
-0.08636861340124893,0.0051250974952933735,999.0,999.0
