O^z,error,N,total_data
-0.00930997918102235,0.0003903302559070757,995.0,23880.0
