O^z,error,N,total_data
-0.025246812261433594,0.0007428263288319563,999.0,15984.0
