ZL,error,N
0.2994989394049614,0.01847008662130845,250.0
