ZL,error,N
0.5023082934058287,0.008652900213063022,1000.0
