ZL,error,N
0.08686658212769932,0.018334410799899604,250.0
