ZL,error,N
0.41612037967389853,0.01776638829109429,250.0
