O^z,error,N,total_data
-0.17684139312090755,0.0005225884098729107,500.0,16000.0
