O^z,error,N,total_data
-0.27232479636842793,0.000637213401958935,1000.0,16000.0
