O^z,error,N,total_data
-0.2122985033952918,0.0004531189701065243,1000.0,24000.0
