O^z,error,N,total_data
-0.4057803175885331,0.0030211087162061233,1000.0,1000.0
