ZL,error,N
-0.014064495639516516,0.011117947189678842,1000.0
