ZL,error,N
-0.1385811466080711,0.008650721977117451,1000.0
