ZL,error,N
0.14499890405892377,0.012098398306911104,1000.0
