ZL,error,N
0.07467203225150022,0.011826529162390126,1000.0
