ZL,error,N
0.021248549498772473,0.0032934437082253647,1000.0
