ZL,error,N
0.03357441366746876,0.003377551978795235,1000.0
