ZL,error,N
0.04943869804827305,0.0033360342091030217,1000.0
