ZL,error,N
0.08075309288753589,0.0032874062266776177,1000.0
