ZL,error,N
-0.09394013677180335,0.0032747601364443474,1000.0
