ZL,error,N
-0.1235596102596944,0.003914153511392025,1000.0
