ZL,error,N
-0.02147558944426494,0.0032046707357243427,1000.0
