ZL,error,N
-0.1237575159186264,0.0035985570678578843,1000.0
