O^z,error,N,total_data
-0.1894318257504705,0.0008962955347659853,1000.0,16000.0
