O^z,error,N,total_data
-0.32547375682283325,0.004232684208552657,1000.0,1000.0
