O^z,error,N,total_data
-0.10477806883888365,0.0005049815084423139,1000.0,32000.0
