O^z,error,N,total_data
-0.13525314900568625,0.000652770956891973,1000.0,24000.0
