ZL,error,N
-0.060288239299003996,0.008892342650924163,1000.0
