ZL,error,N
0.20723020441163217,0.011016090497976428,1000.0
