ZL,error,N
0.2865460316423007,0.01130405036766654,1000.0
