ZL,error,N
0.09885890277268829,0.010806371083018969,1000.0
