O^z,error,N,total_data
-0.05392845675942892,0.0006495226234482523,500.0,16000.0
