O^z,error,N,total_data
-0.06248124349376521,0.005302120586678385,989.0,989.0
