O^z,error,N,total_data
-0.013278827556216306,0.0007761118107502107,968.0,15488.0
