O^z,error,N,total_data
-0.004832424983993512,0.0004430462557008665,907.0,21768.0
