O^z,error,N,total_data
-0.0027338393121472786,0.0003880287110855594,848.0,27136.0
