O^z,error,N,total_data
-0.12557350350619845,0.000669710791092696,1000.0,24000.0
