O^z,error,N,total_data
-0.17802663781850267,0.0009769858025820753,1000.0,16000.0
