O^z,error,N,total_data
-0.09467870097683412,0.0005036728421041377,1000.0,32000.0
