O^z,error,N,total_data
-0.3101215835938872,0.00491515537086855,1000.0,1000.0
