ZL,error,N
0.023979780804351997,0.003017046737314109,1000.0
