ZL,error,N
-0.27253746556734015,0.009446705645770716,1000.0
