ZL,error,N
-0.2390744947009544,0.010969028902274889,1000.0
