ZL,error,N
-0.25728535916752837,0.010475248708025601,1000.0
