ZL,error,N
-0.29293072384332586,0.007139701299555718,1000.0
