ZL,error,N
0.014646759155019068,0.004070103044958687,1000.0
