ZL,error,N
0.10257515486790807,0.00270796847061595,1000.0
