ZL,error,N
-0.0647466252005142,0.004688799628100021,1000.0
