O^z,error,N,total_data
0.09537383334941457,0.0006117190322781847,1000.0,24000.0
