O^z,error,N,total_data
0.07594909013165688,0.0016083485829870622,100.0,3200.0
