O^z,error,N,total_data
0.07376493191703487,0.000492001574917543,1000.0,32000.0
