O^z,error,N,total_data
0.12161740514170133,0.0007984850144799831,1000.0,16000.0
