O^z,error,N,total_data
0.17794032043421504,0.0033830701752843987,1000.0,1000.0
