ZL,error,N
0.733202109960256,0.004876852137157048,1000.0
