O^z,error,N,total_data
-0.03944237528463868,0.00041479178978185127,1000.0,32000.0
