ZL,error,N
-0.04792698321599024,0.004061836384137268,1000.0
