ZL,error,N
0.04769991788971231,0.00325779878929941,1000.0
