ZL,error,N
-0.11795678521803825,0.0042364095865516415,1000.0
