O^z,error,N,total_data
0.008934147271881444,0.00018210975371743516,1000.0,32000.0
