ZL,error,N
0.0055542576740849016,0.002422717077253308,993.0
