ZL,error,N
0.023783559146461356,0.003494396693806077,980.0
