ZL,error,N
0.048346756573346514,0.004805185617421754,883.0
