ZL,error,N
0.03928935020473975,0.004164323172406493,930.0
