O^z,error,N,total_data
-0.2849201816492216,0.013702613487492602,1.0,16.0
