O^z,error,N,total_data
-0.15457980629783363,0.007749324755547929,1.0,32.0
