O^z,error,N,total_data
-0.20113678066672844,0.010472488653067128,1.0,24.0
