O^z,error,N,total_data
-0.27614542333340475,0.004194409564460855,1.0,32.0
