O^z,error,N,total_data
-0.3092972901552097,0.005154991012464762,1.0,16.0
