O^z,error,N,total_data
-0.2808135747412965,0.005383769336635701,1.0,24.0
