ZL,error,N
0.3032839900621715,0.0021448761239067755,1000.0
