ZL,error,N
0.33883317498749466,0.0024623434646754566,1000.0
