ZL,error,N
0.2638026380755508,0.0011632318228158277,1000.0
