O^z,error,N,total_data
0.10724664983259939,0.0006445016944948581,1000.0,24000.0
