O^z,error,N,total_data
0.18735369607859148,0.0033493485567889897,1000.0,1000.0
