O^z,error,N,total_data
0.1360138801074544,0.0008086931546044748,1000.0,16000.0
