O^z,error,N,total_data
0.08610939496815134,0.0017067054375415006,100.0,3200.0
