O^z,error,N,total_data
0.08786823336681197,0.0005272454747208943,1000.0,32000.0
