O^z,error,N,total_data
-0.21319452220159674,0.0005646936318094095,1000.0,24000.0
