O^z,error,N,total_data
-0.3841122046520693,0.0025364385668230215,1000.0,1000.0
