O^z,error,N,total_data
-0.26494633213699137,0.0006681795203723842,1000.0,16000.0
