O^z,error,N,total_data
-0.012325562400643711,0.00022164854220642604,500.0,16000.0
