O^z,error,N,total_data
-0.027996097198710213,0.00026976142548832365,1000.0,24000.0
