O^z,error,N,total_data
-0.2055698113073039,0.003179058622463728,1000.0,1000.0
