O^z,error,N,total_data
-0.07087336878036729,0.0005350149998750672,1000.0,16000.0
