ZL,error,N
-0.09380955834836394,0.0018813834285745605,1000.0
