ZL,error,N
-0.22747520078175706,0.002958422368875682,1000.0
