ZL,error,N
-0.19491367804143714,0.0020886609417613876,1000.0
