O^z,error,N,total_data
-0.17179675226505653,0.0005080052096176671,1000.0,32000.0
