O^z,error,N,total_data
-0.25096105536807484,0.0007819417431244618,1000.0,16000.0
