O^z,error,N,total_data
-0.37912248453889985,0.0033238268240955784,1000.0,1000.0
