O^z,error,N,total_data
-0.19946897415864442,0.0006131825344866479,1000.0,24000.0
