ZL,error,N
0.27187697362015295,0.0011188326284873081,1000.0
