ZL,error,N
0.35835747783080774,0.0020637366271188127,1000.0
