ZL,error,N
0.39161317788152317,0.0018355535385131743,1000.0
