ZL,error,N
0.5600432200890381,0.00998667911285445,100.0
