ZL,error,N
0.3255611837976294,0.0017971272196059451,1000.0
