ZL,error,N
0.4302709391503333,0.002324163760128244,1000.0
