ZL,error,N
0.4678154780759497,0.0046136572045991815,250.0
