ZL,error,N
0.4609325545644027,0.0025031372893797245,1000.0
