O^z,error,N,total_data
0.14293913010061707,0.0032978873082307406,1000.0,1000.0
