O^z,error,N,total_data
0.051816978701437026,0.0005024580304748029,1000.0,24000.0
