O^z,error,N,total_data
0.037207598047019626,0.0003766932396005461,1000.0,32000.0
