O^z,error,N,total_data
0.08072901870770406,0.0007192758793707557,1000.0,16000.0
