O^z,error,N,total_data
0.09525131641754067,0.0005339618733335036,1000.0,32000.0
