O^z,error,N,total_data
0.09937452587965175,0.0017061619800979348,100.0,3200.0
