O^z,error,N,total_data
0.1140639201127775,0.0006460109858300231,1000.0,24000.0
