O^z,error,N,total_data
0.19360553005956896,0.0033325128123828348,1000.0,1000.0
