O^z,error,N,total_data
0.14162583973208526,0.0008116125633984986,1000.0,16000.0
