O^z,error,N,total_data
0.06654477589252733,0.002538584395101291,1.0,16.0
