O^z,error,N,total_data
0.011928543347145774,0.0010721795408117206,1.0,32.0
