O^z,error,N,total_data
0.03406031084909574,0.0021058537694477104,1.0,24.0
