O^z,error,N,total_data
-0.041286029078223756,0.0005916717244765532,1000.0,24000.0
