O^z,error,N,total_data
-0.07754827178966556,0.0010080000103631255,1000.0,16000.0
