O^z,error,N,total_data
-0.18041633113108727,0.005732515630070257,1000.0,1000.0
