ZL,error,N
0.7165781537568926,0.0053563612191650555,1000.0
