ZL,error,N
0.2978136650372445,0.015221205223426338,250.0
