ZL,error,N
0.5292254843349403,0.013300094435113955,250.0
