ZL,error,N
0.6330056742281698,0.013288895380882732,250.0
