ZL,error,N
0.1696261247325095,0.002776491385454689,1000.0
