ZL,error,N
0.12376481133532545,0.0042095854824772605,1000.0
