ZL,error,N
0.1365256606995912,0.0038279279216603557,1000.0
