ZL,error,N
0.14671078871067558,0.003490735365409097,1000.0
