ZL,error,N
-0.07551161032247967,0.0017620709239273065,1000.0
