ZL,error,N
0.18938133731714732,0.004169597387345332,1000.0
