ZL,error,N
0.056098765223499526,0.0038891672148335583,1000.0
