ZL,error,N
-0.2495846653013392,0.009845039693532176,1000.0
