ZL,error,N
-0.29052147059399874,0.006939375164181026,1000.0
