ZL,error,N
-0.27778239001805227,0.008653264390734806,1000.0
