ZL,error,N
-0.2685235450828271,0.00931079556794831,1000.0
