ZL,error,N
-0.2523531966653873,0.03057126006034023,100.0
