ZL,error,N
-0.29068657695880884,0.008763899857468678,1000.0
