ZL,error,N
-0.267592027476431,0.010105472936036817,1000.0
