ZL,error,N
-0.2952031243136883,0.031435221257315155,100.0
