ZL,error,N
-0.3018957730093174,0.006930942752417192,1000.0
