ZL,error,N
-0.2848565249650257,0.009547537388632536,1000.0
