ZL,error,N
0.7341029319482433,2.509350169696058e-05,500.0
