O^z,error,N,total_data
0.08855413492586613,0.0031768842455374936,1000.0,1000.0
