O^z,error,N,total_data
0.011347930508872178,0.0002029772093211151,1000.0,32000.0
