O^z,error,N,total_data
0.020254928828778832,0.0003131638195605345,1000.0,24000.0
