O^z,error,N,total_data
0.038638240890826736,0.0005344573383669818,1000.0,16000.0
