O^z,error,N,total_data
0.0886706213840816,0.00052240791302968,1000.0,32000.0
