O^z,error,N,total_data
0.09386786136649619,0.0017095686404544478,100.0,3200.0
