O^z,error,N,total_data
0.13469541723917006,0.0008001419220075734,1000.0,16000.0
