O^z,error,N,total_data
0.10735158416096979,0.0006322678319893811,1000.0,24000.0
