O^z,error,N,total_data
0.18817570013200263,0.0033539751166948755,1000.0,1000.0
