ZL,error,N
0.7097104641609233,0.0002286628001051399,1000.0
