ZL,error,N
0.9576435583175864,4.0359853582780255e-05,500.0
