ZL,error,N
0.9170817666176544,7.269517732186635e-05,1000.0
