ZL,error,N
0.8911507188778957,8.373533599962576e-05,1000.0
