ZL,error,N
0.841370026751861,0.00012899743795575288,1000.0
