ZL,error,N
0.9438423917285206,6.026380100870948e-05,500.0
