O^z,error,N,total_data
-0.1858159128071509,0.0005579982770779322,1000.0,24000.0
