O^z,error,N,total_data
-0.37273376793751417,0.0038941131939123456,1000.0,1000.0
