O^z,error,N,total_data
-0.24257817893304348,0.0007838691013251391,1000.0,16000.0
