O^z,error,N,total_data
-0.15274593704701772,0.0004432710756155381,1000.0,32000.0
