O^z,error,N,total_data
-0.055048182767796945,0.00030152671096496354,171.0,21888.0
