O^z,error,N,total_data
-0.11471184965912627,0.0003042605842009797,1000.0,48000.0
