O^z,error,N,total_data
0.12987799326001875,0.0006634582675356475,1000.0,24000.0
