O^z,error,N,total_data
0.20425537268348193,0.0032644554471083502,1000.0,1000.0
