O^z,error,N,total_data
0.11197870562806143,0.001832792301631018,100.0,3200.0
