O^z,error,N,total_data
0.15536534150824002,0.0008157117894042918,1000.0,16000.0
