O^z,error,N,total_data
0.10945624597555169,0.000566050769006257,1000.0,32000.0
