ZL,error,N
-0.2763898561319709,0.010005514415803506,1000.0
