ZL,error,N
-0.3041992127637234,0.006933251688775011,1000.0
