ZL,error,N
-0.2960864249124492,0.008732877489230722,1000.0
