ZL,error,N
-0.29515310240240705,0.009464389465292855,1000.0
