ZL,error,N
-0.31102510630888114,0.03139409950496618,100.0
