Dimerization,ZL,error
0.0,0.28938473868741066,0.004361033720059621
0.8,0.5043726239981742,0.0037139879352033004
0.9,0.6466281690543346,0.0015628389612199352
