O^z,error,N,total_data
-0.12060128807213526,0.005513571005748621,1000.0,1000.0
