O^z,error,N,total_data
-0.040509022502430665,0.0008359530851720389,1000.0,16000.0
