O^z,error,N,total_data
-0.02042376826597145,0.0005073732491281849,999.0,23976.0
