O^z,error,N,total_data
-0.011513007498445154,0.0003389542702218463,997.0,31904.0
