ZL,error,N
-0.3547607987526783,0.008021090978587223,1000.0
