ZL,error,N
-0.3232221139182159,0.006902581630068178,1000.0
