ZL,error,N
-0.3097343764013927,0.005248951796290833,1000.0
