ZL,error,N
-0.3072354573763842,0.006725508128621011,617.0
