ZL,error,N
-0.32686281903827125,0.002719247915521185,1000.0
