O^z,error,N,total_data
-0.055661690024928025,0.00048051172895153757,1000.0,32000.0
