O^z,error,N,total_data
-0.017589335423172904,0.00033932793692506406,1000.0,32000.0
