O^z,error,N,total_data
-0.030124893802518957,0.0004904816033942185,1000.0,24000.0
