O^z,error,N,total_data
-0.06334569730237496,0.0008359360014579751,1000.0,16000.0
