O^z,error,N,total_data
-0.1660724227774424,0.005508509275574043,1000.0,1000.0
