O^z,error,N,total_data
0.0852655938712445,0.0005921324259515376,1000.0,24000.0
