O^z,error,N,total_data
0.17238081907756572,0.0033718224091079567,1000.0,1000.0
