O^z,error,N,total_data
0.06813773317697168,0.00047436101673323765,1000.0,32000.0
