O^z,error,N,total_data
0.11390376461976162,0.0007842584214133891,1000.0,16000.0
