ZL,error,N
-0.09318147625385113,0.0018736575804898627,1000.0
