ZL,error,N
-0.2204642661646636,0.0020856822670909034,1000.0
