ZL,error,N
-0.2860355981456477,0.0026547506376617073,1000.0
