O^z,error,N,total_data
-0.0993649069532011,0.005467620740695681,998.0,998.0
