O^z,error,N,total_data
-0.03324521203183749,0.0008380960263125655,997.0,15952.0
