O^z,error,N,total_data
-0.01407517029513639,0.0005143782092072445,988.0,23712.0
