O^z,error,N,total_data
-0.006543365835166027,0.00032558532228199366,971.0,31072.0
