ZL,error,N
-0.5026926033430407,0.004440994663748931,1000.0
