ZL,error,N
-0.6271233229598892,0.0049064417426223,1000.0
