ZL,error,N
-0.7375772033563341,0.005267573260560034,1000.0
