ZL,error,N
-0.6956179677187484,0.0048733592510336,1000.0
