ZL,error,N
-0.3012383221716667,0.009976143074467259,1000.0
