ZL,error,N
-0.31356643982835625,0.008996253832929567,1000.0
