ZL,error,N
-0.30917569032399167,0.006858243942459692,1000.0
