ZL,error,N
-0.3134915083042907,0.008438271352338319,1000.0
