ZL,error,N
0.15122365515212172,0.00419995328961112,1000.0
