ZL,error,N
0.18664667693435621,0.002630936445847266,1000.0
