ZL,error,N
0.16673222778508795,0.0036395554411519132,1000.0
