ZL,error,N
0.08684849135823561,0.0036959592143181804,1000.0
