ZL,error,N
0.118617177458554,0.0032514196154835536,1000.0
