ZL,error,N
0.04834102965925022,0.004102582659194623,1000.0
