ZL,error,N
0.06977407763239891,0.0039067812300049316,1000.0
