O^z,error,N,total_data
-0.22352399294765654,0.0008699808701544412,1000.0,16000.0
