O^z,error,N,total_data
-0.3531639908599398,0.004150883349023377,1000.0,1000.0
