O^z,error,N,total_data
-0.13671995742492662,0.0004819199357556003,1000.0,32000.0
