O^z,error,N,total_data
-0.16848210847428538,0.000614113966494082,1000.0,24000.0
