O^z,error,N,total_data
0.21653089928326907,0.0031557115383826105,1000.0,1000.0
