O^z,error,N,total_data
0.14346948779883736,0.0006890145339115899,1000.0,24000.0
