O^z,error,N,total_data
0.16797052576905053,0.0008278542940718262,1000.0,16000.0
