ZL,error,N
0.010319899641004136,0.001348377623452227,3000.0
