O^z,error,N,total_data
0.17647339578463517,0.003352392051880327,1000.0,1000.0
