O^z,error,N,total_data
0.12226079051826412,0.0007874737190130184,1000.0,16000.0
