O^z,error,N,total_data
0.07434338402401514,0.0004964147731314056,1000.0,32000.0
