O^z,error,N,total_data
0.09093391362045794,0.0006014679142160445,1000.0,24000.0
