O^z,error,N,total_data
-0.2507623783895157,0.0007709523453528447,1000.0,16000.0
