O^z,error,N,total_data
-0.38027149144469713,0.0034799201360151627,1000.0,1000.0
