O^z,error,N,total_data
-0.1965500485398005,0.000563241952027464,1000.0,24000.0
