O^z,error,N,total_data
-0.00767609555469041,0.000520488568742611,947.0,22728.0
