O^z,error,N,total_data
-0.07552165104443169,0.005009488409842746,993.0,993.0
