O^z,error,N,total_data
-0.0030542248339300816,0.00037964807340451083,896.0,28672.0
