O^z,error,N,total_data
-0.020628985533277615,0.0008182069935571122,980.0,15680.0
