O^z,error,N,total_data
-0.25109521274275004,0.000755373796317644,1000.0,16000.0
