O^z,error,N,total_data
-0.38044977108756833,0.00363590938481078,1000.0,1000.0
