O^z,error,N,total_data
-0.1948986061886111,0.0005598841173188907,1000.0,24000.0
