ZL,error,N
0.025191359534214596,0.0036267858644604776,999.0
