ZL,error,N
0.0629929249827223,0.004806794514512483,986.0
