ZL,error,N
-0.0008128338794690542,0.002488696815987027,999.0
