ZL,error,N
0.04460160522714274,0.004372600907730677,995.0
