ZL,error,N
-0.20418546778502997,0.010193590238498274,1000.0
