ZL,error,N
-0.20805698458870933,0.03266291725415988,100.0
