ZL,error,N
-0.23147033125863464,0.009465328777308716,1000.0
