ZL,error,N
-0.26117012396018213,0.007345518549512409,1000.0
