ZL,error,N
-0.17049077115677844,0.01095166264178422,1000.0
