ZL,error,N
-0.21933187206812405,0.010046201765297002,1000.0
