ZL,error,N
-0.27667535867602805,0.007162664741735495,1000.0
