ZL,error,N
-0.23712251715006238,0.009550229523191745,1000.0
