ZL,error,N
-0.25416302515422146,0.00889217550883898,1000.0
