O^z,error,N,total_data
0.09693038356302527,0.0005549896110480213,1000.0,32000.0
