O^z,error,N,total_data
0.11434261673634911,0.0006574616629118026,1000.0,24000.0
