O^z,error,N,total_data
0.1947381732451711,0.003326360801184839,1000.0,1000.0
