O^z,error,N,total_data
0.141603990170801,0.0008202587395186901,1000.0,16000.0
