O^z,error,N,total_data
0.10812990179298486,0.0018144296249890048,100.0,3200.0
