O^z,error,N,total_data
0.1843025138672541,0.003369326422147448,1000.0,1000.0
