O^z,error,N,total_data
0.12798800212706682,0.0008084260515881581,1000.0,16000.0
