O^z,error,N,total_data
0.08184950661732653,0.0005133234613725991,1000.0,32000.0
