O^z,error,N,total_data
0.10163729957587496,0.0006280048237948518,1000.0,24000.0
