O^z,error,N,total_data
-0.0026874052666870695,0.00036544576202923225,893.0,28576.0
