O^z,error,N,total_data
-0.0070452577717291355,0.0005276802787872833,946.0,22704.0
