O^z,error,N,total_data
-0.0730513014060939,0.005115991560232974,968.0,968.0
