O^z,error,N,total_data
-0.016071205076331946,0.0007437991432503346,989.0,15824.0
