ZL,error,N
0.13320157689596684,0.009419998177397398,1000.0
