ZL,error,N
-0.10704716592720726,0.004157480157150517,1000.0
