ZL,error,N
-0.08285671264997806,0.004106712197092864,1000.0
