ZL,error,N
0.040652441745370936,0.0035020056320855227,1000.0
