ZL,error,N
-0.03667667363494144,0.004008363719459789,1000.0
