O^z,error,N,total_data
-0.25483051700234516,0.0008881367818727872,1000.0,12000.0
