O^z,error,N,total_data
-0.06713679587298856,0.00031813267762417476,987.0,47376.0
