O^z,error,N,total_data
-0.09583843740784156,0.0004322503310722857,1000.0,36000.0
