O^z,error,N,total_data
-0.04660627940648986,0.00024372351583602656,1000.0,64000.0
