O^z,error,N,total_data
-0.10947193301272616,0.0004756318349166307,1000.0,32000.0
