O^z,error,N,total_data
-0.16881448446368788,0.0006576907101198007,1000.0,20000.0
