O^z,error,N,total_data
-0.14304501419012375,0.000589588657437373,1000.0,24000.0
