O^z,error,N,total_data
-0.34041078279096776,0.0031014011820470868,1000.0,1000.0
