O^z,error,N,total_data
-0.04621196771576554,0.0003437604794512809,500.0,32000.0
