O^z,error,N,total_data
-0.0760445383590951,0.0003556707379907239,1000.0,44000.0
