O^z,error,N,total_data
-0.3404324133501199,0.003100690812860907,1000.0,1000.0
