O^z,error,N,total_data
-0.08398822088805884,0.0003804152288637772,1000.0,40000.0
