O^z,error,N,total_data
-0.14332135395105705,0.0005907565011096633,1000.0,24000.0
