O^z,error,N,total_data
-0.10771287380191838,0.0006718355046770778,500.0,16000.0
