O^z,error,N,total_data
-0.20558191733776832,0.0007741655954028816,1000.0,16000.0
