O^z,error,N,total_data
-0.12401938151208973,0.0005191329886144055,1000.0,28000.0
