O^z,error,N,total_data
-0.06764730851324709,0.00035874300171136555,800.0,38400.0
