O^z,error,N,total_data
-0.013142505795242308,0.00022866075481045868,200.0,25600.0
