O^z,error,N,total_data
-0.20561567984490287,0.0007743670077226969,1000.0,16000.0
