ZL,error,N
0.10953901918598101,0.0033830766916108073,1000.0
