ZL,error,N
0.010279392146513572,0.004585886185715821,1000.0
