ZL,error,N
0.05021817237289024,0.004287150536127507,1000.0
