ZL,error,N
-0.022021479989745695,0.004989585857993376,1000.0
