O^z,error,N,total_data
0.24606768729483272,0.0005199216707379734,1000.0,32000.0
