O^z,error,N,total_data
0.2808099909476433,0.002320816200996343,1000.0,1000.0
