O^z,error,N,total_data
0.26209425370719674,0.000653801418504352,1000.0,16000.0
