O^z,error,N,total_data
0.2504517030756053,0.0005826821325821778,1000.0,24000.0
