ZL,error,N
0.006743237404230412,0.0013860275859846338,2999.0
