O^z,error,N,total_data
-0.1432236838035677,0.005346758559532152,1000.0,1000.0
