O^z,error,N,total_data
-0.23431408878741725,0.0028812571358532834,1000.0,1000.0
