O^z,error,N,total_data
-0.09216278558526751,0.0005640969728135294,1000.0,16000.0
