O^z,error,N,total_data
-0.04077152786404462,0.00031277411626244773,1000.0,24000.0
