ZL,error,N
-0.2855803250668022,0.010752679159101265,1000.0
