ZL,error,N
-0.316514480054426,0.03352620574114706,100.0
