ZL,error,N
-0.2981815238642525,0.010128856373997174,1000.0
