ZL,error,N
-0.30291226458815046,0.009068153794279216,1000.0
