ZL,error,N
-0.3080714418777924,0.007005637974668774,1000.0
