O^z,error,N,total_data
-0.25367166178335604,0.0007344319642716853,1000.0,16000.0
