O^z,error,N,total_data
-0.19683823747898524,0.000522593136436466,1000.0,24000.0
