O^z,error,N,total_data
-0.39129183353684904,0.003517689874477355,1000.0,1000.0
