O^z,error,N,total_data
-0.11217281398530633,0.0005080983253493732,1000.0,32000.0
