O^z,error,N,total_data
-0.20253449305405433,0.0008413420159089519,1000.0,16000.0
