O^z,error,N,total_data
-0.33312330095191595,0.0037284618356704653,1000.0,1000.0
