O^z,error,N,total_data
-0.14454396576482786,0.000632966428362878,1000.0,24000.0
