O^z,error,N,total_data
0.14756928208609996,0.0008138313557528293,1000.0,16000.0
