O^z,error,N,total_data
0.10814801163777531,0.001723420103996289,100.0,3200.0
