O^z,error,N,total_data
0.1194426131103115,0.0006640318089908108,1000.0,24000.0
