O^z,error,N,total_data
0.10299809538420618,0.0005460983710618253,1000.0,32000.0
