O^z,error,N,total_data
0.19823285790854672,0.003310419215353949,1000.0,1000.0
