ZL,error,N
-0.007552299606150773,0.0041677801207261455,1000.0
