ZL,error,N
0.09429346477765593,0.0022975452753713284,1000.0
