ZL,error,N
-0.09248621241741922,0.005569348252040659,1000.0
