O^z,error,N,total_data
0.2357669473125996,0.0006116635427369777,1000.0,24000.0
