O^z,error,N,total_data
0.2722002074130537,0.002432883079321952,1000.0,1000.0
