O^z,error,N,total_data
0.2292981661779844,0.0005600786132523945,1000.0,32000.0
