O^z,error,N,total_data
0.24916873693408081,0.0007018160268293705,1000.0,16000.0
