ZL,error,N
0.7676930441365544,0.006851642641681164,250.0
