ZL,error,N
0.6808436513636146,0.007850456711829275,250.0
