ZL,error,N
0.8183497954669847,0.0038236434306868337,1000.0
