ZL,error,N
0.4774871527529066,0.009395479848960669,250.0
