O^z,error,N,total_data
0.005279398659117046,0.0001255922141288182,1000.0,32000.0
