O^z,error,N,total_data
0.011148948711661914,0.00019899169309201537,1000.0,32000.0
