ZL,error,N
-0.33588711639590507,0.008270610439228936,1000.0
