ZL,error,N
-0.3400449270501333,0.00919182032992151,1000.0
