ZL,error,N
-0.33623431335796444,0.009732561690049208,1000.0
