ZL,error,N
-0.33551706686883187,0.03232014087774591,100.0
