ZL,error,N
-0.32578937005343744,0.006737418430871244,1000.0
