O^z,error,N,total_data
-0.07390801905679116,0.0006591929288643475,1000.0,16000.0
