O^z,error,N,total_data
-0.03160302228346823,0.0003400470453449119,1000.0,24000.0
