O^z,error,N,total_data
-0.016207705652212866,0.00021314365487302728,1000.0,32000.0
