O^z,error,N,total_data
-0.19924079098877984,0.003995791577689842,1000.0,1000.0
