O^z,error,N,total_data
-0.000712410679155441,0.00013740824843842806,500.0,16000.0
