ZL,error,N
0.4062046870988065,0.009361709151100458,1000.0
