ZL,error,N
0.293428438037874,0.009450970121637169,1000.0
