ZL,error,N
0.4867604405033124,0.00854375345974533,1000.0
