ZL,error,N
0.5661910753707857,0.012364838632219457,500.0
