ZL,error,N
0.09385770385671428,0.008920583707893117,1000.0
