ZL,error,N
0.6153922628219051,0.01266724839296609,500.0
