O^z,error,N,total_data
-0.05333324717126334,0.0004727360389356674,1000.0,32000.0
