O^z,error,N,total_data
-0.02133918570598907,0.0004080906506310805,1000.0,32000.0
