O^z,error,N,total_data
-0.060143922385123276,0.004967288620417408,983.0,983.0
