O^z,error,N,total_data
6.416757235396038e-05,0.0003900523301236668,775.0,24800.0
