O^z,error,N,total_data
-0.004530241271096615,0.0004597328440048284,862.0,20688.0
