O^z,error,N,total_data
-0.013694167816352265,0.0007600128685844632,935.0,14960.0
