ZL,error,N
-0.054991652075666614,0.009385035908151292,1000.0
