ZL,error,N
0.045295585023216095,0.009853903676075835,1000.0
