ZL,error,N
-0.13469884225325798,0.007896596820833017,1000.0
