ZL,error,N
0.0016156994722173331,0.009575538117141541,1000.0
