ZL,error,N
0.015146174176100724,0.002870076833385879,1000.0
