ZL,error,N
0.00019998367586879635,0.0011199419898259464,7000.0
