ZL,error,N
0.8298911839862988,0.0011042357452761239,1000.0
