ZL,error,N
0.9460771776951471,0.004445875497518897,500.0
