ZL,error,N
0.8825529379345859,0.0011920859986633845,1000.0
