ZL,error,N
0.6982226831827147,0.0006477187003045065,1000.0
