ZL,error,N
0.9360818879123514,0.0016284608417853877,500.0
