ZL,error,N
0.9086664550069055,0.0014471258817359133,1000.0
