ZL,error,N
0.15646535445554613,0.002753777359245861,1000.0
