ZL,error,N
0.12954963800116565,0.003470601384817819,1000.0
