ZL,error,N
0.1364984466309098,0.0032945745842237703,1000.0
