ZL,error,N
-0.0021711419392032925,0.0011272324475648352,7000.0
