ZL,error,N
0.016105037440446727,0.0029295799186316337,1000.0
