O^z,error,N,total_data
-0.21937118100879935,0.000351617606379179,1000.0,48000.0
