O^z,error,N,total_data
-0.23479651849408098,0.0003883539859593104,1000.0,36000.0
