O^z,error,N,total_data
-0.2408297474074664,0.0004265864805394235,1000.0,32000.0
