O^z,error,N,total_data
-0.2375557700429499,0.0006106041629170755,500.0,16000.0
