O^z,error,N,total_data
-0.2504323292975494,0.0004533472192122798,1000.0,28000.0
