O^z,error,N,total_data
-0.34043617444911284,0.0010718908376831883,500.0,6000.0
