O^z,error,N,total_data
-0.23289865668398624,0.0005478563109797031,500.0,18000.0
