O^z,error,N,total_data
-0.26034920446507176,0.0004951228147015051,1000.0,24000.0
