O^z,error,N,total_data
-0.2741978714424503,0.0007838317077916564,500.0,10000.0
