O^z,error,N,total_data
-0.4243540419807607,0.002676833541023867,1000.0,1000.0
