O^z,error,N,total_data
-0.2261049984309247,0.0005317607262404344,500.0,20000.0
