O^z,error,N,total_data
-0.2277017246570226,0.0003744724040541913,1000.0,40000.0
