O^z,error,N,total_data
-0.22279261410595283,0.0003592443591400875,1000.0,44000.0
