O^z,error,N,total_data
-0.301580587193502,0.0006162145512114455,1000.0,16000.0
