O^z,error,N,total_data
-0.2487887226417392,0.0006488950918442071,500.0,14000.0
