O^z,error,N,total_data
-0.34169654914250164,0.0007569886141142421,1000.0,12000.0
