O^z,error,N,total_data
-0.22420339737800238,0.0005590252118299542,422.0,18546.0
