O^z,error,N,total_data
-0.27684345904643487,0.0005454768964633647,1000.0,20000.0
