O^z,error,N,total_data
0.01244525928209397,0.0001934592663497003,1000.0,32000.0
