O^z,error,N,total_data
0.08592923735832102,0.0005921367470356005,1000.0,24000.0
