O^z,error,N,total_data
0.17101254999359006,0.003376195571320162,1000.0,1000.0
