O^z,error,N,total_data
0.11323574896180454,0.0007833394840133015,1000.0,16000.0
