O^z,error,N,total_data
0.06623125237762448,0.0004745542628852461,1000.0,32000.0
