O^z,error,N,total_data
5.327649086940136e-05,1.2151047336237436e-05,1000.0,32000.0
