ZL,error,N
0.8787488059553552,0.0016269831222914303,1000.0
