ZL,error,N
0.2584681394304343,0.0033544994374760267,1000.0
