ZL,error,N
0.23661242326961626,0.0019042068233790601,1000.0
