ZL,error,N
0.24691269969184854,0.0028039551427075345,1000.0
