O^z,error,N,total_data
-0.29527530255126105,0.004889583634155985,1.0,32.0
