O^z,error,N,total_data
-0.31022190117736603,0.004933088393763629,1.0,24.0
