O^z,error,N,total_data
-0.34195232807851694,0.007449894487949538,1.0,16.0
