O^z,error,N,total_data
-0.19294800699168824,0.005790208634629765,1000.0,1000.0
