ZL,error,N
0.0650513709710447,0.0035043525003430106,1000.0
