ZL,error,N
-0.07767549920045497,0.0014977823199623652,1000.0
