ZL,error,N
0.20598577527463824,0.0038872161171455547,1000.0
