ZL,error,N
-0.023749196232825745,0.0030955440192693123,1000.0
