ZL,error,N
-0.17443997146434426,0.0037980747300945792,1000.0
