ZL,error,N
-0.15832489978978867,0.0032621044946206093,1000.0
