ZL,error,N
-0.11491217501918746,0.003239257285913204,1000.0
