O^z,error,N,total_data
0.00032577936258302334,3.206724650395331e-05,1000.0,32000.0
