O^z,error,N,total_data
0.15894178086056474,0.0008151651833957665,1000.0,16000.0
