O^z,error,N,total_data
0.20800177395797106,0.0032437164838818294,1000.0,1000.0
