O^z,error,N,total_data
0.13254215601774144,0.0006758858782225938,1000.0,24000.0
