O^z,error,N,total_data
0.11597556736569972,0.0005718382211809597,1000.0,32000.0
