ZL,error,N
0.26923475179829887,0.0012272360982369718,1000.0
