ZL,error,N
0.35219030422466113,0.0022081930925911793,1000.0
