ZL,error,N
0.3137689513695806,0.0019543170965632285,1000.0
