ZL,error,N
0.040725093596483235,0.00448197726774444,1000.0
