ZL,error,N
-0.03660951802504375,0.0025572013221317204,1000.0
