ZL,error,N
0.2007281256240192,0.006230728003945243,1000.0
