ZL,error,N
0.12415040665941561,0.005611516468343715,1000.0
