O^z,error,N,total_data
-0.2710259319566619,0.0006055709813662263,1000.0,16000.0
