O^z,error,N,total_data
-0.41431580278979363,0.0028311929254747677,1000.0,1000.0
