O^z,error,N,total_data
-0.20818937379646332,0.0004311761228027681,1000.0,24000.0
