ZL,error,N
-0.10977207633341324,0.003278904103369425,1000.0
