ZL,error,N
-0.15678825026255883,0.0038200320371425435,1000.0
