ZL,error,N
-0.14702205852601552,0.0034043494356594977,1000.0
