ZL,error,N
-0.02390480446718043,0.003098279229145207,1000.0
