ZL,error,N
-0.02070685535977234,0.0026702551526165993,1000.0
