ZL,error,N
0.3046770830675044,0.002594089855361086,1000.0
