ZL,error,N
0.25189432249281574,0.0014457088052651167,1000.0
