ZL,error,N
0.2808862727092529,0.002212014467978476,1000.0
