ZL,error,N
-0.16792716913278335,0.010817078709003216,1000.0
