ZL,error,N
-0.25864853411531785,0.007352426575670432,1000.0
