ZL,error,N
-0.19429073308051598,0.010254031571925419,1000.0
