ZL,error,N
-0.22775879043813996,0.009497375480989787,1000.0
