ZL,error,N
0.5573989384503374,0.00888804377445885,1000.0
