O^z,error,N,total_data
-0.08276844290182254,0.005307789392376381,998.0,998.0
