O^z,error,N,total_data
-0.025617416880930236,0.0008145056379781237,996.0,15936.0
