O^z,error,N,total_data
-0.009698114149069213,0.0004583782367519301,989.0,23736.0
