O^z,error,N,total_data
-0.004545360266560128,0.00031299893048610824,967.0,30944.0
