ZL,error,N
0.00696620301865095,0.0029529589351990552,1000.0
