ZL,error,N
0.00017993731856337262,0.001211883289009005,7000.0
