ZL,error,N
0.09208526265719165,0.009109374438851285,1000.0
