ZL,error,N
-0.16487664362861035,0.0029520601581525504,1000.0
