ZL,error,N
-0.18745302170444936,0.001908662261361382,1000.0
