ZL,error,N
-0.12739653577926346,0.001140562144375886,1000.0
