ZL,error,N
0.20560846420471862,0.0028512240969910123,1000.0
