ZL,error,N
0.20401974790500008,0.0022087097295123066,1000.0
