ZL,error,N
0.20744261216214696,0.00332978532382186,1000.0
