ZL,error,N
0.07025643278354252,0.004799005881739668,1000.0
