ZL,error,N
0.16592626562491608,0.005292107478149114,1000.0
