ZL,error,N
-0.09015921907513097,0.0017202168335301562,1000.0
