ZL,error,N
-0.028760113589036438,0.003825212199193694,1000.0
