ZL,error,N
0.8227682390185267,0.0018946966178530135,1000.0
