ZL,error,N
0.9396667814578575,0.006089972139975916,500.0
