ZL,error,N
0.9059783294984326,0.0018277199787898805,1000.0
