ZL,error,N
0.8749564226433932,0.0020915223012493594,1000.0
