ZL,error,N
0.9312179999005522,0.004396167664636926,500.0
