ZL,error,N
0.6834809029172735,0.0007942065239728714,1000.0
