O^z,error,N,total_data
-0.3425509865813799,0.002800366781685863,1000.0,1000.0
