O^z,error,N,total_data
-0.21019432935559584,0.0007174465650992396,1000.0,16000.0
