O^z,error,N,total_data
-0.1451746016497443,0.0005518272923846205,1000.0,24000.0
