ZL,error,N
0.005071373577032259,0.0014524207882669513,3000.0
