Dimerization,O^z,error
0,0.06422242789136956,0.001042873337462041
