ZL,error,N
0.5348894815368955,0.0011522139867354837,945.0
