ZL,error,N
0.019857210845172765,0.0032592892764628785,981.0
