ZL,error,N
0.032467472019325025,0.0038975788389481692,942.0
