ZL,error,N
0.039366190725174374,0.0044654146300083745,905.0
