ZL,error,N
0.005057377764963933,0.002378769587725909,994.0
