ZL,error,N
0.004984912770852217,0.002398545569001834,970.0
