ZL,error,N
0.004609606711934952,0.0020990291338536396,988.0
