ZL,error,N
0.009637305884468178,0.002955786184122827,913.0
