ZL,error,N
0.011795729781108807,0.0033100721339746897,846.0
