ZL,error,N
-0.018253201691077445,0.0026095839254989136,1000.0
