ZL,error,N
0.13603783212940557,0.005457733315002079,1000.0
