ZL,error,N
0.04321018381434889,0.004515496980927403,1000.0
