ZL,error,N
0.21730313130141288,0.006012134312538627,1000.0
