ZL,error,N
-0.046869233997471164,0.0024322325368225407,1000.0
