ZL,error,N
0.2289994468988961,0.005940200464748642,1000.0
