ZL,error,N
-0.052085214760362784,0.0023297268007982028,1000.0
