ZL,error,N
0.045458254877224824,0.004456602224759018,1000.0
