ZL,error,N
0.14327860239214177,0.005389205099897896,1000.0
