O^z,error,N,total_data
0.10186702876133814,0.001750301084457184,100.0,3200.0
