O^z,error,N,total_data
0.19256837868542373,0.0033602079367637213,1000.0,1000.0
