O^z,error,N,total_data
0.14038626950066913,0.0008115593830735975,1000.0,16000.0
