O^z,error,N,total_data
0.11234043781510354,0.0006520108723112979,1000.0,24000.0
