O^z,error,N,total_data
0.0934552373319701,0.0005385111040034199,1000.0,32000.0
