ZL,error,N
-0.27659999786381423,0.009935760532390503,1000.0
