ZL,error,N
-0.29804415263252293,0.00852548918543348,1000.0
