ZL,error,N
-0.29946312577151424,0.006886886580241459,1000.0
