ZL,error,N
-0.2912547375468645,0.009277801335284011,1000.0
