ZL,error,N
-0.2916049569345772,0.00860259483827492,1000.0
