ZL,error,N
-0.2924858698843378,0.009161570188496145,1000.0
