ZL,error,N
-0.2665090978868418,0.009809472300205336,1000.0
