ZL,error,N
-0.2971475892707635,0.006874293879798725,1000.0
