ZL,error,N
0.002623156051800166,0.0022096543946933853,992.0
