ZL,error,N
0.012915723415753384,0.0031472097776429077,941.0
