ZL,error,N
0.009557750203988018,0.002623746136164433,987.0
