ZL,error,N
0.01976860100222521,0.0034235774242754717,900.0
