ZL,error,N
-0.7935266418867338,0.001664698701444983,1000.0
