ZL,error,N
-0.8328320372531134,0.0011596086362496228,1000.0
