ZL,error,N
-0.5808718065889998,0.0026592791168717537,1000.0
