ZL,error,N
-0.7256508376586517,0.002372838546847309,1000.0
