O^z,error,N,total_data
-0.19985171287013934,0.0005271936868917117,1000.0,24000.0
