O^z,error,N,total_data
-0.3901526497112255,0.0035340934656260697,1000.0,1000.0
