O^z,error,N,total_data
-0.25682831479614443,0.000726650178297883,1000.0,16000.0
