O^z,error,N,total_data
-0.13670421633821844,0.0001932141413370577,6000.0,192000.0
