O^z,error,N,total_data
-0.3552488123660446,0.004275857330999807,1000.0,1000.0
