O^z,error,N,total_data
-0.07981388545961153,0.0001747250739792931,2000.0,128000.0
