O^z,error,N,total_data
-0.1676353517608262,0.00024924831504354245,6000.0,144000.0
