O^z,error,N,total_data
-0.22364593036421274,0.000354344573977719,6000.0,96000.0
