O^z,error,N,total_data
-0.10096246524632667,0.00032304175423711096,1000.0,48000.0
