O^z,error,N,total_data
-0.041975172249974324,0.00031358954752398093,158.0,20129.0
