ZL,error,N
-0.16978350959127947,0.010132440247377512,1000.0
