ZL,error,N
-0.13681102118567245,0.010714067082022842,1000.0
