ZL,error,N
-0.202299158804414,0.009428752157619801,1000.0
