ZL,error,N
-0.24485936029547797,0.007413872853573579,1000.0
