ZL,error,N
0.2596005815372607,0.0009510974453270517,6000.0
