ZL,error,N
0.2797410349125931,0.0010648647568817862,6000.0
