ZL,error,N
0.29558276224519603,0.0011800925454195895,6000.0
