ZL,error,N
0.3312236689483646,0.002978696795107293,1000.0
