ZL,error,N
0.2947248502588518,0.003000307585940322,1000.0
