ZL,error,N
0.42540423840850117,0.012417766018945066,100.0
