ZL,error,N
0.3510698570580969,0.0024275900192596463,2000.0
