O^z,error,N,total_data
0.13305528104585354,0.0006760257771613728,1000.0,24000.0
