O^z,error,N,total_data
0.11546927795461527,0.000564938875641388,1000.0,32000.0
