O^z,error,N,total_data
0.11959674806940145,0.0018343676128333632,100.0,3200.0
