O^z,error,N,total_data
0.1569845480475413,0.0008123438035728041,1000.0,16000.0
