O^z,error,N,total_data
0.20674445606253217,0.0032424860213305325,1000.0,1000.0
