ZL,error,N
-0.021254882508016847,0.002695421473647984,1000.0
