O^z,error,N,total_data
0.14591929732794365,0.0008121044292444044,1000.0,16000.0
