O^z,error,N,total_data
0.1975260081655658,0.0032951489620912213,1000.0,1000.0
