O^z,error,N,total_data
0.10387331897055474,0.0017208467721813194,100.0,3200.0
