O^z,error,N,total_data
0.10030996374929933,0.000534534477495158,1000.0,32000.0
