O^z,error,N,total_data
0.11936571658869055,0.000654419922018781,1000.0,24000.0
