ZL,error,N
0.04921842908618552,0.005654555113480008,1000.0
