ZL,error,N
0.1602324330769561,0.002241841860658084,1000.0
