ZL,error,N
0.10263669339165857,0.004091028236110634,1000.0
