O^z,error,N,total_data
-0.17490453678648754,0.0005982154168801516,1000.0,24000.0
