O^z,error,N,total_data
-0.2302375583580452,0.0008383954784486782,1000.0,16000.0
