O^z,error,N,total_data
-0.3619632971117228,0.0041593518231286385,1000.0,1000.0
