O^z,error,N,total_data
-0.1419045480569863,0.0004626674727046149,1000.0,32000.0
