O^z,error,N,total_data
-6.454695531217305e-05,6.375327031727599e-06,1.0,16.0
