O^z,error,N,total_data
-0.0017256358664508036,0.0006227842057540644,1.0,32.0
