O^z,error,N,total_data
0.0008647072568471508,0.0005185222896374027,1.0,24.0
