O^z,error,N,total_data
-0.056072802394520296,0.0004199233588913157,1000.0,32000.0
