O^z,error,N,total_data
-0.08308432817502437,0.000564220312797147,1000.0,24000.0
