O^z,error,N,total_data
-0.2697929178675084,0.004372955133553674,1000.0,1000.0
