O^z,error,N,total_data
-0.13757110476022294,0.0008729817888657935,1000.0,16000.0
