ZL,error,N
0.031050687305547543,0.0037992606277399876,969.0
