ZL,error,N
0.0008268698213787799,0.0023354158766764597,994.0
