ZL,error,N
0.04062354910931912,0.004261596475436918,940.0
