ZL,error,N
0.016253395027390143,0.0032915344290501045,994.0
