O^z,error,N,total_data
0.23901656607825902,0.0005300204082322195,1000.0,32000.0
