O^z,error,N,total_data
0.24390451707850402,0.0006011051146770722,1000.0,24000.0
