O^z,error,N,total_data
0.27679471127549726,0.002366886456498794,1000.0,1000.0
