O^z,error,N,total_data
0.2551825273303453,0.0006834125224641549,1000.0,16000.0
