ZL,error,N
0.09958184953113769,0.005525286519128369,1000.0
