ZL,error,N
0.1592900813049481,0.006315936911518692,1000.0
