ZL,error,N
0.03891683027261448,0.004394311235105476,1000.0
