ZL,error,N
-0.023038037342889707,0.002689839608190867,1000.0
