O^z,error,N,total_data
-6.790820286568693e-14,9.666157935288885e-14,500.0,16000.0
