O^z,error,N,total_data
-0.2688153203570933,0.0007189801412349699,1000.0,16000.0
