O^z,error,N,total_data
-0.18938401750463038,0.0004466240656046749,1000.0,32000.0
