O^z,error,N,total_data
-0.3945641995152032,0.003325402579591005,1000.0,1000.0
