O^z,error,N,total_data
-0.2159255153294849,0.000543884877488415,1000.0,24000.0
