ZL,error,N
-0.21487766879950207,0.0018890084549265647,1000.0
