ZL,error,N
-0.1232144578296018,0.0012727196049698785,1000.0
