ZL,error,N
-0.2292822753908753,0.002866491790604832,1000.0
