ZL,error,N
0.14353106239609822,0.005819109464997113,1000.0
