ZL,error,N
0.07068532396624631,0.005174437212112431,1000.0
