ZL,error,N
-0.061066793676147604,0.002313828874964195,1000.0
