ZL,error,N
-0.005817714008114981,0.004134570454857864,1000.0
