ZL,error,N
0.24830223149790764,0.0016276838628518841,1000.0
