ZL,error,N
0.2934885938691778,0.003093733824608249,1000.0
