ZL,error,N
0.27434662682186756,0.002566053575444202,1000.0
