O^z,error,N,total_data
0.17957039927516447,0.0006797353548707307,1000.0,24000.0
