O^z,error,N,total_data
0.23824258206552623,0.002979726382840852,1000.0,1000.0
