O^z,error,N,total_data
0.200988943712525,0.0007989104524401738,1000.0,16000.0
