O^z,error,N,total_data
0.16953199499396904,0.0005972899688950818,1000.0,32000.0
