O^z,error,N,total_data
-0.22015000476333804,0.005731683712302798,1000.0,1000.0
