O^z,error,N,total_data
-0.03948592826438114,0.0001728058981997807,6999.0,223968.0
