ZL,error,N
-0.2831142417986324,0.006988144385091692,1000.0
