ZL,error,N
-0.23397289844470182,0.00977674529506404,1000.0
