ZL,error,N
-0.27191857980063117,0.008631500659454727,1000.0
