ZL,error,N
-0.24842752116539912,0.00936113544816726,1000.0
