O^z,error,N,total_data
-0.3754723384545523,0.003800265581520097,1000.0,1000.0
