O^z,error,N,total_data
-0.18897939595153487,0.0005442087664091425,1000.0,24000.0
