O^z,error,N,total_data
-0.2453311875963577,0.0007729179383272908,1000.0,16000.0
