ZL,error,N
0.7941136114860003,0.005546287222900072,1000.0
