ZL,error,N
-0.8705720095028221,0.0003184662345604426,1000.0
