ZL,error,N
-0.658961447222297,0.00047663184417227574,1000.0
