ZL,error,N
-0.842651527442683,0.00031093114716616046,1000.0
