ZL,error,N
-0.792273561368045,0.0005115514477268817,663.0
