ZL,error,N
-0.7922438644047849,0.00040882233788194035,1000.0
