O^z,error,N,total_data
-0.40542286212326606,0.0031948197017909823,1000.0,1000.0
