O^z,error,N,total_data
-0.2678837840774128,0.0006424783503410542,1000.0,16000.0
