O^z,error,N,total_data
-0.17252558039646643,0.0005016606306401197,500.0,16000.0
