O^z,error,N,total_data
-0.20663642952056416,0.00045491841993035287,1000.0,24000.0
