O^z,error,N,total_data
-0.3564171040652732,0.004220602510780542,1000.0,1000.0
