O^z,error,N,total_data
-0.16890007311913868,0.0006171501236822267,1000.0,24000.0
