O^z,error,N,total_data
-0.2229570815825553,0.0008562918211179007,1000.0,16000.0
