ZL,error,N
0.006160600756469697,0.002252036992307306,1000.0
