ZL,error,N
0.0024912187473595036,0.002265499437696605,1000.0
