ZL,error,N
0.01891372532604379,0.0025234201590615154,1000.0
