ZL,error,N
0.008185953647571223,0.0021149248745968327,1000.0
