ZL,error,N
-0.8730649169395104,0.0002970106094639217,1000.0
