ZL,error,N
-0.8433539676120558,0.0003192016163230248,1000.0
