ZL,error,N
-0.7920788596511089,0.00039486197092237444,1000.0
