ZL,error,N
-0.6547690696355591,0.0006569030370801772,1000.0
