ZL,error,N
-0.51757997854251,0.003763682545854404,1000.0
