ZL,error,N
-0.769190091503142,0.0034087255776200395,1000.0
