ZL,error,N
-0.6474025029626798,0.0043445631739751,1000.0
