ZL,error,N
-0.7228852906046883,0.0038656126766430645,1000.0
