O^z,error,N,total_data
-0.2071274579933319,0.0028438956280022448,1000.0,1000.0
