O^z,error,N,total_data
-0.02776438067970756,0.000255255554215543,1000.0,24000.0
