O^z,error,N,total_data
-0.06940138283162783,0.0004903216234670193,1000.0,16000.0
