ZL,error,N
-0.019603143441553852,0.002624643927417673,1000.0
