ZL,error,N
-0.6740325768151695,0.004032531443289475,1000.0
