ZL,error,N
-0.5378268679335592,0.0037745074568236916,1000.0
