ZL,error,N
-0.7447952019862334,0.0036263775659744423,1000.0
