ZL,error,N
-0.7868635720859931,0.0036664896016746842,1000.0
