O^z,error,N,total_data
-0.05964934786181484,0.0004802251262796949,1000.0,32000.0
