ZL,error,N
0.13524524655847459,0.004010127722157115,1000.0
