ZL,error,N
0.1492126268536882,0.0035845031279919688,1000.0
