ZL,error,N
0.16946296448070888,0.002812238227089972,1000.0
