ZL,error,N
-0.2877060806875908,0.0068868683808842234,1000.0
