ZL,error,N
-0.2773691425143303,0.008697379228137849,1000.0
