ZL,error,N
-0.2629931566875538,0.009244244707756722,1000.0
