ZL,error,N
-0.24287143303197994,0.009855790281817588,1000.0
