ZL,error,N
0.008174914082928917,0.002582149318138248,983.0
