ZL,error,N
0.057890331380233556,0.0070111398727344745,477.0
