ZL,error,N
0.0128068233569379,0.006037715641364391,195.0
