ZL,error,N
0.03886447995130888,0.004767986794606004,854.0
