ZL,error,N
0.029251900928280058,0.003754485128121711,940.0
