ZL,error,N
0.005939981897740863,0.004941875548850275,252.0
