ZL,error,N
0.01139818268943949,0.0022314525618395624,998.0
