ZL,error,N
0.005056609018806603,0.0021544082588537757,999.0
