ZL,error,N
0.0037791564589551466,0.002312618720144679,996.0
