ZL,error,N
0.0045510157316960625,0.0025701047143244847,984.0
