ZL,error,N
-0.02092430700538871,0.0026848887475931092,1000.0
