O^z,error,N,total_data
-0.10326406360126067,0.0005788334155125157,1000.0,24000.0
