O^z,error,N,total_data
-0.16385204606938378,0.0008337208911507426,1000.0,16000.0
