O^z,error,N,total_data
-0.07412567456043753,0.00044201142082727496,1000.0,32000.0
