O^z,error,N,total_data
-0.2996190059825398,0.003917288050366611,1000.0,1000.0
