ZL,error,N
0.008072506949087415,0.0022604414479826624,999.0
