ZL,error,N
0.004412887259315621,0.0024835598946636775,997.0
