ZL,error,N
0.006508808624221373,0.00222513825933675,999.0
