ZL,error,N
0.006261877093037858,0.0025072768394099423,990.0
