O^z,error,N,total_data
0.08906668727476705,0.0005213322418179681,1000.0,32000.0
