O^z,error,N,total_data
0.09275867415949383,0.0017003823392357457,100.0,3200.0
