O^z,error,N,total_data
0.10691017383498323,0.0006443272107918916,1000.0,24000.0
