O^z,error,N,total_data
0.13653330506035602,0.0008095262067042976,1000.0,16000.0
