O^z,error,N,total_data
0.18949389466713423,0.003371887201451887,1000.0,1000.0
