O^z,error,N,total_data
-0.4540755572870977,0.0019718043004934194,1000.0,1000.0
