O^z,error,N,total_data
-0.3282344013234327,0.0005144615763848833,1000.0,16000.0
