O^z,error,N,total_data
-0.2788679940257589,0.0004336531921822425,1000.0,24000.0
