O^z,error,N,total_data
-0.1968694407197587,0.00578357883338966,1000.0,1000.0
