O^z,error,N,total_data
-0.03188669240657659,0.00016181984780444015,6999.0,223968.0
