O^z,error,N,total_data
0.11069629419417677,0.0006539848072074588,1000.0,24000.0
