O^z,error,N,total_data
0.09836468177119932,0.0017768225713357757,100.0,3200.0
