O^z,error,N,total_data
0.09242099799049867,0.0005412391714281247,1000.0,32000.0
