O^z,error,N,total_data
0.19281776986896232,0.003342587134413102,1000.0,1000.0
