O^z,error,N,total_data
0.13759179465980428,0.0008159768429911796,1000.0,16000.0
