O^z,error,N,total_data
-0.15558989258782402,0.0006501761807920216,1000.0,24000.0
