O^z,error,N,total_data
-0.3449180150207741,0.003894269648978086,1000.0,1000.0
