O^z,error,N,total_data
-0.1238376012993331,0.0005138841740213472,1000.0,32000.0
