O^z,error,N,total_data
-0.21095375240825331,0.0008658147723123365,1000.0,16000.0
