ZL,error,N
-0.06383222816141108,0.004201453070694361,1000.0
