ZL,error,N
-0.061826919791222464,0.002634912745666991,1000.0
