ZL,error,N
-0.08607485688716869,0.0032967144017726113,1000.0
