ZL,error,N
-0.08772199831833885,0.002700124495869748,1000.0
