ZL,error,N
-0.04117602912892294,0.004771810472605744,1000.0
