ZL,error,N
-0.021591744989786717,0.005173091990195134,1000.0
