ZL,error,N
-0.07444451413861461,0.0037824291134246272,1000.0
