ZL,error,N
0.8531937940806669,0.00035009738611357596,1000.0
