O^z,error,N,total_data
0.1434065003391833,0.0008069943926599266,1000.0,16000.0
