O^z,error,N,total_data
0.19456648725465955,0.0033263149314734803,1000.0,1000.0
