O^z,error,N,total_data
0.09934775588343651,0.0005433879785577509,1000.0,32000.0
