O^z,error,N,total_data
0.11482349043063311,0.0006539829881315193,1000.0,24000.0
