O^z,error,N,total_data
-0.007864079764988739,0.0007004465179679693,245.0,7840.0
