O^z,error,N,total_data
-0.0005495819890162234,5.149917915587101e-05,500.0,16000.0
