ZL,error,N
0.16889879573453195,0.0033403350696458904,1000.0
