ZL,error,N
0.15147015703890035,0.004319806702713229,1000.0
