ZL,error,N
0.16152752256415334,0.003814077898751108,1000.0
