ZL,error,N
0.18197374504547995,0.00266781619200933,1000.0
