O^z,error,N,total_data
0.1035576975513775,0.0006456737619278197,1000.0,24000.0
