O^z,error,N,total_data
0.18660512854964068,0.00337965182732921,1000.0,1000.0
