O^z,error,N,total_data
0.08607940529268848,0.0005240898461215902,1000.0,32000.0
