O^z,error,N,total_data
0.13117088295987067,0.0008125739985149952,1000.0,16000.0
