O^z,error,N,total_data
0.08940527810784119,0.0016225641072314906,100.0,3200.0
