ZL,error,N
0.8152448804775054,0.0009731185874034809,1000.0
