ZL,error,N
-0.044065736559182334,0.003557799118708026,1000.0
