ZL,error,N
-0.03543614396326588,0.0039012121004356397,1000.0
