ZL,error,N
-0.007862979876932212,0.003320760801007551,1000.0
