ZL,error,N
-0.04351188369616342,0.0033251073078833077,1000.0
