ZL,error,N
-0.11966450313600215,0.0011921473694762087,1000.0
