ZL,error,N
-0.05336687246695682,0.0040561359859171316,1000.0
