ZL,error,N
-0.12222871960950149,0.002760841850304105,1000.0
