O^z,error,N,total_data
0.01236285727157149,0.00021135735867698085,1000.0,32000.0
