O^z,error,N,total_data
-0.07298670103900737,0.003938519769740207,1.0,64.0
