O^z,error,N,total_data
-0.2885020484677416,0.014662838835949508,1.0,16.0
