O^z,error,N,total_data
-0.15384422660206248,0.0059046383697092825,1.0,32.0
