O^z,error,N,total_data
-0.015120098310711521,0.0011465613604333506,1.0,128.0
