O^z,error,N,total_data
-0.21079623724111962,0.008114776614032666,1.0,24.0
