O^z,error,N,total_data
-0.1538442266012747,0.0059046383696965314,1.0,32.0
