O^z,error,N,total_data
-0.09772079863203559,0.003587971768721488,1.0,48.0
