O^z,error,N,total_data
-0.27280843180073333,0.013950495545090964,1.0,16.0
