ZL,error,N
-0.2746714139632226,0.007060602515616739,1000.0
