ZL,error,N
-0.2131589335473447,0.009773268672219199,1000.0
