ZL,error,N
-0.2320812928382287,0.00938448869463776,1000.0
