ZL,error,N
-0.25374631433965944,0.008707871185949224,1000.0
