O^z,error,N,total_data
-0.17798007444619157,0.0006398221109574064,1000.0,24000.0
