O^z,error,N,total_data
-0.35967059162650755,0.003780201204533923,1000.0,1000.0
