O^z,error,N,total_data
-0.22958937044881503,0.0008450582762394169,1000.0,16000.0
