O^z,error,N,total_data
-0.14673065045792988,0.0005230096410246184,1000.0,32000.0
