ZL,error,N
0.004263912403040013,0.0022278220660948353,981.0
