ZL,error,N
0.021236503071832478,0.003725560048297799,863.0
