ZL,error,N
0.014628723357287614,0.0031178237878038855,950.0
