ZL,error,N
0.028620283756233492,0.004357787105317451,775.0
