O^z,error,N,total_data
0.3144192442370537,0.00020474625777800595,1000.0,32000.0
