O^z,error,N,total_data
0.3282786705519663,0.0006559498934654015,1000.0,1000.0
