O^z,error,N,total_data
0.3234648078939608,0.00030352930013209255,732.0,11712.0
