O^z,error,N,total_data
0.3187973882468576,0.00023108381731796736,1000.0,24000.0
