O^z,error,N,total_data
0.32293009170992837,0.0002588034124239989,1000.0,16000.0
