ZL,error,N
-0.3987453617162268,0.006062879810091972,1000.0
