ZL,error,N
-0.5142148650794242,0.009025675854093966,1000.0
