ZL,error,N
-0.4923515126941595,0.0085685716022426,1000.0
