ZL,error,N
-0.4536350030196364,0.007795845577142652,1000.0
