ZL,error,N
0.17195578005838316,0.004828596753499994,1000.0
