ZL,error,N
-0.06741442130106184,0.0020411116860995465,1000.0
