ZL,error,N
0.27044372519171317,0.005069879856196211,1000.0
