ZL,error,N
0.048964589627218814,0.004195408355164602,1000.0
