O^z,error,N,total_data
-0.24639760751741882,0.00365301158105126,1000.0,1000.0
