O^z,error,N,total_data
-0.05505989323937716,0.0004242425510140212,1000.0,24000.0
