O^z,error,N,total_data
-0.10647581702003672,0.0006923108646384867,1000.0,16000.0
