ZL,error,N
-0.36561990895738367,0.009366370289580246,1000.0
