ZL,error,N
-0.3622463459423132,0.03267490888680717,100.0
