ZL,error,N
-0.3368781452147051,0.0066399045102221044,1000.0
