ZL,error,N
-0.35110971210906006,0.00842965730340393,1000.0
