ZL,error,N
-0.3585893308462591,0.009896464460620345,1000.0
