ZL,error,N
-0.017559993442471312,0.0037254208017270026,1000.0
