ZL,error,N
0.09742198939012214,0.00449059196543732,1000.0
