ZL,error,N
-0.09652529984765469,0.0014753077892496413,1000.0
