ZL,error,N
-0.11081889817732374,0.003220840781816323,1000.0
