ZL,error,N
-0.22210253425416832,0.004298517164867863,1000.0
