ZL,error,N
0.025392481158536675,0.001911039527247196,1000.0
