O^z,error,N,total_data
-0.006791713124005844,0.00039840039331514893,499.0,15968.0
