O^z,error,N,total_data
-0.023767891662047347,0.002002121983019559,1.0,16.0
