O^z,error,N,total_data
-0.001585742831425715,0.0012473574998185506,1.0,32.0
