O^z,error,N,total_data
-0.006229080246547992,0.001182910313133778,1.0,24.0
