O^z,error,N,total_data
-0.40467506351279714,0.003127258132621267,1000.0,1000.0
