O^z,error,N,total_data
-0.2172769004678333,0.0004960905035204995,1000.0,24000.0
