O^z,error,N,total_data
-0.27260081680245307,0.000670685451085222,1000.0,16000.0
