O^z,error,N,total_data
-0.0157589141460828,0.000529948124682625,500.0,16000.0
