ZL,error,N
0.0692884275815676,0.005054646558095722,1000.0
