ZL,error,N
-0.01489507350613755,0.0040168671745952084,1000.0
