ZL,error,N
0.15227872909044593,0.005755989872791308,1000.0
