ZL,error,N
-0.0744373948255096,0.002096910291654104,1000.0
