O^z,error,N,total_data
0.04803175329805532,0.00041573775765883466,1000.0,32000.0
