ZL,error,N
-0.2622251070321038,0.009273737440804041,1000.0
