ZL,error,N
-0.28645146069136274,0.006952654082643476,1000.0
