ZL,error,N
-0.2762330744933167,0.00863953552204665,1000.0
