ZL,error,N
-0.23694810624667617,0.009867575078790153,1000.0
