O^z,error,N,total_data
-0.20929999886696393,0.005712721559296318,1000.0,1000.0
