O^z,error,N,total_data
-0.059101671448641514,0.0006427652932268988,1000.0,24000.0
