O^z,error,N,total_data
-0.10266749561058006,0.0010006198291331407,1000.0,16000.0
