O^z,error,N,total_data
-0.03777054434183271,0.00016553475967494486,7000.0,224000.0
