O^z,error,N,total_data
-0.04084379136014315,0.0005579566400543063,1000.0,16000.0
