O^z,error,N,total_data
-0.1369861913272187,0.0040892815338576215,1000.0,1000.0
