O^z,error,N,total_data
-0.014286926127946893,0.0002518252206477867,1000.0,24000.0
