O^z,error,N,total_data
-0.006861004925337419,0.00015023278858448838,1000.0,32000.0
