ZL,error,N
0.00027974311109555224,0.0027493402154699894,1000.0
