ZL,error,N
-0.08552001784612326,0.0024953716606993886,1000.0
