ZL,error,N
0.2218019398802917,0.004733198662246056,1000.0
