ZL,error,N
0.30088130376958006,0.0068736616876964125,468.0
