ZL,error,N
0.2643371588828484,0.004707420545540211,1000.0
