ZL,error,N
0.17880804422299465,0.004676498942160655,1000.0
