ZL,error,N
0.07319941436676582,0.004318480833246556,1000.0
