ZL,error,N
0.17604064309045928,0.0068264088771679485,500.0
