ZL,error,N
0.3296915162397806,0.004511835197597008,1000.0
