ZL,error,N
-0.034786282881662696,0.0034969709787960354,1000.0
