ZL,error,N
-0.10500382170895683,0.0013084916027772974,1000.0
