ZL,error,N
0.12958370290348226,0.006540906012299563,500.0
