ZL,error,N
0.265222789000036,0.006956054634935388,495.0
