ZL,error,N
0.33703743663601726,0.007687380177494737,374.0
