ZL,error,N
0.22047821567790785,0.006823546671854101,500.0
