ZL,error,N
0.29729963187506225,0.004545896243052493,1000.0
