ZL,error,N
0.13189461685813011,0.004573101850016538,1000.0
