ZL,error,N
-0.08190396776642046,0.0036069239335404257,500.0
