ZL,error,N
0.023293927603268906,0.005703747814420173,500.0
