ZL,error,N
0.020740314226597424,0.004068092049631261,1000.0
