ZL,error,N
-0.03916918843812621,0.003194150502814368,1000.0
