ZL,error,N
-0.02084358448896845,0.0038387078328689615,1000.0
