ZL,error,N
-0.0070061255501490055,0.003282764198040264,1000.0
