ZL,error,N
-0.038720462508129314,0.0035831563612343915,1000.0
