O^z,error,N,total_data
-0.01847210479985184,0.000546195980791858,500.0,16000.0
