O^z,error,N,total_data
-0.1414650057916349,0.000840066543852181,1000.0,16000.0
