O^z,error,N,total_data
-0.27458802638296737,0.004159322002961668,1000.0,1000.0
