O^z,error,N,total_data
-0.08575806196470863,0.0005554705438794217,1000.0,24000.0
