ZL,error,N
0.16393585228668167,0.005377977994896398,1000.0
