ZL,error,N
-0.08678639141638694,0.0017857957421426802,1000.0
