ZL,error,N
0.07318736545087837,0.004820331247662572,1000.0
