ZL,error,N
-0.02698592586669648,0.003914488097671884,1000.0
