O^z,error,N,total_data
0.24979717258591652,0.0005045192278716135,1000.0,32000.0
