O^z,error,N,total_data
0.26396380868599323,0.0006516446101512568,1000.0,16000.0
