O^z,error,N,total_data
0.25391824830881954,0.0005636171553782107,1000.0,24000.0
