O^z,error,N,total_data
0.2829201848215393,0.0023386777142928457,1000.0,1000.0
