ZL,error,N
0.0048041676914875155,0.002415119959134184,969.0
