ZL,error,N
0.004814604605065034,0.002309510325253883,991.0
