ZL,error,N
0.00998793404491504,0.002191720803515697,997.0
