ZL,error,N
0.004410181352968117,0.0021563157481058084,996.0
