O^z,error,N,total_data
0.10049920656935833,0.0005422430750984409,1000.0,32000.0
