O^z,error,N,total_data
0.11821899897193194,0.0006556847473151182,1000.0,24000.0
