O^z,error,N,total_data
0.14595271110990848,0.0008097204934912067,1000.0,16000.0
