O^z,error,N,total_data
0.19680938523280106,0.0033117656570865782,1000.0,1000.0
