ZL,error,N
0.6131218771774452,0.003485410882347964,500.0
