ZL,error,N
0.11698910622069089,0.003798977066008664,1000.0
