ZL,error,N
0.14516950616139843,0.003073583578859762,1000.0
