ZL,error,N
0.0960796923059025,0.0042098380010306986,1000.0
