ZL,error,N
0.07179859110888023,0.004590003004587612,1000.0
