O^z,error,N,total_data
0.020138347003133734,0.00031619238127140277,1000.0,24000.0
