O^z,error,N,total_data
0.08943346469701732,0.003150619053866438,1000.0,1000.0
