O^z,error,N,total_data
0.038204103312348844,0.0005206718238784472,1000.0,16000.0
