O^z,error,N,total_data
0.01161083846869805,0.0002070263478520056,1000.0,32000.0
