O^z,error,N,total_data
-0.017106278450014178,0.00014580484969196252,1000.0,24000.0
