O^z,error,N,total_data
-0.058001414725730185,0.00033401951035696,1000.0,16000.0
