O^z,error,N,total_data
-0.20845478252648275,0.0018494653235838934,1000.0,1000.0
