O^z,error,N,total_data
-0.022846711914009075,0.0005794830461896211,500.0,16000.0
