O^z,error,N,total_data
-0.17950804919297697,0.005760116902609988,1000.0,1000.0
