O^z,error,N,total_data
-0.39422182025015123,0.003329202815452447,1000.0,1000.0
