O^z,error,N,total_data
-0.2653816510282702,0.0006775927385547834,1000.0,16000.0
