O^z,error,N,total_data
-0.20805705081672754,0.0004882137321623128,1000.0,24000.0
