O^z,error,N,total_data
0.12004350951035382,0.0006539613293251075,1000.0,24000.0
