O^z,error,N,total_data
0.10270252172435843,0.0005450288631561335,1000.0,32000.0
