O^z,error,N,total_data
0.19804491903891014,0.003319724698745008,1000.0,1000.0
