O^z,error,N,total_data
0.14638200507078322,0.0008131242728730418,1000.0,16000.0
