O^z,error,N,total_data
-0.16152839271415087,0.0005027632473489322,1000.0,32000.0
