O^z,error,N,total_data
-0.18816727407907344,0.000623341749802503,1000.0,24000.0
