O^z,error,N,total_data
-0.37241487130462125,0.0035707108440360463,1000.0,1000.0
