O^z,error,N,total_data
-0.242493870452333,0.0008222579188893854,1000.0,16000.0
