ZL,error,N
0.1627508902794245,0.0033828840005378225,1000.0
