ZL,error,N
0.17788676851559906,0.0026330041917980965,1000.0
