ZL,error,N
0.1644098241577754,0.003174233894687967,1000.0
