ZL,error,N
0.1586751026108372,0.003751495797541591,1000.0
