O^z,error,N,total_data
-0.01700086027983024,0.00032898429806087356,5771.0,92336.0
