O^z,error,N,total_data
-0.0004593257059003751,0.00014925451145036134,1194.0,76416.0
