O^z,error,N,total_data
-0.0023422966019746158,0.00016344105030852003,5083.0,162656.0
