O^z,error,N,total_data
-0.06893383442212603,0.005309119957024798,989.0,989.0
