O^z,error,N,total_data
-0.005709599693191864,0.00020557174945124001,5508.0,132192.0
