ZL,error,N
0.007142828254655821,0.0028556698831368917,904.0
