ZL,error,N
0.006392231868643539,0.002166316892072598,979.0
