ZL,error,N
0.0024301209610270093,0.002480954287303962,946.0
