ZL,error,N
0.00786206170723941,0.0020535732866293305,993.0
