O^z,error,N,total_data
1.0087823836811292e-05,2.3000571517825635e-06,1000.0,32000.0
