ZL,error,N
0.27629875832616013,0.0023325881192427433,1000.0
