ZL,error,N
0.3019745598621265,0.0025584483062308957,1000.0
