ZL,error,N
0.2508549151411633,0.0015076076530487093,1000.0
