ZL,error,N
0.04823242177240306,0.004273902963808581,989.0
