ZL,error,N
0.020907271567215932,0.0035401767997100815,996.0
