ZL,error,N
0.053993287424583425,0.004653335063706785,974.0
