ZL,error,N
0.0009468218394889091,0.002470097487487524,998.0
