O^z,error,N,total_data
0.08304918665237382,0.0005158425962568849,1000.0,32000.0
