O^z,error,N,total_data
0.08848723734526875,0.001703560706548351,100.0,3200.0
