O^z,error,N,total_data
0.1302182348634658,0.0007984475920383735,1000.0,16000.0
