O^z,error,N,total_data
0.18364114310583082,0.0033575537320336786,1000.0,1000.0
