O^z,error,N,total_data
0.10111216278285066,0.0006247195653211547,1000.0,24000.0
