ZL,error,N
-0.2862216515996062,0.010667324138846674,1000.0
