ZL,error,N
-0.2483128021202653,0.013092452348325892,1000.0
