ZL,error,N
-0.2614041618686828,0.012206793081221934,1000.0
