ZL,error,N
-0.31339989072499935,0.00745069798698309,1000.0
