O^z,error,N,total_data
-0.03697837457355948,0.00016805311050243051,7000.0,224000.0
