O^z,error,N,total_data
-0.21282292820359033,0.005812098705095222,1000.0,1000.0
