ZL,error,N
-0.3325117269760493,0.0308036783304179,100.0
