ZL,error,N
-0.3134505946810645,0.009446596734992095,1000.0
