ZL,error,N
-0.31691747718491586,0.008643512385821542,1000.0
