ZL,error,N
-0.2985626877078067,0.010136981305773224,1000.0
