ZL,error,N
-0.3150611307595603,0.006839652426195237,1000.0
