O^z,error,N,total_data
-0.27274066503948036,0.0006006151288162455,1000.0,16000.0
