O^z,error,N,total_data
-0.2079380553428639,0.00041261298156832567,1000.0,24000.0
