O^z,error,N,total_data
-0.41661281401849404,0.0029477718035148723,1000.0,1000.0
