O^z,error,N,total_data
0.14893643437907989,0.0033972819229129867,1000.0,1000.0
