O^z,error,N,total_data
0.044186563723292674,0.0003972327988554886,1000.0,32000.0
