O^z,error,N,total_data
0.06108664240835893,0.0005306292780878547,1000.0,24000.0
