O^z,error,N,total_data
0.08958267855242548,0.000748228506150965,1000.0,16000.0
