O^z,error,N,total_data
-0.015724251272641206,0.0005601279037583684,499.0,15968.0
