O^z,error,N,total_data
0.10035540106866657,0.0005520647610506556,1000.0,32000.0
