O^z,error,N,total_data
0.19758357605361757,0.003336718854110967,1000.0,1000.0
