O^z,error,N,total_data
0.14657248584742447,0.0008168529761828521,1000.0,16000.0
