O^z,error,N,total_data
0.10827093228742501,0.0017526009688325964,100.0,3200.0
