O^z,error,N,total_data
0.12200932489490897,0.0006594380075528118,1000.0,24000.0
