O^z,error,N,total_data
-0.2816884872116137,0.0006461191262528025,1000.0,16000.0
