O^z,error,N,total_data
-0.39508153516772443,0.0025218141530149543,1000.0,1000.0
