O^z,error,N,total_data
-0.23446196438817127,0.0005431069330255727,1000.0,24000.0
