ZL,error,N
-0.24317573282982838,0.009990394536770822,1000.0
