ZL,error,N
-0.287630209610505,0.006986175097819013,1000.0
