ZL,error,N
-0.26790094303463674,0.009253433798621065,1000.0
