ZL,error,N
-0.2724176025307113,0.008780225926807644,1000.0
