ZL,error,N
0.9022252483953588,7.677813133702043e-14,1000.0
