ZL,error,N
-0.24325364045780123,0.008802599145112642,1000.0
