ZL,error,N
-0.20019744086222657,0.009870103181474743,1000.0
