ZL,error,N
-0.2693711023063938,0.007146751887542504,1000.0
