ZL,error,N
-0.22532748788153284,0.009433870619265138,1000.0
