O^z,error,N,total_data
0.3077709595854562,0.0017424963066394598,1000.0,1000.0
