O^z,error,N,total_data
0.29085927419178165,0.00044491206828923906,1000.0,24000.0
