O^z,error,N,total_data
0.28767189514619834,0.0003926170066843869,1000.0,32000.0
