O^z,error,N,total_data
0.2962895413443887,0.0007093063610762689,510.0,8160.0
