ZL,error,N
0.19113652822746546,0.0032797141308903146,1000.0
