ZL,error,N
0.18767023066241909,0.0037545806186881107,1000.0
