ZL,error,N
0.18765467898453153,0.0030409294147761014,1000.0
