ZL,error,N
0.19349155580202854,0.0023804524469675046,1000.0
