O^z,error,N,total_data
-0.04310850430060542,0.0007439924715818353,1000.0,16000.0
