O^z,error,N,total_data
-0.009913340783581439,0.00025198518302569067,1000.0,32000.0
