O^z,error,N,total_data
-0.018673997695584272,0.0003991144254029515,1000.0,24000.0
