O^z,error,N,total_data
-0.1271382347239245,0.005048912723188379,1000.0,1000.0
