ZL,error,N
0.003592116342421048,0.0009797005114033637,5703.0
