ZL,error,N
0.004625983589728915,0.0023131598435554186,1446.0
