ZL,error,N
0.0069141429013829135,0.0010880415056852338,5421.0
