ZL,error,N
0.00760833112643855,0.001973036288091639,994.0
