ZL,error,N
0.003929965669343343,0.0008664889726545465,5875.0
