O^z,error,N,total_data
0.0003027115648636132,3.3481745579744394e-05,1000.0,32000.0
