O^z,error,N,total_data
-0.35942852611173925,0.00406047383653061,1000.0,1000.0
