O^z,error,N,total_data
-0.17152992848189452,0.0006401561950234021,1000.0,24000.0
