O^z,error,N,total_data
-0.1423875250118073,0.0004914016274334382,1000.0,32000.0
