O^z,error,N,total_data
-0.2271932538837422,0.00085160845376621,1000.0,16000.0
