ZL,error,N
0.1992337171349381,0.006201371981847085,500.0
