ZL,error,N
0.21408603071582633,0.0022409809941453295,1000.0
