ZL,error,N
0.21040334178266154,0.003216453109107348,1000.0
