ZL,error,N
0.21036247732315053,0.003777952780580073,1000.0
