O^z,error,N,total_data
-0.21185314838777372,0.0004961095778186643,1000.0,24000.0
