O^z,error,N,total_data
-0.4042303771708596,0.0032641219575535547,1000.0,1000.0
