O^z,error,N,total_data
-0.27026148280153844,0.0006743270722067762,1000.0,16000.0
