O^z,error,N,total_data
-0.09236081396678435,0.0005087734162210699,1000.0,32000.0
