O^z,error,N,total_data
-0.12100973286447664,0.0006743670935466233,1000.0,24000.0
