O^z,error,N,total_data
-0.17463821912253405,0.0009895714888316226,1000.0,16000.0
