O^z,error,N,total_data
-0.3032814994571374,0.005116955738178054,1000.0,1000.0
