O^z,error,N,total_data
0.3111805419946108,0.0005812912817059056,565.0,9040.0
