O^z,error,N,total_data
0.3218414903377602,0.001488292383607914,1000.0,1000.0
