O^z,error,N,total_data
0.3072072415413195,0.00037991561894969644,1000.0,24000.0
