O^z,error,N,total_data
0.3052029050011345,0.0003398204324454571,1000.0,32000.0
