ZL,error,N
-0.23974090650968263,0.00935531276663029,1000.0
