ZL,error,N
-0.2784185080865871,0.007065886517494537,1000.0
