ZL,error,N
-0.2204250466085724,0.009882060701611111,1000.0
