ZL,error,N
-0.2585195189824612,0.00873632256388375,1000.0
