O^z,error,N,total_data
-1.5120957151212528e-17,1.2200339871678961e-17,1000.0,32000.0
