O^z,error,N,total_data
0.12024199781981605,0.0007881582257258236,1000.0,16000.0
