O^z,error,N,total_data
0.1744114756723317,0.0033919854487456397,1000.0,1000.0
