O^z,error,N,total_data
0.07225486181784513,0.0004820532975413187,1000.0,32000.0
