O^z,error,N,total_data
0.07478796084952524,0.0015417208142995383,100.0,3200.0
