O^z,error,N,total_data
0.09003593126995552,0.0006015685713905807,1000.0,24000.0
