O^z,error,N,total_data
-0.13485408323243467,0.0006609777951868053,1000.0,24000.0
