O^z,error,N,total_data
-0.3177854355329698,0.00468345491210592,1000.0,1000.0
