O^z,error,N,total_data
-0.1032486294237812,0.0005061944983238972,1000.0,32000.0
