O^z,error,N,total_data
-0.18928585520890157,0.0009611602346097568,1000.0,16000.0
