ZL,error,N
0.6586786199652058,0.006992446706366154,1000.0
