O^z,error,N,total_data
-0.014145033933129492,0.0005516650728034295,1000.0,16000.0
