O^z,error,N,total_data
-0.0013211450241149448,0.00025553522805996353,499.0,15968.0
