O^z,error,N,total_data
0.1253863949628616,0.000801388248644575,1000.0,16000.0
