O^z,error,N,total_data
0.1804306837669884,0.0033698153197651644,1000.0,1000.0
