O^z,error,N,total_data
0.07736268624791343,0.0005046254555413,1000.0,32000.0
