O^z,error,N,total_data
0.096782898142736,0.0006155024712399682,1000.0,24000.0
