ZL,error,N
-0.005957913617011749,0.004211031640249072,500.0
