O^z,error,N,total_data
-0.17299618396990482,0.0017194622525485764,1000.0,1000.0
