O^z,error,N,total_data
-0.011299379805256832,0.00011645740762288786,1000.0,24000.0
