O^z,error,N,total_data
-0.04089853951778447,0.0002837859661736876,1000.0,16000.0
