ZL,error,N
0.017924359560362174,0.005929178377054938,500.0
