ZL,error,N
0.014744039380567814,0.001511003708473448,6999.0
