ZL,error,N
-0.008744080178605293,0.002841293392013988,1000.0
