O^z,error,N,total_data
-0.10507313416382356,0.0006557003879279372,1000.0,24000.0
