O^z,error,N,total_data
-0.07439078637125583,0.0004940125414783763,1000.0,32000.0
