O^z,error,N,total_data
-0.1552866789929019,0.0009958737767328434,1000.0,16000.0
