O^z,error,N,total_data
-0.2854255359470376,0.005160129075899415,1000.0,1000.0
