O^z,error,N,total_data
-0.05492996057858243,0.0008559443808250093,1000.0,16000.0
