O^z,error,N,total_data
-0.02478086378831333,0.0004895146243360128,999.0,23976.0
