O^z,error,N,total_data
-0.014074998858219548,0.00033426047800604063,1000.0,32000.0
