O^z,error,N,total_data
-0.14329837368532433,0.005541336674230404,1000.0,1000.0
