O^z,error,N,total_data
-0.01271287574003906,0.0004862603688830878,500.0,16000.0
