ZL,error,N
-0.05736168267184857,0.002371157138073635,1000.0
