ZL,error,N
-0.004127415735774159,0.004095303931813114,1000.0
