ZL,error,N
0.0681085469952863,0.005204750406182782,1000.0
