ZL,error,N
0.136167175139891,0.005990505820153424,1000.0
