O^z,error,N,total_data
0.006178303388404117,0.0003070766350421744,250.0,6000.0
