O^z,error,N,total_data
0.06881982458849646,0.005280593836928937,250.0,250.0
