O^z,error,N,total_data
0.017628962687502817,0.0006177772152325953,250.0,4000.0
