O^z,error,N,total_data
0.0023738983785191446,8.148445012625137e-05,1000.0,32000.0
