O^z,error,N,total_data
0.17779541446137914,0.00038445482921868813,1000.0,32000.0
