O^z,error,N,total_data
0.18363201316324476,0.00040731096824006855,1000.0,24000.0
