O^z,error,N,total_data
0.24166663385992238,0.0010214893738751474,1000.0,1000.0
