O^z,error,N,total_data
0.19847426330098644,0.000542899860940506,617.0,9872.0
