O^z,error,N,total_data
0.1992460033295608,0.00042600494075632853,1000.0,16000.0
