Dimerization,O^z,error
0.05,0.028566433598456363,0.0
0.1,0.0265412548727712,0.0
0.15,0.022713310914528592,0.0
0.2,0.018932184303075947,0.0
0.25,0.015783029492877736,0.0
0.3,0.01161083846869805,0.0
