O^z,error,N,total_data
-0.2883563221355793,0.0036156184371438763,1000.0,1000.0
