O^z,error,N,total_data
-0.14886809528193404,0.0007832444389700314,1000.0,16000.0
