O^z,error,N,total_data
-0.08906372301410742,0.0005263030920740017,1000.0,24000.0
