ZL,error,N
0.006843421547280651,0.008598698258536139,1000.0
