ZL,error,N
0.1897078497037811,0.009933929631811333,1000.0
