ZL,error,N
0.22905121834445558,0.010500771726695618,1000.0
