ZL,error,N
0.11560394659309996,0.009632106271482874,1000.0
