ZL,error,N
0.19607818503395838,0.0024819134814268633,1000.0
