ZL,error,N
0.17832380123083288,0.003623551995869023,1000.0
