ZL,error,N
0.16458618616168755,0.0043398885270740095,1000.0
