ZL,error,N
0.14015459722476345,0.007105784855439963,500.0
