ZL,error,N
-0.31036347170237566,0.006962214547274834,1000.0
