ZL,error,N
-0.30861022245197717,0.009899864047851762,1000.0
