ZL,error,N
-0.31293937982426717,0.008850846602585038,1000.0
