ZL,error,N
-0.30963950220860054,0.03330572985417085,100.0
