ZL,error,N
-0.2889764300799737,0.010524929503183986,1000.0
