ZL,error,N
0.4162129936297687,0.016702551027966923,500.0
