ZL,error,N
0.22174936668482575,0.009529835613727907,1000.0
