ZL,error,N
0.0889308296770232,0.008852689306596113,1000.0
