ZL,error,N
0.3336475652459814,0.010346711957769945,1000.0
