ZL,error,N
0.3943941622065957,0.015179504620385795,500.0
