ZL,error,N
0.29661901785270967,0.009760836981437603,1000.0
