ZL,error,N
0.603852725246754,0.044004489681116456,6.0
