O^z,error,N,total_data
-3.341709952088271e-07,2.1147356448776642e-07,500.0,16000.0
