O^z,error,N,total_data
0.1363951609596854,0.0008056901815518201,1000.0,16000.0
