O^z,error,N,total_data
0.09074267056233112,0.0005283617127765235,1000.0,32000.0
