O^z,error,N,total_data
0.10725159594741719,0.0006327199310808642,1000.0,24000.0
