O^z,error,N,total_data
-0.1268443506018727,0.005258848471120999,1000.0,1000.0
