O^z,error,N,total_data
-0.303696562383132,0.0004091020631890162,1000.0,24000.0
