O^z,error,N,total_data
-0.34314267290629086,0.0005022654460774582,1000.0,16000.0
