O^z,error,N,total_data
-0.46222766065913223,0.0019412478367037923,1000.0,1000.0
