O^z,error,N,total_data
-0.12815547254400467,0.0006463957646534548,1000.0,24000.0
