O^z,error,N,total_data
-0.09714488127842096,0.000498586239797694,1000.0,32000.0
