O^z,error,N,total_data
-0.18325135111416946,0.0009140616423532653,1000.0,16000.0
