O^z,error,N,total_data
-0.3163710718779,0.004296087880695803,1000.0,1000.0
