O^z,error,N,total_data
5.7676153604533445e-05,1.782889566380647e-05,1000.0,32000.0
