ZL,error,N
-0.05197580466291555,0.00518625730842108,1000.0
