ZL,error,N
-0.09398050590355898,0.004130134601291187,1000.0
