ZL,error,N
-0.07480725026191758,0.002407108868121162,1000.0
