ZL,error,N
-0.11463741180018158,0.002990161212965853,1000.0
