ZL,error,N
0.08518140196892139,0.005124187225993477,1000.0
