ZL,error,N
0.1902128587477054,0.009749408412321517,499.0
