ZL,error,N
0.8586619980656645,0.002691402277665186,1000.0
