O^z,error,N,total_data
0.11752476515884559,0.0007920449982983959,1000.0,16000.0
