O^z,error,N,total_data
0.06959720066522293,0.00047866638020790914,1000.0,32000.0
