O^z,error,N,total_data
0.08655496838652554,0.0006051470549739626,1000.0,24000.0
