O^z,error,N,total_data
0.17310895537282914,0.003372392959909465,1000.0,1000.0
