ZL,error,N
0.007858129635583053,0.0027888792897488527,994.0
