ZL,error,N
0.0077438172719218115,0.002889387824632743,990.0
