ZL,error,N
0.0033842338788372464,0.0022948485622691687,999.0
