ZL,error,N
0.007744095415645562,0.0025580545652367707,999.0
