ZL,error,N
0.03296845025000778,0.0034116649777949553,1000.0
