ZL,error,N
0.06975042553986426,0.0032976753611689016,1000.0
