ZL,error,N
0.017626919138669452,0.0033643530570421883,1000.0
