ZL,error,N
0.009771888065186172,0.00340142597298723,1000.0
