ZL,error,N
-0.2241789142314198,0.010009671497074095,1000.0
