ZL,error,N
-0.2842432655935648,0.00705480860583321,1000.0
