ZL,error,N
-0.2524610925500045,0.009398197868551538,1000.0
