ZL,error,N
-0.26340874287066546,0.008846262812169709,1000.0
