ZL,error,N
-0.2702205624073979,0.0098454512917752,1000.0
