ZL,error,N
-0.2869087336933571,0.00918877902986002,1000.0
