ZL,error,N
-0.28183343053852494,0.03163965314701107,100.0
