ZL,error,N
-0.29497678392349047,0.008487047473701279,1000.0
