ZL,error,N
-0.2985398993776176,0.006873034108970751,1000.0
