ZL,error,N
0.30367213107911956,0.0021930998502398273,1000.0
