ZL,error,N
0.26331732225782767,0.0013632581033493683,1000.0
