ZL,error,N
0.3320421132538554,0.0025562415243187008,1000.0
