O^z,error,N,total_data
-0.05257354473237782,0.0005543082362247644,1000.0,16000.0
