O^z,error,N,total_data
-0.16816180500317762,0.003803386780043103,1000.0,1000.0
