O^z,error,N,total_data
-0.020112726825797247,0.0002648576924411935,1000.0,24000.0
