O^z,error,N,total_data
-0.27533948505873157,0.0005970694052821132,1000.0,16000.0
