O^z,error,N,total_data
-0.21448787776009795,0.0004348834246499654,1000.0,24000.0
