O^z,error,N,total_data
-0.4123569648610852,0.002838236146745469,1000.0,1000.0
