O^z,error,N,total_data
-0.4420564914752713,0.0023775177492776985,1000.0,1000.0
