O^z,error,N,total_data
-0.2857332205593329,0.0005623536667350826,1000.0,16000.0
