O^z,error,N,total_data
-0.21657856900148095,0.0004003811515638729,1000.0,24000.0
