ZL,error,N
0.002025999590648344,0.0010451406229641804,6998.0
