ZL,error,N
0.021574286097080907,0.0028672564486678384,1000.0
