ZL,error,N
0.04651737214906988,0.008329056137078227,1000.0
