ZL,error,N
-0.052689995969985894,0.008913633392914353,1000.0
