ZL,error,N
0.10367732922339855,0.010674031889264515,1000.0
