ZL,error,N
0.2119250610183086,0.010770399150628305,1000.0
