ZL,error,N
0.2851209211330858,0.011092341458172613,1000.0
