ZL,error,N
-0.3286350237534462,0.0068175133511034726,1000.0
