ZL,error,N
-0.33418906516969143,0.01002038733239001,1000.0
