ZL,error,N
-0.34161305171620177,0.009679621408952708,1000.0
