ZL,error,N
-0.3410149003825999,0.008504069873368006,1000.0
