O^z,error,N,total_data
-0.1929033626197187,0.005887575290487528,1000.0,1000.0
