ZL,error,N
0.07941202020403555,0.0035541130932686027,1000.0
