ZL,error,N
0.12519545997241732,0.0029880977193428647,1000.0
