ZL,error,N
0.10260220879750163,0.0033952026097514992,1000.0
