ZL,error,N
0.08826801256517745,0.003568992726611521,1000.0
