O^z,error,N,total_data
-0.3617757148393361,0.004088919576890809,1000.0,1000.0
