O^z,error,N,total_data
-0.14341118343543022,0.0004800368942107984,1000.0,32000.0
