O^z,error,N,total_data
-0.23008954462951306,0.00084668939726519,1000.0,16000.0
