O^z,error,N,total_data
-0.1733559691119917,0.0006143880216503875,1000.0,24000.0
