ZL,error,N
-0.2887418414615362,0.006877971362432281,1000.0
