ZL,error,N
-0.2775648383457423,0.008618922105687219,1000.0
