ZL,error,N
-0.2693143615889069,0.009085598600963907,1000.0
