ZL,error,N
-0.24984036639235327,0.009735791319028297,1000.0
