ZL,error,N
0.005337675469265223,0.0025427367462836194,995.0
