ZL,error,N
0.030258672544028482,0.003677987859125838,991.0
