ZL,error,N
0.05901266765653552,0.005189170176273174,936.0
