ZL,error,N
0.054400470169184416,0.004696482339891122,967.0
