O^z,error,N,total_data
0.25391563303112313,0.0005663793244942957,1000.0,24000.0
