O^z,error,N,total_data
0.2636369505293951,0.0006523874980233378,1000.0,16000.0
