O^z,error,N,total_data
0.28271618422964967,0.002350679511741579,1000.0,1000.0
