O^z,error,N,total_data
0.24816739655307818,0.0005195074790371122,1000.0,32000.0
