ZL,error,N
0.6878441745331481,0.007215907197358353,1000.0
