O^z,error,N,total_data
9.607631836815854e-05,2.377082894887034e-05,1000.0,32000.0
