O^z,error,N,total_data
-0.0566281338604793,0.0006748964586954755,500.0,16000.0
