ZL,error,N
-0.3069357592873681,0.010123005910969146,1000.0
