ZL,error,N
-0.3185935858659832,0.031889010105924306,100.0
