ZL,error,N
-0.31199051814159745,0.00909067473611731,1000.0
