ZL,error,N
-0.3134818352878916,0.0070367838000705155,1000.0
