ZL,error,N
-0.3005809827942955,0.01064988685746821,1000.0
