ZL,error,N
0.9334431952096331,0.0016588271956855295,500.0
