ZL,error,N
0.8721440148549834,0.0022282258908163234,1000.0
