ZL,error,N
0.8353485003286008,0.002031410668456212,1000.0
