ZL,error,N
0.5846422404493022,0.0015327463178574435,1000.0
