ZL,error,N
0.7668756250347952,0.0008674414031538211,1000.0
