ZL,error,N
0.9098437875049358,0.0040657394835558,500.0
