O^z,error,N,total_data
-0.06961045408936323,0.005034216193842893,990.0,990.0
