O^z,error,N,total_data
-0.01561699396684098,0.0008107644354123373,966.0,15456.0
