O^z,error,N,total_data
-0.005473538624112755,0.0005427977384114094,920.0,22080.0
