ZL,error,N
0.021131965907604952,0.004431441979374144,498.0
