ZL,error,N
-0.07716279410768687,0.002075470646848982,1000.0
