ZL,error,N
0.030400833405971227,0.0027525588149320116,1000.0
