ZL,error,N
-0.12300450100128009,0.0008475407555368251,1000.0
