O^z,error,N,total_data
-1.726532047216427e-08,1.8122051810003223e-08,984.0,15744.0
