ZL,error,N
-0.3246865102990618,0.006743285201082161,1000.0
