ZL,error,N
-0.3388179999038379,0.03170424790964904,100.0
