ZL,error,N
-0.3304920215479564,0.00947400587975012,1000.0
