ZL,error,N
-0.3334716735924034,0.008527599786619223,1000.0
