ZL,error,N
-0.3271152260084874,0.009786015568377845,1000.0
