O^z,error,N,total_data
0.00016857096324835236,1.738557754339471e-05,1000.0,32000.0
