ZL,error,N
0.03383058893630852,0.0027775745252329553,1000.0
