ZL,error,N
0.01637758705702866,0.002432143407023884,1000.0
