ZL,error,N
0.008598898241902672,0.0022649618179130023,1000.0
