O^z,error,N,total_data
0.22819566145537584,0.0030520191065372174,1000.0,1000.0
