O^z,error,N,total_data
0.16548780522746193,0.0006875306758036413,1000.0,24000.0
