O^z,error,N,total_data
0.18893349347736507,0.0008136809378323667,1000.0,16000.0
