O^z,error,N,total_data
0.15361714120881861,0.0005965904320557296,1000.0,32000.0
