ZL,error,N
-0.3353334555491686,0.009642100456026184,1000.0
