ZL,error,N
-0.3349734132518978,0.008594509722791294,1000.0
