ZL,error,N
-0.32417067610558714,0.006834107576662437,1000.0
