ZL,error,N
-0.32533358270793494,0.01002830343933728,1000.0
