ZL,error,N
-0.19565787775846666,0.0099643867316741,1000.0
