ZL,error,N
-0.23079783049482105,0.009151373901459214,1000.0
