ZL,error,N
-0.25883058820700017,0.0073027532718143795,1000.0
