ZL,error,N
-0.17833866555458516,0.010505067670200667,1000.0
