O^z,error,N,total_data
0.07962780139492985,0.0005013026206708933,1000.0,32000.0
