O^z,error,N,total_data
0.09714876717481861,0.0006161606587303574,1000.0,24000.0
