O^z,error,N,total_data
0.08038829562191264,0.0016332897918884591,100.0,3200.0
