O^z,error,N,total_data
0.18097525506721526,0.003359573709082585,1000.0,1000.0
