O^z,error,N,total_data
0.12665393337458286,0.0008042954571853598,1000.0,16000.0
