O^z,error,N,total_data
0.008315947671600495,0.00017897487782066963,1000.0,32000.0
