ZL,error,N
0.0248326117894698,0.0026244944256722043,1000.0
