ZL,error,N
0.04682391401917661,0.0029225277155562526,1000.0
