ZL,error,N
0.010512315397210472,0.0008804816854428351,6999.0
