ZL,error,N
0.01628780760541748,0.002434134354549801,1000.0
