O^z,error,N,total_data
0.05347841416175879,0.0006096356347077194,1000.0,16000.0
