O^z,error,N,total_data
0.031201237521450622,0.0003822854213687086,1000.0,24000.0
