O^z,error,N,total_data
0.10984458498245962,0.003297694829667353,1000.0,1000.0
