O^z,error,N,total_data
0.018932184303075947,0.00025549267414245596,1000.0,32000.0
