ZL,error,N
-0.8044800791908914,0.0014181493901526828,1000.0
