ZL,error,N
-0.7386978288713879,0.002061138751129256,1000.0
