ZL,error,N
-0.5914703020238493,0.0024279100463685086,1000.0
