ZL,error,N
-0.8431708007848825,0.0010425366586599004,1000.0
