ZL,error,N
-0.07950766934945483,0.01153366840273905,1000.0
