ZL,error,N
-0.22382934776713106,0.007763739999941407,1000.0
