ZL,error,N
-0.11774493206672922,0.011030598445850642,1000.0
