ZL,error,N
-0.159055950309483,0.010118196905298553,1000.0
