ZL,error,N
-0.3066439548204085,0.008559947452393683,1000.0
