ZL,error,N
-0.31036495570660827,0.032233238290251286,100.0
