ZL,error,N
-0.3050565270238767,0.006858665671774067,1000.0
