ZL,error,N
-0.2877091103408394,0.009985225674685799,1000.0
