ZL,error,N
-0.30084126875802286,0.00925228400482132,1000.0
