O^z,error,N,total_data
0.00011009143243152131,5.171394301833128e-05,1.0,24.0
