O^z,error,N,total_data
-0.03627919980266586,0.00016965633831456028,6999.0,223968.0
