O^z,error,N,total_data
-0.21373868285529699,0.005752031458231773,1000.0,1000.0
