ZL,error,N
0.021415915611703692,0.003278731618552451,947.0
