ZL,error,N
0.03302517771771385,0.005159077463141933,641.0
