ZL,error,N
0.028606612400936825,0.004127079301015566,855.0
