ZL,error,N
0.012816982167164457,0.00474021054090222,240.0
