ZL,error,N
0.004935547036126324,0.0022830308297797867,985.0
