ZL,error,N
0.07682296495301665,0.003617436902741789,1000.0
