ZL,error,N
0.06462196973027849,0.0036013594949996465,1000.0
