ZL,error,N
0.08870624074552891,0.0035454047113362744,1000.0
