ZL,error,N
0.12021299470204651,0.0031274236283242445,1000.0
