O^z,error,N,total_data
2.45801044607313e-07,2.2438344260112535e-07,1000.0,32000.0
