ZL,error,N
-0.1457354325302193,0.003806646508057551,1000.0
