ZL,error,N
-0.08681723413762484,0.002163665326364918,1000.0
