ZL,error,N
-0.15254047580354607,0.002545957586145451,1000.0
