ZL,error,N
-0.0017137545736223417,0.0012277764817160283,7000.0
