ZL,error,N
0.007716449595776507,0.002982054514048793,1000.0
