O^z,error,N,total_data
-0.1120630669249042,0.005055227654446239,1000.0,1000.0
