O^z,error,N,total_data
-0.0017802493836579921,0.00029965590670747144,499.0,15968.0
