O^z,error,N,total_data
-0.2021857152274189,0.005850129543590388,1000.0,1000.0
