O^z,error,N,total_data
-0.030344226107180156,0.0005951660950249423,500.0,16000.0
