ZL,error,N
0.01391559143816699,0.0028337605799555452,1000.0
