ZL,error,N
0.4477486954604048,0.002544292940515065,1000.0
