ZL,error,N
0.44172562756238676,0.005645907261442417,250.0
