ZL,error,N
0.3076470692374032,0.0018577279294437175,1000.0
