ZL,error,N
0.4146866103854091,0.0023530156613195256,1000.0
