ZL,error,N
0.34624238410946045,0.0020162259840353553,1000.0
