ZL,error,N
0.26418374838539455,0.0013669087014029863,1000.0
