ZL,error,N
0.5561192787509075,0.009635554789154576,86.0
