ZL,error,N
0.3714205541600562,0.002158906180325202,1000.0
