O^z,error,N,total_data
-3.10522484702571e-17,4.216964388157321e-16,1000.0,32000.0
