O^z,error,N,total_data
-0.005745442062474691,0.0002357330289436922,1000.0,32000.0
