O^z,error,N,total_data
-0.10226822156319038,0.0050860184827295,1000.0,1000.0
