O^z,error,N,total_data
-0.02840411414351753,0.0007010684901627774,1000.0,16000.0
