O^z,error,N,total_data
-0.01113618786194155,0.0003715366654365204,1000.0,24000.0
