O^z,error,N,total_data
-0.00543365232203845,0.00034403128344095616,500.0,16000.0
