ZL,error,N
-0.00470138265819709,0.002903084215037368,1000.0
