ZL,error,N
-0.3379716167185975,0.008498383745207937,1000.0
