ZL,error,N
-0.3266403544557893,0.00668317579431243,1000.0
