ZL,error,N
-0.3369393334286495,0.009909068272949175,1000.0
