ZL,error,N
-0.3452707269596892,0.009387281963429283,1000.0
