O^z,error,N,total_data
-0.038531243323876516,0.0006112765079763543,1000.0,16000.0
