O^z,error,N,total_data
-0.007290562405355661,0.00018847813452098645,1000.0,32000.0
