O^z,error,N,total_data
-0.014824414247885068,0.0003168089841084228,1000.0,24000.0
