O^z,error,N,total_data
-0.12590651490370638,0.004715569431354782,1000.0,1000.0
