ZL,error,N
0.6264753736347087,0.0075130429954231685,1000.0
