O^z,error,N,total_data
-0.26577070908358336,0.0007202720327507243,1000.0,16000.0
