O^z,error,N,total_data
-0.1834519542116284,0.0004381909248819588,1000.0,32000.0
