O^z,error,N,total_data
-0.3940874826717741,0.003240558128263876,1000.0,1000.0
