O^z,error,N,total_data
-0.212283834915119,0.0005398891004208194,1000.0,24000.0
