ZL,error,N
-0.35768170057315296,0.009113286223161434,1000.0
