ZL,error,N
-0.3465302186850055,0.009994467659999458,1000.0
