ZL,error,N
-0.3328909821579494,0.006602481228007842,1000.0
