ZL,error,N
-0.346705279164931,0.008483831600662418,1000.0
