ZL,error,N
-0.37395704514052885,0.03179022728405713,100.0
