O^z,error,N,total_data
-0.0031598235924131133,0.0003011717155298774,944.0,30208.0
