O^z,error,N,total_data
-0.020382392292094355,0.0007241296687437817,991.0,15856.0
