O^z,error,N,total_data
-0.07422779486800424,0.005055585703317561,995.0,995.0
