O^z,error,N,total_data
-0.007283638521964793,0.00048269812844362514,970.0,23280.0
