ZL,error,N
-0.35755587926514226,0.008263987256566218,1000.0
