ZL,error,N
-0.3388450965225293,0.006571567448556568,1000.0
