ZL,error,N
-0.3673617785561358,0.009021938105582607,1000.0
