ZL,error,N
-0.36466284671720955,0.009911557854884052,1000.0
