O^z,error,N,total_data
0.0015798565714479286,0.00047638638005931456,6.0,192.0
