ZL,error,N
0.10411564456870216,0.00827841816723216,500.0
