ZL,error,N
-0.34067678721453104,0.03113010433229348,100.0
