ZL,error,N
-0.3247150186175434,0.009779584454401708,1000.0
