ZL,error,N
-0.3271204695551459,0.008749455809173511,1000.0
