ZL,error,N
-0.3213310357368487,0.006899166907572454,1000.0
