ZL,error,N
-0.31665009525036847,0.010189879269127495,1000.0
