O^z,error,N,total_data
-0.04150829568729439,0.0003414616307610463,1000.0,24000.0
