O^z,error,N,total_data
-0.01996706981559579,0.0002045312889430565,1000.0,32000.0
