O^z,error,N,total_data
-0.23130241344540764,0.003219182852627366,1000.0,1000.0
