O^z,error,N,total_data
-0.014718316062772142,0.0001643218136836228,1000.0,36000.0
