O^z,error,N,total_data
-0.059978121190963817,0.0004429575519944529,1000.0,20000.0
