O^z,error,N,total_data
-0.010695275782818345,0.0001396239513167556,1000.0,40000.0
