O^z,error,N,total_data
-0.0076826312367139936,9.907889779854256e-05,1000.0,44000.0
