O^z,error,N,total_data
-0.0058580384913431045,8.325464028746038e-05,1000.0,48000.0
