O^z,error,N,total_data
-0.13979650348359787,0.0008204329996355579,1000.0,12000.0
