O^z,error,N,total_data
-0.23132859964394922,0.0032188310790650185,1000.0,1000.0
