O^z,error,N,total_data
-0.09019831459635151,0.0006004307424553416,1000.0,16000.0
