O^z,error,N,total_data
-0.020136221851104984,0.00029957475786083186,500.0,16000.0
