O^z,error,N,total_data
-0.02853042645643645,0.00026039889466878427,1000.0,28000.0
