O^z,error,N,total_data
-0.09006668638629711,0.0005996155865325798,1000.0,16000.0
