O^z,error,N,total_data
-0.041385143613302026,0.0003404274029133656,1000.0,24000.0
