ZL,error,N
-0.3924642205509472,0.03119715971680152,100.0
