ZL,error,N
-0.34310658248936415,0.006526761257530651,1000.0
