ZL,error,N
-0.3791699777570975,0.009529928598293907,1000.0
