ZL,error,N
-0.3782915553807861,0.00883713091937981,1000.0
