ZL,error,N
-0.36568217369409634,0.008066067065329627,1000.0
