O^z,error,N,total_data
-0.010397473600172426,0.0006249468761985986,962.0,15392.0
