ZL,error,N
0.058474166651709666,0.005488737326893026,1000.0
