ZL,error,N
-0.005917344908606892,0.004733278556705626,1000.0
