ZL,error,N
-0.031938094866105965,0.0042747823795624505,1000.0
