ZL,error,N
0.029449670623027096,0.005224396297155044,1000.0
