ZL,error,N
-0.060178541414899304,0.003598012055243149,1000.0
