ZL,error,N
-0.08104773537625092,0.0027435213530080916,1000.0
