ZL,error,N
-0.07475814088610655,0.0022254132198772643,1000.0
