ZL,error,N
0.2192322850072933,0.006941746451811287,1000.0
