O^z,error,N,total_data
-0.03910520746287587,0.0005886599269909031,500.0,16000.0
