ZL,error,N
-0.027578465869112955,0.0028971519152858768,1000.0
