ZL,error,N
-0.11245379603544227,0.0009854156482338669,1000.0
