ZL,error,N
0.0959295977047975,0.003519646784815299,1000.0
