O^z,error,N,total_data
0.12369058123286794,0.0007970072939527969,1000.0,16000.0
