O^z,error,N,total_data
0.07568972136171982,0.0004905223284883076,1000.0,32000.0
