O^z,error,N,total_data
0.17596388014870698,0.00330873501052638,1000.0,1000.0
