O^z,error,N,total_data
0.09381557924628481,0.0006065055065277775,1000.0,24000.0
