O^z,error,N,total_data
-0.0649979447300504,0.00065660499549889,1000.0,24000.0
