O^z,error,N,total_data
-0.11156535076261245,0.0010299173011914882,1000.0,16000.0
