O^z,error,N,total_data
-0.04280747254251554,0.0001763927000209825,7000.0,224000.0
