O^z,error,N,total_data
-0.2305572159433737,0.0056920137385103745,1000.0,1000.0
