ZL,error,N
0.8228116274966604,0.004653566130342656,1000.0
