ZL,error,N
-0.13090197289574912,0.0028867844801400704,1000.0
