ZL,error,N
-0.13477503298241766,0.0043779300048769655,1000.0
