ZL,error,N
-0.05709127557363284,0.002705292617859319,1000.0
