ZL,error,N
-0.1459213758805321,0.003548087100704775,1000.0
