O^z,error,N,total_data
0.09346737399869946,0.0006196361472707334,1000.0,24000.0
