O^z,error,N,total_data
0.1777388444653279,0.0033779429842775038,1000.0,1000.0
