O^z,error,N,total_data
0.07969392946675022,0.0016089718637279612,100.0,3200.0
