O^z,error,N,total_data
0.12347162293584814,0.0007975087053626308,1000.0,16000.0
