O^z,error,N,total_data
0.0758398523193123,0.000495704757739494,1000.0,32000.0
