ZL,error,N
-0.07143898148821054,0.0024959022650965497,1000.0
