ZL,error,N
-0.11841155139459116,0.0029022763997179368,1000.0
