ZL,error,N
-0.10521768789319189,0.003953834822498708,1000.0
