ZL,error,N
0.1068263972233325,0.003542268512315352,1000.0
