ZL,error,N
0.13280827983543814,0.0030032537801554446,1000.0
