ZL,error,N
0.08956742320412515,0.0036666133618867107,1000.0
