ZL,error,N
0.08099677268457564,0.0038348170789380123,1000.0
