O^z,error,N,total_data
-1.669586303756544e-08,1.8421461038988944e-08,872.0,13952.0
