O^z,error,N,total_data
0.06202814897470205,0.0004588862103856194,1000.0,32000.0
