O^z,error,N,total_data
0.10706372886682737,0.0007899649019720803,1000.0,16000.0
