O^z,error,N,total_data
0.0793472776227007,0.0005721127315615392,1000.0,24000.0
