O^z,error,N,total_data
0.16571578635696052,0.0033754561872042462,1000.0,1000.0
