ZL,error,N
0.618609684016914,0.0030605805090484356,1000.0
