O^z,error,N,total_data
-0.2841187690693415,0.0005762939088355461,1000.0,16000.0
