O^z,error,N,total_data
-0.4345874243046861,0.0026762627710894137,1000.0,1000.0
