O^z,error,N,total_data
-0.21524425009127582,0.00040924104905792273,1000.0,24000.0
