ZL,error,N
0.04014031050868485,0.0046792971643766544,894.0
