ZL,error,N
0.05842637249016704,0.005346592335449455,852.0
