ZL,error,N
0.030646282325048756,0.0037487566292885937,971.0
