ZL,error,N
0.009523022315729832,0.002548645103858734,989.0
