ZL,error,N
0.009762589029662518,0.0026618102636428225,920.0
