O^z,error,N,total_data
-5.024649937917615e-07,5.644984070636425e-07,1000.0,32000.0
