ZL,error,N
-0.7420917492037762,0.004832022724199912,1000.0
