ZL,error,N
-0.6280963778685736,0.00492350077020312,1000.0
