ZL,error,N
-0.5034365611234263,0.00447117531495491,1000.0
