ZL,error,N
-0.696275820793536,0.004807915520586374,1000.0
