O^z,error,N,total_data
-0.16932815648182917,0.000793553327413215,1000.0,16000.0
