O^z,error,N,total_data
-0.30360649208341783,0.003550027480756007,1000.0,1000.0
