O^z,error,N,total_data
-0.10848634919913434,0.0005640431902964702,1000.0,24000.0
