ZL,error,N
0.13268611072825603,0.00459141687257232,1000.0
