ZL,error,N
0.15737416699788842,0.0037879707647379963,1000.0
