ZL,error,N
0.18449502178133692,0.0026168830380497695,1000.0
