ZL,error,N
0.11147080521669941,0.007277008071432072,500.0
