ZL,error,N
-0.03453214140099585,0.003093838284617438,1000.0
