ZL,error,N
-0.0966489791497685,0.004129980784064339,910.0
