ZL,error,N
-0.07129931395971802,0.0030216556843250322,1000.0
