ZL,error,N
-0.09580699898283294,0.003447387260306787,1000.0
