ZL,error,N
-0.09064603368163095,0.003192325222729561,1000.0
