ZL,error,N
-0.08877835234540779,0.004230909134305569,1000.0
