ZL,error,N
-0.09959290383731087,0.003673427850904062,1000.0
