O^z,error,N,total_data
-0.12308542374537973,0.005157753286572777,1000.0,1000.0
