ZL,error,N
-0.04130215588028111,0.008905376046861641,1000.0
