ZL,error,N
0.2784108431575752,0.010755583007250713,1000.0
