ZL,error,N
0.10347696229056506,0.010573692446955775,1000.0
