ZL,error,N
0.2051734940243206,0.010837758007847307,1000.0
