O^z,error,N,total_data
0.05636213973644378,0.00045723598485424987,1000.0,24000.0
