O^z,error,N,total_data
0.09220358334656847,0.0006424814624790641,1000.0,16000.0
