O^z,error,N,total_data
0.038914242478965744,0.0003417479691217159,1000.0,32000.0
