O^z,error,N,total_data
0.16560468563702763,0.002590732756552971,1000.0,1000.0
