ZL,error,N
0.8791525968727447,0.0036259708136300558,1000.0
