ZL,error,N
0.055403674998395214,0.007093710516204089,500.0
