ZL,error,N
-0.013398448696804685,0.002525149687527187,1000.0
