ZL,error,N
0.007735051275007319,0.0035389340356527573,1000.0
