ZL,error,N
0.054214043050906054,0.004916314969223503,1000.0
