ZL,error,N
0.05411405334257884,0.006979138766298112,500.0
