ZL,error,N
0.03150729518868414,0.004196153452145491,1000.0
