ZL,error,N
0.005820500427849329,0.0023975464561199616,948.0
