ZL,error,N
0.009298879394280271,0.0033026911069807723,808.0
