ZL,error,N
0.004498759724134788,0.0030265941516297214,887.0
