ZL,error,N
0.005320161459774794,0.0020246225794382415,982.0
