O^z,error,N,total_data
2.132611750408134e-09,1.322204783649841e-08,920.0,14720.0
