ZL,error,N
0.031086015803298745,0.0028759526828441993,1000.0
