Dimerization,O^z,error
0.05,0.3111805419946108,0.0
0.1,0.2962895413443887,0.0
0.15,0.2621477396026688,0.0
