ZL,error,N
0.04853332408824363,0.0031353927580918474,1000.0
