ZL,error,N
0.06664351646326819,0.0032415515029855595,1000.0
