ZL,error,N
0.0398596820165011,0.002949373480651053,1000.0
