ZL,error,N
0.09538187981633343,0.003134513402530927,1000.0
