O^z,error,N,total_data
-0.1696833879269381,0.0008715840214546386,1000.0,16000.0
