O^z,error,N,total_data
-0.1139640222617136,0.0006159912760511818,1000.0,24000.0
