O^z,error,N,total_data
-0.3052785813049811,0.004114811927405233,1000.0,1000.0
