O^z,error,N,total_data
0.17598639197241106,0.003373217946167206,1000.0,1000.0
