O^z,error,N,total_data
0.09291180402631964,0.0006014608878126766,1000.0,24000.0
