O^z,error,N,total_data
0.07395630013638953,0.0004918860410795621,1000.0,32000.0
