O^z,error,N,total_data
0.12040295111483676,0.0007982877287249721,1000.0,16000.0
