ZL,error,N
-0.3180194543001987,0.007299853040819521,1000.0
