ZL,error,N
-0.2896063417364484,0.011510085705064123,1000.0
