ZL,error,N
-0.2700560559424368,0.012447994055435646,1000.0
