ZL,error,N
-0.3105720053874785,0.010096753959070693,1000.0
