O^z,error,N,total_data
-0.37207080166033724,0.0015336140822219462,1000.0,1000.0
