O^z,error,N,total_data
-0.15900949440608245,0.0004079839869550042,1000.0,24000.0
