O^z,error,N,total_data
-0.22726454299171525,0.0005539247025612625,1000.0,16000.0
