ZL,error,N
-0.08307586422541745,0.0033441770778008043,1000.0
