ZL,error,N
-0.0649764897817409,0.0025582773620103903,1000.0
