ZL,error,N
-0.08655495733164359,0.002723552067579833,1000.0
