ZL,error,N
-0.053412148027660554,0.004317842123101971,1000.0
