ZL,error,N
-0.031700807424305054,0.005236534451151614,897.0
