ZL,error,N
-0.06854424200545098,0.003935000882566131,1000.0
