O^z,error,N,total_data
-1.686658920848232e-10,1.1087360977775774e-10,1000.0,32000.0
