O^z,error,N,total_data
-0.04917662264418054,0.0006663186307505157,500.0,16000.0
