ZL,error,N
0.0762535049188058,0.01031230477670306,1000.0
