ZL,error,N
0.21752178949963916,0.010691105316569817,1000.0
