ZL,error,N
-0.11342776020426884,0.007910804246033395,1000.0
