ZL,error,N
0.29823952666715425,0.011070893769822938,1000.0
