ZL,error,N
-0.25018412394594725,0.010030490849403197,1000.0
