ZL,error,N
-0.23124861207416947,0.010647332639275942,1000.0
