ZL,error,N
-0.2739081606111608,0.009068921904021567,1000.0
