ZL,error,N
-0.268981635504842,0.03149443526503799,100.0
