ZL,error,N
-0.2856758294364717,0.00715340025770899,1000.0
