ZL,error,N
0.04869960082689261,0.006768288994918847,500.0
