O^z,error,N,total_data
0.1138480149034134,0.0006515698545197888,1000.0,24000.0
