O^z,error,N,total_data
0.09627944711946489,0.0005338791364648245,1000.0,32000.0
