O^z,error,N,total_data
0.14228755587766517,0.0008099547160714966,1000.0,16000.0
