O^z,error,N,total_data
0.19481244343589862,0.0033315382475906643,1000.0,1000.0
