ZL,error,N
0.4607541006973135,0.015070268438483891,500.0
