ZL,error,N
0.3937015309145492,0.010038312061558984,1000.0
