ZL,error,N
0.493955892894833,0.01561265498114597,500.0
