ZL,error,N
0.251616249700816,0.009879457135789365,1000.0
