ZL,error,N
0.08896616881545842,0.008938777558908841,1000.0
