ZL,error,N
0.33650069062022697,0.009878976143330073,1000.0
