ZL,error,N
0.004562740440683463,0.0024143528907679497,1000.0
