ZL,error,N
0.02322520131537705,0.0029718789808284175,1000.0
