ZL,error,N
-0.0003711596737565897,0.001089668073239411,7000.0
