O^z,error,N,total_data
-0.0017493777393787569,0.00029387362285120073,835.0,26720.0
