O^z,error,N,total_data
-0.05989315702035798,0.0047754927322631495,988.0,988.0
