O^z,error,N,total_data
-0.004622035777577659,0.0004429379937161751,899.0,21576.0
