O^z,error,N,total_data
-0.01365579519947075,0.0006987437671469645,961.0,15376.0
