ZL,error,N
-0.33657940136419184,0.009877311438344591,1000.0
