ZL,error,N
-0.33756383062466294,0.008577080490462756,1000.0
