ZL,error,N
-0.32927845321054283,0.0066633183034274495,1000.0
