ZL,error,N
-0.35286045340789446,0.009215332106272194,1000.0
