ZL,error,N
-0.377984218825342,0.030790894867378092,100.0
