ZL,error,N
-0.630330378146755,0.000869657142337879,1000.0
