ZL,error,N
-0.8254393051534156,0.0005387222862704167,1000.0
