ZL,error,N
-0.8561172421364138,0.0004770926087606334,1000.0
