ZL,error,N
-0.7686103698991674,0.0009173253579164473,714.0
