ZL,error,N
-0.7684554590911244,0.0007531102481291161,1000.0
