O^z,error,N,total_data
0.09032916028371493,0.0007407014017580425,1000.0,16000.0
