O^z,error,N,total_data
0.045237137758671275,0.0004174200267528994,1000.0,32000.0
