O^z,error,N,total_data
0.1522314062108453,0.0032581602128866514,1000.0,1000.0
