O^z,error,N,total_data
0.06012987598497946,0.0005356697528570982,1000.0,24000.0
