ZL,error,N
-0.014190108784252696,0.0026722348876792546,1000.0
