O^z,error,N,total_data
0.09979731835055959,0.0005447226790671512,1000.0,32000.0
