O^z,error,N,total_data
0.19566748884765303,0.003322000130029239,1000.0,1000.0
