O^z,error,N,total_data
0.1163810295561699,0.000664743101556461,1000.0,24000.0
