O^z,error,N,total_data
0.14518941866816068,0.0008130239566840185,1000.0,16000.0
