O^z,error,N,total_data
-0.027295785822332472,0.00023181546860514182,3000.0,96000.0
