ZL,error,N
-0.30172529252876396,0.0025984998171705498,7000.0
