ZL,error,N
-0.29935954770044915,0.009856410126207834,1000.0
