ZL,error,N
-0.3013163634403269,0.009788068217378385,1000.0
