ZL,error,N
-0.3044290921356826,0.0032074153969288725,7000.0
