ZL,error,N
-0.3131947986103113,0.008421817761016437,1000.0
