ZL,error,N
-0.26954102318302675,0.011106968094899672,900.0
