ZL,error,N
-0.22815119397813177,0.018504435357292407,348.0
