ZL,error,N
-0.30369092499464434,0.003476255090156299,7000.0
