ZL,error,N
-0.3029622935590641,0.009152771955799457,1000.0
