ZL,error,N
-0.2859027932194701,0.010259227138209565,1000.0
