ZL,error,N
-0.308677245343293,0.006810359335588374,1000.0
