ZL,error,N
-0.18937334041313844,0.0020864412974133124,1000.0
