ZL,error,N
-0.1965658156939338,0.003426708723157671,1000.0
