ZL,error,N
-0.10543845891465553,0.0016610687457661998,1000.0
