O^z,error,N,total_data
0.002045471609422329,0.0004529722835051487,250.0,250.0
