O^z,error,N,total_data
6.389061486410097e-05,1.5302595792866767e-05,250.0,4000.0
