O^z,error,N,total_data
1.6314587133843512e-06,8.869932161416856e-07,1000.0,32000.0
