O^z,error,N,total_data
1.0778944787229929e-05,7.458505318185249e-06,250.0,6000.0
