ZL,error,N
0.0071271905128507075,0.0026590712440496,940.0
