ZL,error,N
0.015605369148296125,0.003822516517378529,774.0
