ZL,error,N
0.014039475025672567,0.003465842645621118,869.0
