ZL,error,N
0.0031043778550072032,0.0031921260260011114,469.0
