ZL,error,N
0.0034610249377639976,0.002118076766319704,983.0
