ZL,error,N
-0.0041733644473077106,0.003086634643552646,1000.0
