O^z,error,N,total_data
0.0894006740021317,0.0005944495879199629,1000.0,24000.0
