O^z,error,N,total_data
0.06982878569528311,0.0004812383983897447,1000.0,32000.0
