O^z,error,N,total_data
0.17397116152345793,0.0033530946296405147,1000.0,1000.0
