O^z,error,N,total_data
0.11627518829198616,0.000793500296696746,1000.0,16000.0
