ZL,error,N
-0.25414566832360747,0.010667719613776053,1000.0
