ZL,error,N
-0.29011017598713984,0.009029315196879415,1000.0
