ZL,error,N
-0.2730502324954649,0.030983885998284926,100.0
