ZL,error,N
-0.2967763622659959,0.00708729944924197,1000.0
