ZL,error,N
-0.2748269421057969,0.010263331518300311,1000.0
