O^z,error,N,total_data
-0.36927861274194107,0.0038522627266589045,1000.0,1000.0
