O^z,error,N,total_data
-0.24009168787658652,0.0008154327818479055,1000.0,16000.0
