O^z,error,N,total_data
-0.1570566943090273,0.0004912279558612836,1000.0,32000.0
