O^z,error,N,total_data
-0.18623108945613065,0.000606375867526663,1000.0,24000.0
