O^z,error,N,total_data
0.09319370956643641,0.0005274456102617686,1000.0,32000.0
