O^z,error,N,total_data
0.05903636353447113,0.0003350982344412212,900.0,57600.0
