O^z,error,N,total_data
0.13852104537516202,0.0008035740047834613,1000.0,16000.0
