O^z,error,N,total_data
0.1899663121189272,0.0033301631412945214,1000.0,1000.0
