O^z,error,N,total_data
0.03481871503776931,0.00031891027765027885,349.0,44672.0
