O^z,error,N,total_data
0.1081321612452545,0.00023897333845471121,7000.0,168000.0
