O^z,error,N,total_data
0.07314223170073265,0.0004026522913949606,1000.0,48000.0
