O^z,error,N,total_data
0.10783545389347253,0.0006375715023322485,1000.0,24000.0
