O^z,error,N,total_data
0.19000853189656228,0.0012404907523842512,7000.0,7000.0
