O^z,error,N,total_data
0.09278220062802772,0.0005294328856127918,1000.0,32000.0
