O^z,error,N,total_data
0.13469679565218487,0.0003049158427739286,7000.0,112000.0
