O^z,error,N,total_data
0.0007948390979629366,4.824067210276689e-05,1000.0,32000.0
