O^z,error,N,total_data
-0.010369134585558616,0.00046144442158483235,497.0,15904.0
