ZL,error,N
-0.191467351024922,0.010127217213541677,1000.0
