ZL,error,N
-0.2658346702508324,0.007205344135139712,1000.0
