ZL,error,N
-0.22114159575474807,0.009695352920491618,1000.0
