ZL,error,N
-0.23720081718119734,0.008966771013703892,1000.0
