O^z,error,N,total_data
3.27410936500176e-06,1.896416375988691e-06,1000.0,32000.0
