ZL,error,N
-0.06545445791878919,0.0019514496266985028,1000.0
