ZL,error,N
-0.21967878858640605,0.0026772808892850967,1000.0
