ZL,error,N
-0.3279978266791294,0.003006512505148852,1000.0
