O^z,error,N,total_data
-0.05615203661942683,0.0007308187826766936,1000.0,16000.0
