O^z,error,N,total_data
-0.15937710545969827,0.004954430891212027,1000.0,1000.0
