O^z,error,N,total_data
-0.014526002061714175,0.00024634983025393286,1000.0,32000.0
