O^z,error,N,total_data
-0.026107827404747666,0.0004100506757697577,1000.0,24000.0
