ZL,error,N
0.003810063354107249,0.0024957579752400887,996.0
