ZL,error,N
0.006790330970186393,0.002371706732418754,1000.0
