ZL,error,N
0.0054938617105452624,0.0025011428203996215,1000.0
