ZL,error,N
0.014814476891762102,0.002442992918703742,1000.0
