ZL,error,N
0.012392055839952489,0.0009048998208488025,6999.0
