ZL,error,N
0.025963083644989067,0.002675630024233126,1000.0
