ZL,error,N
0.049121461554416074,0.00296736179352261,1000.0
