ZL,error,N
0.017309917895521124,0.002537410131592418,1000.0
