O^z,error,N,total_data
-0.037285095884040824,0.0003278157781055502,1000.0,32000.0
