O^z,error,N,total_data
-0.24952713530316217,0.0040750377829343615,1000.0,1000.0
