O^z,error,N,total_data
-0.06236065391920519,0.00047515692243072026,1000.0,24000.0
