O^z,error,N,total_data
-0.11488931207721023,0.0007715684059027977,1000.0,16000.0
