O^z,error,N,total_data
0.18127628007850227,0.0033398592080881536,1000.0,1000.0
