O^z,error,N,total_data
0.12648608742369313,0.0008023141699662942,1000.0,16000.0
