O^z,error,N,total_data
0.07987791210758217,0.00050401418777587,1000.0,32000.0
