O^z,error,N,total_data
0.09892550340332706,0.0006226790321645086,1000.0,24000.0
