ZL,error,N
0.001370589339839266,0.0010035786637809319,7000.0
