ZL,error,N
0.02850413863710371,0.0029217256680263213,1000.0
