O^z,error,N,total_data
-0.020275455046665322,0.00013294874386807743,6999.0,223968.0
