O^z,error,N,total_data
-0.17013069039208928,0.005555927874095603,1000.0,1000.0
