ZL,error,N
0.001509470689286319,0.0030577336200080757,498.0
