ZL,error,N
0.020416909324753655,0.0025212572284828007,1000.0
