ZL,error,N
-0.0008222187385086363,0.0021653989651429133,998.0
