ZL,error,N
0.006361563398831048,0.002092530072344928,999.0
