ZL,error,N
0.008102177679473216,0.002228191660952507,1000.0
