O^z,error,N,total_data
-0.09021218541467124,0.0003056604113397798,250.0,16000.0
