O^z,error,N,total_data
-0.1175661709683718,0.00020761092699212393,1000.0,48000.0
