O^z,error,N,total_data
-0.08979031363300383,0.00015054033251465815,1000.0,64000.0
