O^z,error,N,total_data
-0.20354940988250547,0.00041083200331899924,1000.0,24000.0
