O^z,error,N,total_data
-0.41184834820119437,0.0029978611702947047,1000.0,1000.0
