O^z,error,N,total_data
-0.03837277735072521,0.00022648591180979025,87.0,11136.0
