O^z,error,N,total_data
-0.1638734948664808,0.00031132536504163824,1000.0,32000.0
