O^z,error,N,total_data
-0.26743582021459156,0.0006006996163949532,1000.0,16000.0
