O^z,error,N,total_data
0.042607640727981934,0.00044941287859664926,1000.0,24000.0
