O^z,error,N,total_data
0.07135356675178746,0.0006669989018611088,1000.0,16000.0
