O^z,error,N,total_data
0.1358905059208595,0.003138351746641651,1000.0,1000.0
