O^z,error,N,total_data
0.028564074519415852,0.00033229767671970486,1000.0,32000.0
