O^z,error,N,total_data
-0.2755290363165943,0.0004485193270495224,1000.0,24000.0
