O^z,error,N,total_data
-0.31711944127770025,0.0005760932734801338,1000.0,16000.0
