O^z,error,N,total_data
-0.44055166795109996,0.0023313053336834946,1000.0,1000.0
