Jdis,O^z,error,N
2.0,0.00016042693010908312,2.0397084795592387e-05,10.0
