Jdis,O^z,error,N
2.0,7.320475006349502e-08,1.1265004652948898e-08,10.0
