Jdis,O^z,error,N
2.0,6.049449680153317e-11,1.0662648022752106e-11,10.0
