ZL,error,N
0.3127007821183162,0.01038566145435086,1000.0
