ZL,error,N
0.21899453915554673,0.010405431634963354,1000.0
