ZL,error,N
-0.12060430608526895,0.007338560810104497,1000.0
