ZL,error,N
0.07350721923139213,0.009973783451437753,1000.0
