Dimerization,O^z,error
0,0.09437839048283547,0.001632802464906902
