Dimerization,O^z,error
0,0.13101662901647057,0.0023619601385176767
