ZL,error,N
0.9022252483954325,1.300753609170486e-15,1000.0
