O^z,error,N,total_data
-0.07828253234955856,0.000632553433033962,1000.0,24000.0
