O^z,error,N,total_data
-0.05171441510925778,0.00044607666273316273,1000.0,32000.0
