O^z,error,N,total_data
-0.25262240478941644,0.005415033352276707,1000.0,1000.0
