O^z,error,N,total_data
-0.1261713588257112,0.0009797502117458124,1000.0,16000.0
