O^z,error,N,total_data
-0.1101981910723805,0.0003112333258993131,1000.0,48000.0
