O^z,error,N,total_data
-0.1474404049006253,0.0004445545149455479,1000.0,32000.0
