O^z,error,N,total_data
-0.05055413464316402,0.0002915495151449263,190.0,24200.0
