O^z,error,N,total_data
-0.36964422279740744,0.003986679709516301,1000.0,1000.0
