O^z,error,N,total_data
-0.23516464034447468,0.0008221841817168322,1000.0,16000.0
