O^z,error,N,total_data
-0.17897739734161655,0.0005741497394581372,1000.0,24000.0
