ZL,error,N
0.029913746716840564,0.002808579895058935,1000.0
