ZL,error,N
0.05576193063318498,0.002921764870077532,1000.0
