ZL,error,N
0.016258399414409527,0.0009422580895743561,7000.0
