ZL,error,N
0.02201304142608355,0.0026677395641570762,1000.0
