ZL,error,N
0.443019174821935,0.010349597509126394,1000.0
