ZL,error,N
-0.153297138378362,0.0042300589448276745,1000.0
