ZL,error,N
-0.044995318425430184,0.004046513435362381,1000.0
