ZL,error,N
-0.10629019900129,0.0042288820039065875,1000.0
