ZL,error,N
0.04543089687406302,0.003375256859627199,1000.0
