ZL,error,N
-0.08033824969831142,0.0019842343559030775,1000.0
