ZL,error,N
0.15451967563110283,0.005713780235962105,1000.0
