ZL,error,N
0.06964240884272734,0.005104994437870941,1000.0
