ZL,error,N
-0.02147027234592469,0.003946272781693705,1000.0
