ZL,error,N
0.11914021483867265,0.010024716126827003,1000.0
