ZL,error,N
0.19871885506564138,0.010519509130980821,1000.0
