ZL,error,N
-0.01578024245247097,0.008788214624362939,1000.0
