ZL,error,N
0.25050332105914636,0.010723409607326359,1000.0
