ZL,error,N
0.011088093718542897,0.0032914743704399434,1000.0
