ZL,error,N
-0.15135129998692273,0.0036270781449890305,1000.0
