ZL,error,N
-0.08932226484255691,0.0036700768262125133,1000.0
