ZL,error,N
-0.18802695100848005,0.0038832079608302436,1000.0
