ZL,error,N
0.0695310194019583,0.005058803313259474,1000.0
