ZL,error,N
-0.07670113795625619,0.002034171202794404,1000.0
