ZL,error,N
0.15243349070355056,0.005732181824040096,1000.0
