ZL,error,N
-0.019557530040051525,0.003963506353861213,1000.0
