O^z,error,N,total_data
0.10526858315653695,0.0017931397990729118,100.0,3200.0
