O^z,error,N,total_data
0.10382021634193749,0.0005426719237133636,1000.0,32000.0
