O^z,error,N,total_data
0.1461839710103156,0.0008151665411068456,1000.0,16000.0
