O^z,error,N,total_data
0.19768660267864377,0.003311170575562868,1000.0,1000.0
