O^z,error,N,total_data
0.11983221959292566,0.0006540896433138636,1000.0,24000.0
