ZL,error,N
0.8472557458634132,0.0001487896919645079,1000.0
