ZL,error,N
0.9397535866197338,7.374857098973913e-05,500.0
