ZL,error,N
0.6023047837370324,0.0004673002910129338,1000.0
