ZL,error,N
0.7794337230220323,0.0002385577418933709,1000.0
