ZL,error,N
0.9205522732700463,0.00010891837119156787,500.0
