ZL,error,N
0.8831953732695265,0.00011056653045010391,1000.0
