ZL,error,N
-0.10879903154891575,0.0030733719706707518,1000.0
