ZL,error,N
-0.08535327208725614,0.004117995761768861,1000.0
