ZL,error,N
-0.07106272210724954,0.0024274322764799064,1000.0
