ZL,error,N
-0.041478142396564846,0.005200621707412808,1000.0
