O^z,error,N,total_data
-0.04954043844184299,0.0004081781315249269,1000.0,32000.0
