O^z,error,N,total_data
-0.257396194397164,0.004643269196028703,1000.0,1000.0
