O^z,error,N,total_data
-0.17310518660389237,0.0011479633959387348,1000.0,12000.0
