O^z,error,N,total_data
-0.07540564152722404,0.0005597049067812577,1000.0,24000.0
