O^z,error,N,total_data
-0.12684995515865702,0.000884066824376824,1000.0,16000.0
