O^z,error,N,total_data
-0.09462701119943262,0.0006861973590496503,1000.0,20000.0
