O^z,error,N,total_data
-0.30149226962176834,0.0014343627683489908,1000.0,1000.0
