O^z,error,N,total_data
-0.055368561766368986,0.00025467261916545643,1000.0,24000.0
