O^z,error,N,total_data
-0.12462692358755652,0.0004274803879205434,1000.0,16000.0
