ZL,error,N
-0.08018540334584512,0.010598258282610002,1000.0
