ZL,error,N
-0.13396468344994325,0.009958332533515215,1000.0
