ZL,error,N
-0.19675825820895823,0.007847733881286428,1000.0
