ZL,error,N
-0.03720519583703478,0.010767422203860033,1000.0
