O^z,error,N,total_data
0.12425625160355393,0.0006605501635965415,1000.0,24000.0
