O^z,error,N,total_data
0.1488584283839169,0.0008245671122877237,1000.0,16000.0
