O^z,error,N,total_data
0.20061449384599928,0.0032985891858064134,1000.0,1000.0
