O^z,error,N,total_data
0.11171157810722442,0.0017817828911156244,100.0,3200.0
