O^z,error,N,total_data
0.10488991137525859,0.0005501909067187039,1000.0,32000.0
