ZL,error,N
-0.2604328685272197,0.0026363223464595372,1000.0
