ZL,error,N
-0.19234077268059205,0.0023734042237572675,1000.0
