ZL,error,N
-0.06756323412583203,0.002332888877606416,1000.0
