O^z,error,N,total_data
-0.07703675200807764,0.005229833586492116,996.0,996.0
