O^z,error,N,total_data
-0.020144155750006915,0.000719958993738407,990.0,15840.0
