O^z,error,N,total_data
-0.00392315984610494,0.0003555105116556849,934.0,29888.0
