O^z,error,N,total_data
-0.007621652035823694,0.00048267738409526437,969.0,23256.0
