O^z,error,N,total_data
-0.23625947415645454,0.0008091842922674181,1000.0,16000.0
