O^z,error,N,total_data
-0.3670833530327176,0.004025944941463388,1000.0,1000.0
