ZL,error,N
0.16460855939391095,0.004926672431690931,1000.0
