ZL,error,N
-0.06438178836849238,0.002133929009101869,1000.0
