ZL,error,N
0.2618892640535482,0.0053020173449767356,1000.0
