ZL,error,N
0.04939672703841748,0.004283326238264439,1000.0
