O^z,error,N,total_data
-0.15095956999059015,0.002490681216334009,1000.0,1000.0
