O^z,error,N,total_data
-0.01112129212682376,0.00015215347109560627,1000.0,24000.0
