O^z,error,N,total_data
-0.03750769841811613,0.0003570318406338606,1000.0,16000.0
