O^z,error,N,total_data
-2.8163156418833836e-05,4.8669600145155656e-05,1.0,24.0
