O^z,error,N,total_data
6.059237586307883e-06,2.813282828938902e-06,1000.0,32000.0
