O^z,error,N,total_data
-0.004635520601138701,0.00044264961355388623,896.0,21504.0
