O^z,error,N,total_data
-0.0033243295121555597,0.0003831212447416706,856.0,27392.0
