O^z,error,N,total_data
-0.013235595747914622,0.0007061810132391826,968.0,15488.0
