O^z,error,N,total_data
-0.06378087954407348,0.005037261790049657,989.0,989.0
