ZL,error,N
0.02957997858878085,0.00927036068048742,1000.0
