ZL,error,N
0.08100926840829453,0.009409977770874014,1000.0
