ZL,error,N
-0.06305800361156347,0.008120917140594118,1000.0
