ZL,error,N
0.12778682090940877,0.009671132423742224,1000.0
