O^z,error,N,total_data
0.1265092118463578,0.0007971188637333665,1000.0,16000.0
