O^z,error,N,total_data
0.0798211367068735,0.0005011024815441478,1000.0,32000.0
