O^z,error,N,total_data
0.0973923296786907,0.0006182726752870424,1000.0,24000.0
