O^z,error,N,total_data
0.18047050241193577,0.0033656303210801816,1000.0,1000.0
