O^z,error,N,total_data
0.07887031872666357,0.0016202494758791935,100.0,3200.0
