O^z,error,N,total_data
-0.06687004789144727,0.00031276448687155174,1000.0,24000.0
