O^z,error,N,total_data
-0.2991037523615743,0.002014812699527997,1000.0,1000.0
