O^z,error,N,total_data
-0.13746571372826744,0.0005214566051326038,1000.0,16000.0
