O^z,error,N,total_data
0.14152849346916208,0.0007974440360088417,1000.0,16000.0
