O^z,error,N,total_data
0.11334065139073209,0.000643154821262965,1000.0,24000.0
