O^z,error,N,total_data
0.0971726290041244,0.0005372982480358866,1000.0,32000.0
