O^z,error,N,total_data
0.191810578401346,0.0033528509103024975,1000.0,1000.0
