ZL,error,N
0.8547398670326252,0.00342128628448188,1000.0
