O^z,error,N,total_data
-0.03595220423670351,0.00016246957730366968,7000.0,224000.0
