O^z,error,N,total_data
-0.2144176535468949,0.005850117857637264,1000.0,1000.0
