O^z,error,N,total_data
-0.05446111301109369,0.000605620776551184,1000.0,24000.0
