O^z,error,N,total_data
-0.10027293584239053,0.0009852698962931857,1000.0,16000.0
