ZL,error,N
0.22709859428599638,0.010225586762992275,499.0
