O^z,error,N,total_data
-1.5119706671740846e-05,4.617359652871511e-06,1000.0,32000.0
