O^z,error,N,total_data
-0.05468276818544384,0.0007415842126437219,1000.0,16000.0
