O^z,error,N,total_data
-0.15425710650397198,0.005021803011276425,1000.0,1000.0
