O^z,error,N,total_data
-0.013393866146512492,0.000252685489978087,1000.0,32000.0
