O^z,error,N,total_data
-0.024145083813575025,0.00039873568062963354,1000.0,24000.0
