O^z,error,N,total_data
-0.024512381541860827,0.0004038450948631976,1000.0,32000.0
