ZL,error,N
0.12380964523805722,0.0032448380721609472,1000.0
