ZL,error,N
0.049208951890758974,0.004461052359750755,1000.0
