ZL,error,N
0.07947494598101433,0.004108098525067841,1000.0
