ZL,error,N
0.03280827937531901,0.0048223672415769765,1000.0
