O^z,error,N,total_data
-8.427271865118032e-08,5.7918255827323974e-08,1000.0,32000.0
