ZL,error,N
0.0023608487081051266,0.004062065746877924,245.0
