ZL,error,N
0.06137025466513188,0.01212870177404822,1000.0
