ZL,error,N
-0.034237058913588525,0.011248325852830105,1000.0
