ZL,error,N
0.12505015982484993,0.012593730994189103,1000.0
