ZL,error,N
-0.1510891888195304,0.008620460036463972,1000.0
