O^z,error,N,total_data
0.08997926332114252,0.0005997230505411153,1000.0,24000.0
