O^z,error,N,total_data
0.07275769029409924,0.0004923777011192477,1000.0,32000.0
