O^z,error,N,total_data
0.11962281261102675,0.0007850534523930008,1000.0,16000.0
