O^z,error,N,total_data
0.17531803342339158,0.0033741480430931952,1000.0,1000.0
