O^z,error,N,total_data
-0.07753142347346659,0.0004789426866892509,1000.0,32000.0
