O^z,error,N,total_data
-0.16165146159761437,0.0009458340697975713,1000.0,16000.0
