O^z,error,N,total_data
-0.29247075493157604,0.004706669925195944,1000.0,1000.0
