O^z,error,N,total_data
-0.10661088708014009,0.0006428929063128477,1000.0,24000.0
