O^z,error,N,total_data
-0.136600915578218,0.0006566176196620753,1000.0,24000.0
