O^z,error,N,total_data
-0.1050084555180116,0.0005024736957439344,1000.0,32000.0
