O^z,error,N,total_data
-0.326168841540667,0.004375591781514897,1000.0,1000.0
