O^z,error,N,total_data
-0.23857553493637484,0.0011715996703540357,1000.0,12000.0
