O^z,error,N,total_data
-0.1206016974310553,0.0005727057659304494,1000.0,28000.0
