O^z,error,N,total_data
-0.1937294690325,0.0009141911051776266,1000.0,16000.0
