O^z,error,N,total_data
-0.15959220388535064,0.0007571550773016473,1000.0,20000.0
