ZL,error,N
-0.7324019388380266,0.0022680623611135535,1000.0
