ZL,error,N
-0.5861994832215293,0.0026514776601189844,1000.0
