ZL,error,N
-0.7992714193489385,0.0016369600446461431,1000.0
