ZL,error,N
-0.8369901767528662,0.0013663764260767506,1000.0
