O^z,error,N,total_data
-0.33917430789750985,0.00467155929318178,1000.0,1000.0
