O^z,error,N,total_data
-0.12413946669516049,0.0004876631484213473,1000.0,32000.0
