O^z,error,N,total_data
-0.156389487662173,0.0006364687690545957,1000.0,24000.0
