O^z,error,N,total_data
-0.21204464531156964,0.0009108928206901687,1000.0,16000.0
