O^z,error,N,total_data
-1.5671279201890902e-06,8.382154283771386e-07,998.0,31936.0
