ZL,error,N
-0.05325046369965139,0.004397845608542927,1000.0
