ZL,error,N
-0.08340087506013548,0.002173812119964694,1000.0
