ZL,error,N
-0.09776066777784762,0.003219871913441007,1000.0
