O^z,error,N,total_data
0.010559704093607186,0.00019880940718770298,1000.0,32000.0
