ZL,error,N
0.011722475927923331,0.002967470457819843,978.0
