ZL,error,N
0.0008245973661926082,0.0022587311618980335,997.0
