ZL,error,N
0.012020866756029534,0.002738045887853387,995.0
