ZL,error,N
0.018232872611073373,0.0034298984522128637,976.0
